/**
 * @file mui_font_harmony_os_medium_38.c
 * @brief LVGL 转换字体：harmony_os_medium_38（38px，8bpp，映射 1 段：0020-007E）
 * 由 tools/mui_tools.html 生成，勿手工修改
 */

#include "mui_font.h"
#include "mui_font_harmony_os_medium_38.h"

/* -------- 字形位图（44659 字节） -------- */
static const uint8_t harmony_os_medium_38_bitmap[] = {
    0x69,0xff,0xff,0xff,0xa3,0x00,0x61,0xff,0xff,0xff,0x9c,0x00,0x5a,0xff,0xff,0xff,
    0x95,0x00,0x53,0xff,0xff,0xff,0x8e,0x00,0x4c,0xff,0xff,0xff,0x87,0x00,0x44,0xff,
    0xff,0xff,0x7f,0x00,0x3d,0xff,0xff,0xff,0x78,0x00,0x36,0xff,0xff,0xff,0x71,0x00,
    0x2f,0xff,0xff,0xff,0x6a,0x00,0x27,0xff,0xff,0xff,0x62,0x00,0x20,0xff,0xff,0xff,
    0x5b,0x00,0x19,0xff,0xff,0xff,0x54,0x00,0x12,0xff,0xff,0xff,0x4d,0x00,0x0a,0xff,
    0xff,0xff,0x45,0x00,0x03,0xff,0xff,0xff,0x3e,0x00,0x00,0xfc,0xff,0xff,0x37,0x00,
    0x00,0xf5,0xff,0xff,0x30,0x00,0x00,0xed,0xff,0xff,0x28,0x00,0x00,0xe6,0xff,0xff,
    0x21,0x00,0x00,0xdf,0xff,0xff,0x1a,0x00,0x00,0x62,0x74,0x74,0x09,0x00,0x00,0x00,
    0x00,0x00,0x00,0x00,0x00,0x00,0x00,0x00,0x00,0x00,0x0d,0xa5,0xee,0xc6,0x2b,0x00,
    0x8f,0xff,0xff,0xff,0xdb,0x00,0xc8,0xff,0xff,0xff,0xff,0x17,0x92,0xff,0xff,0xff,
    0xe0,0x01,0x0e,0xa9,0xf3,0xcd,0x32,0x00,0xda,0xe8,0xe8,0x7d,0x00,0x00,0x3b,0xe8,
    0xe8,0xe8,0x34,0xec,0xff,0xff,0x86,0x00,0x00,0x3d,0xff,0xff,0xff,0x34,0xe6,0xff,
    0xff,0x82,0x00,0x00,0x37,0xff,0xff,0xff,0x2f,0xe0,0xff,0xff,0x7e,0x00,0x00,0x32,
    0xff,0xff,0xff,0x2b,0xda,0xff,0xff,0x7a,0x00,0x00,0x2d,0xff,0xff,0xff,0x26,0xd4,
    0xff,0xff,0x76,0x00,0x00,0x28,0xff,0xff,0xff,0x21,0xce,0xff,0xff,0x72,0x00,0x00,
    0x22,0xff,0xff,0xff,0x1c,0xc8,0xff,0xff,0x6e,0x00,0x00,0x1d,0xff,0xff,0xff,0x17,
    0xc2,0xff,0xff,0x6a,0x00,0x00,0x18,0xff,0xff,0xff,0x12,0xbb,0xff,0xff,0x66,0x00,
    0x00,0x13,0xff,0xff,0xff,0x0e,0x00,0x00,0x00,0x00,0x00,0x00,0x00,0x00,0x00,0xba,
    0xff,0xff,0xe2,0x00,0x00,0x00,0x00,0x00,0x6a,0xff,0xff,0xff,0x32,0x00,0x00,0x00,
    0x00,0x00,0x00,0x00,0x00,0x00,0x00,0x02,0xf1,0xff,0xff,0xa8,0x00,0x00,0x00,0x00,
    0x00,0xa4,0xff,0xff,0xf3,0x03,0x00,0x00,0x00,0x00,0x00,0x00,0x00,0x00,0x00,0x00,
    0x2e,0xff,0xff,0xff,0x6e,0x00,0x00,0x00,0x00,0x00,0xdf,0xff,0xff,0xbc,0x00,0x00,
    0x00,0x00,0x00,0x00,0x00,0x00,0x00,0x00,0x00,0x68,0xff,0xff,0xff,0x33,0x00,0x00,
    0x00,0x00,0x1a,0xff,0xff,0xff,0x81,0x00,0x00,0x00,0x00,0x00,0x00,0x00,0x00,0x00,
    0x00,0x00,0xa3,0xff,0xff,0xf5,0x04,0x00,0x00,0x00,0x00,0x55,0xff,0xff,0xff,0x46,
    0x00,0x00,0x00,0x00,0x00,0x00,0x00,0x00,0x00,0x00,0x00,0xdd,0xff,0xff,0xbf,0x00,
    0x00,0x00,0x00,0x00,0x90,0xff,0xff,0xfd,0x0e,0x00,0x00,0x00,0x00,0x00,0x00,0x00,
    0x00,0x00,0x00,0x17,0xff,0xff,0xff,0x85,0x00,0x00,0x00,0x00,0x00,0xcb,0xff,0xff,
    0xd1,0x00,0x00,0x00,0x00,0x00,0x00,0x00,0xec,0xff,0xff,0xff,0xff,0xff,0xff,0xff,
    0xff,0xff,0xff,0xff,0xff,0xff,0xff,0xff,0xff,0xff,0xff,0xff,0xff,0x98,0x00,0x00,
    0x00,0xec,0xff,0xff,0xff,0xff,0xff,0xff,0xff,0xff,0xff,0xff,0xff,0xff,0xff,0xff,
    0xff,0xff,0xff,0xff,0xff,0xff,0x98,0x00,0x00,0x00,0xec,0xff,0xff,0xff,0xff,0xff,
    0xff,0xff,0xff,0xff,0xff,0xff,0xff,0xff,0xff,0xff,0xff,0xff,0xff,0xff,0xff,0x98,
    0x00,0x00,0x00,0x76,0x80,0x80,0x89,0xff,0xff,0xff,0xc0,0x80,0x80,0x80,0x80,0x80,
    0xdb,0xff,0xff,0xe8,0x80,0x80,0x80,0x80,0x4c,0x00,0x00,0x00,0x00,0x00,0x00,0x3f,
    0xff,0xff,0xff,0x54,0x00,0x00,0x00,0x00,0x00,0xe3,0xff,0xff,0xa4,0x00,0x00,0x00,
    0x00,0x00,0x00,0x00,0x00,0x00,0x00,0x00,0x7b,0xff,0xff,0xff,0x18,0x00,0x00,0x00,
    0x00,0x20,0xff,0xff,0xff,0x6a,0x00,0x00,0x00,0x00,0x00,0x00,0x00,0x00,0x00,0x00,
    0x00,0xb6,0xff,0xff,0xdc,0x00,0x00,0x00,0x00,0x00,0x5c,0xff,0xff,0xff,0x2f,0x00,
    0x00,0x00,0x00,0x00,0x00,0x00,0x00,0x00,0x00,0x01,0xef,0xff,0xff,0xa0,0x00,0x00,
    0x00,0x00,0x00,0x97,0xff,0xff,0xf2,0x02,0x00,0x00,0x00,0x00,0x00,0x00,0x00,0x00,
    0x00,0x00,0x2c,0xff,0xff,0xff,0x65,0x00,0x00,0x00,0x00,0x00,0xd3,0xff,0xff,0xba,
    0x00,0x00,0x00,0x00,0x00,0x00,0x00,0x00,0x00,0x00,0x00,0x67,0xff,0xff,0xff,0x29,
    0x00,0x00,0x00,0x00,0x10,0xfe,0xff,0xff,0x7f,0x00,0x00,0x00,0x00,0x00,0x00,0x00,
    0x00,0x00,0x00,0x00,0xa2,0xff,0xff,0xec,0x01,0x00,0x00,0x00,0x00,0x4a,0xff,0xff,
    0xff,0x45,0x00,0x00,0x00,0x00,0x00,0x00,0x80,0xff,0xff,0xff,0xff,0xff,0xff,0xff,
    0xff,0xff,0xff,0xff,0xff,0xff,0xff,0xff,0xff,0xff,0xff,0xff,0xff,0xff,0x0c,0x00,
    0x00,0x80,0xff,0xff,0xff,0xff,0xff,0xff,0xff,0xff,0xff,0xff,0xff,0xff,0xff,0xff,
    0xff,0xff,0xff,0xff,0xff,0xff,0xff,0x0c,0x00,0x00,0x80,0xff,0xff,0xff,0xff,0xff,
    0xff,0xff,0xff,0xff,0xff,0xff,0xff,0xff,0xff,0xff,0xff,0xff,0xff,0xff,0xff,0xff,
    0x0c,0x00,0x00,0x46,0x8c,0x8c,0x8c,0xd7,0xff,0xff,0xfb,0x8c,0x8c,0x8c,0x8c,0x8c,
    0xb3,0xff,0xff,0xff,0xab,0x8c,0x8c,0x8c,0x8c,0x06,0x00,0x00,0x00,0x00,0x00,0x00,
    0xd4,0xff,0xff,0xc7,0x00,0x00,0x00,0x00,0x00,0x84,0xff,0xff,0xff,0x18,0x00,0x00,
    0x00,0x00,0x00,0x00,0x00,0x00,0x00,0x00,0x14,0xfe,0xff,0xff,0x88,0x00,0x00,0x00,
    0x00,0x00,0xc4,0xff,0xff,0xd8,0x00,0x00,0x00,0x00,0x00,0x00,0x00,0x00,0x00,0x00,
    0x00,0x53,0xff,0xff,0xff,0x48,0x00,0x00,0x00,0x00,0x09,0xf9,0xff,0xff,0x98,0x00,
    0x00,0x00,0x00,0x00,0x00,0x00,0x00,0x00,0x00,0x00,0x92,0xff,0xff,0xfc,0x0d,0x00,
    0x00,0x00,0x00,0x42,0xff,0xff,0xff,0x59,0x00,0x00,0x00,0x00,0x00,0x00,0x00,0x00,
    0x00,0x00,0x00,0xd1,0xff,0xff,0xca,0x00,0x00,0x00,0x00,0x00,0x81,0xff,0xff,0xff,
    0x1a,0x00,0x00,0x00,0x00,0x00,0x00,0x00,0x00,0x00,0x00,0x12,0xfe,0xff,0xff,0x8b,
    0x00,0x00,0x00,0x00,0x00,0xc0,0xff,0xff,0xdb,0x00,0x00,0x00,0x00,0x00,0x00,0x00,
    0x00,0x00,0x00,0x00,0x00,0x00,0x00,0x00,0x00,0x00,0x00,0x6c,0xff,0xff,0xff,0x24,
    0x00,0x00,0x00,0x00,0x00,0x00,0x00,0x00,0x00,0x00,0x00,0x00,0x00,0x00,0x00,0x00,
    0x6c,0xff,0xff,0xff,0x24,0x00,0x00,0x00,0x00,0x00,0x00,0x00,0x00,0x00,0x00,0x00,
    0x00,0x00,0x00,0x00,0x00,0x6c,0xff,0xff,0xff,0x24,0x00,0x00,0x00,0x00,0x00,0x00,
    0x00,0x00,0x00,0x00,0x00,0x00,0x00,0x00,0x00,0x00,0x6c,0xff,0xff,0xff,0x24,0x00,
    0x00,0x00,0x00,0x00,0x00,0x00,0x00,0x00,0x00,0x00,0x00,0x00,0x00,0x00,0x0c,0x88,
    0xff,0xff,0xff,0x45,0x01,0x00,0x00,0x00,0x00,0x00,0x00,0x00,0x00,0x00,0x00,0x00,
    0x04,0x63,0xc4,0xfd,0xff,0xff,0xff,0xff,0xff,0xec,0x95,0x20,0x00,0x00,0x00,0x00,
    0x00,0x00,0x00,0x00,0x2e,0xd7,0xff,0xff,0xff,0xff,0xff,0xff,0xff,0xff,0xff,0xff,
    0xf9,0x72,0x00,0x00,0x00,0x00,0x00,0x00,0x39,0xf5,0xff,0xff,0xff,0xff,0xff,0xff,
    0xff,0xff,0xff,0xff,0xff,0xff,0xff,0x92,0x00,0x00,0x00,0x00,0x0e,0xe8,0xff,0xff,
    0xff,0xfd,0xb9,0xaf,0xff,0xff,0xff,0xce,0xff,0xff,0xff,0xff,0xff,0x64,0x00,0x00,
    0x00,0x7c,0xff,0xff,0xff,0xe5,0x3d,0x00,0x64,0xff,0xff,0xff,0x1c,0x36,0xdd,0xff,
    0xff,0xff,0xea,0x0a,0x00,0x00,0xce,0xff,0xff,0xff,0x3f,0x00,0x00,0x64,0xff,0xff,
    0xff,0x1c,0x00,0x15,0xe2,0xff,0xff,0xff,0x4f,0x00,0x00,0xf9,0xff,0xff,0xe6,0x00,
    0x00,0x00,0x64,0xff,0xff,0xff,0x1c,0x00,0x00,0x44,0xff,0xf2,0x73,0x04,0x00,0x0b,
    0xff,0xff,0xff,0xdd,0x00,0x00,0x00,0x64,0xff,0xff,0xff,0x1c,0x00,0x00,0x00,0x84,
    0x19,0x00,0x00,0x00,0x02,0xfb,0xff,0xff,0xfe,0x17,0x00,0x00,0x64,0xff,0xff,0xff,
    0x1c,0x00,0x00,0x00,0x00,0x00,0x00,0x00,0x00,0x00,0xcb,0xff,0xff,0xff,0xb1,0x05,
    0x00,0x64,0xff,0xff,0xff,0x1c,0x00,0x00,0x00,0x00,0x00,0x00,0x00,0x00,0x00,0x6b,
    0xff,0xff,0xff,0xff,0xc9,0x35,0x64,0xff,0xff,0xff,0x1c,0x00,0x00,0x00,0x00,0x00,
    0x00,0x00,0x00,0x00,0x04,0xbf,0xff,0xff,0xff,0xff,0xff,0xe5,0xff,0xff,0xff,0x1c,
    0x00,0x00,0x00,0x00,0x00,0x00,0x00,0x00,0x00,0x00,0x0f,0xc5,0xff,0xff,0xff,0xff,
    0xff,0xff,0xff,0xff,0x64,0x08,0x00,0x00,0x00,0x00,0x00,0x00,0x00,0x00,0x00,0x00,
    0x04,0x7c,0xf1,0xff,0xff,0xff,0xff,0xff,0xff,0xff,0xef,0x92,0x1e,0x00,0x00,0x00,
    0x00,0x00,0x00,0x00,0x00,0x00,0x00,0x0f,0x73,0xd2,0xff,0xff,0xff,0xff,0xff,0xff,
    0xff,0xfb,0x8a,0x07,0x00,0x00,0x00,0x00,0x00,0x00,0x00,0x00,0x00,0x00,0x00,0x75,
    0xff,0xff,0xff,0xff,0xff,0xff,0xff,0xff,0xca,0x0d,0x00,0x00,0x00,0x00,0x00,0x00,
    0x00,0x00,0x00,0x00,0x64,0xff,0xff,0xff,0xad,0xfa,0xff,0xff,0xff,0xff,0xb8,0x00,
    0x00,0x00,0x00,0x00,0x00,0x00,0x00,0x00,0x00,0x64,0xff,0xff,0xff,0x1c,0x1f,0xc3,
    0xff,0xff,0xff,0xff,0x4d,0x00,0x00,0x00,0x02,0x01,0x00,0x00,0x00,0x00,0x64,0xff,
    0xff,0xff,0x1c,0x00,0x04,0xc9,0xff,0xff,0xff,0xa0,0x00,0x00,0x3a,0xcd,0x50,0x00,
    0x00,0x00,0x00,0x64,0xff,0xff,0xff,0x1c,0x00,0x00,0x49,0xff,0xff,0xff,0xc8,0x04,
    0xa1,0xfe,0xff,0xc5,0x00,0x00,0x00,0x00,0x64,0xff,0xff,0xff,0x1c,0x00,0x00,0x23,
    0xff,0xff,0xff,0xcc,0x00,0xd5,0xff,0xff,0xff,0x70,0x00,0x00,0x00,0x64,0xff,0xff,
    0xff,0x1c,0x00,0x00,0x44,0xff,0xff,0xff,0xb5,0x00,0x6d,0xff,0xff,0xff,0xfb,0x5a,
    0x00,0x00,0x64,0xff,0xff,0xff,0x1c,0x00,0x00,0xb9,0xff,0xff,0xff,0x7b,0x00,0x06,
    0xd7,0xff,0xff,0xff,0xff,0xa5,0x32,0x64,0xff,0xff,0xff,0x1c,0x21,0xb0,0xff,0xff,
    0xff,0xfa,0x22,0x00,0x00,0x2c,0xf0,0xff,0xff,0xff,0xff,0xff,0xf3,0xff,0xff,0xff,
    0xdf,0xff,0xff,0xff,0xff,0xff,0x8a,0x00,0x00,0x00,0x00,0x32,0xe4,0xff,0xff,0xff,
    0xff,0xff,0xff,0xff,0xff,0xff,0xff,0xff,0xff,0xff,0xaf,0x03,0x00,0x00,0x00,0x00,
    0x00,0x11,0x99,0xfa,0xff,0xff,0xff,0xff,0xff,0xff,0xff,0xff,0xff,0xf4,0x7b,0x02,
    0x00,0x00,0x00,0x00,0x00,0x00,0x00,0x00,0x1c,0x76,0xbc,0xf0,0xff,0xff,0xff,0xe5,
    0xb6,0x6e,0x16,0x00,0x00,0x00,0x00,0x00,0x00,0x00,0x00,0x00,0x00,0x00,0x00,0x00,
    0x6c,0xff,0xff,0xff,0x24,0x00,0x00,0x00,0x00,0x00,0x00,0x00,0x00,0x00,0x00,0x00,
    0x00,0x00,0x00,0x00,0x00,0x6c,0xff,0xff,0xff,0x24,0x00,0x00,0x00,0x00,0x00,0x00,
    0x00,0x00,0x00,0x00,0x00,0x00,0x00,0x00,0x00,0x00,0x6c,0xff,0xff,0xff,0x24,0x00,
    0x00,0x00,0x00,0x00,0x00,0x00,0x00,0x00,0x00,0x00,0x00,0x00,0x00,0x00,0x00,0x6c,
    0xff,0xff,0xff,0x24,0x00,0x00,0x00,0x00,0x00,0x00,0x00,0x00,0x00,0x00,0x00,0x00,
    0x00,0x00,0x00,0x00,0x6c,0xff,0xff,0xff,0x24,0x00,0x00,0x00,0x00,0x00,0x00,0x00,
    0x00,0x00,0x00,0x14,0x7a,0xcd,0xef,0xf3,0xd4,0x86,0x1e,0x00,0x00,0x00,0x00,0x00,
    0x00,0x00,0x00,0x00,0x05,0xd7,0xff,0xff,0xff,0x3c,0x00,0x00,0x00,0x00,0x00,0x00,
    0x40,0xe7,0xff,0xff,0xff,0xff,0xff,0xff,0xf1,0x56,0x00,0x00,0x00,0x00,0x00,0x00,
    0x00,0x00,0x74,0xff,0xff,0xff,0xa4,0x00,0x00,0x00,0x00,0x00,0x00,0x28,0xf1,0xff,
    0xff,0xff,0xff,0xff,0xff,0xff,0xff,0xfb,0x3f,0x00,0x00,0x00,0x00,0x00,0x00,0x19,
    0xf2,0xff,0xff,0xf2,0x19,0x00,0x00,0x00,0x00,0x00,0x00,0xb0,0xff,0xff,0xff,0x9e,
    0x3a,0x34,0x87,0xfb,0xff,0xff,0xcf,0x00,0x00,0x00,0x00,0x00,0x00,0xa4,0xff,0xff,
    0xff,0x74,0x00,0x00,0x00,0x00,0x00,0x00,0x12,0xfd,0xff,0xff,0xa5,0x00,0x00,0x00,
    0x00,0x7a,0xff,0xff,0xff,0x2e,0x00,0x00,0x00,0x00,0x3c,0xff,0xff,0xff,0xd7,0x05,
    0x00,0x00,0x00,0x00,0x00,0x00,0x35,0xff,0xff,0xff,0x49,0x00,0x00,0x00,0x00,0x1b,
    0xff,0xff,0xff,0x54,0x00,0x00,0x00,0x03,0xd0,0xff,0xff,0xff,0x45,0x00,0x00,0x00,
    0x00,0x00,0x00,0x00,0x3a,0xff,0xff,0xff,0x42,0x00,0x00,0x00,0x00,0x13,0xff,0xff,
    0xff,0x5a,0x00,0x00,0x00,0x6c,0xff,0xff,0xff,0xad,0x00,0x00,0x00,0x00,0x00,0x00,
    0x00,0x00,0x19,0xff,0xff,0xff,0x90,0x00,0x00,0x00,0x00,0x65,0xff,0xff,0xff,0x38,
    0x00,0x00,0x14,0xee,0xff,0xff,0xf6,0x1f,0x00,0x00,0x00,0x00,0x00,0x00,0x00,0x00,
    0x00,0xc4,0xff,0xff,0xfc,0x7b,0x19,0x13,0x65,0xf3,0xff,0xff,0xe0,0x03,0x00,0x00,
    0x9b,0xff,0xff,0xff,0x7e,0x00,0x00,0x00,0x00,0x00,0x00,0x00,0x00,0x00,0x00,0x40,
    0xfc,0xff,0xff,0xff,0xff,0xff,0xff,0xff,0xff,0xff,0x5d,0x00,0x00,0x34,0xfd,0xff,
    0xff,0xde,0x08,0x00,0x00,0x00,0x00,0x00,0x00,0x00,0x00,0x00,0x00,0x00,0x62,0xf9,
    0xff,0xff,0xff,0xff,0xff,0xff,0xfe,0x7f,0x00,0x00,0x01,0xc8,0xff,0xff,0xff,0x4e,
    0x00,0x00,0x00,0x00,0x00,0x00,0x00,0x00,0x00,0x00,0x00,0x00,0x00,0x2e,0xa7,0xf6,
    0xff,0xff,0xfb,0xb3,0x3e,0x00,0x00,0x00,0x63,0xff,0xff,0xff,0xb7,0x00,0x00,0x00,
    0x00,0x00,0x00,0x00,0x00,0x00,0x00,0x00,0x00,0x00,0x00,0x00,0x00,0x03,0x1c,0x1f,
    0x05,0x00,0x00,0x00,0x00,0x10,0xea,0xff,0xff,0xf9,0x26,0x00,0x00,0x00,0x00,0x00,
    0x00,0x00,0x00,0x00,0x00,0x00,0x00,0x00,0x00,0x00,0x00,0x00,0x00,0x00,0x00,0x00,
    0x00,0x00,0x00,0x93,0xff,0xff,0xff,0x87,0x00,0x00,0x00,0x00,0x00,0x00,0x00,0x00,
    0x00,0x00,0x00,0x00,0x00,0x00,0x00,0x00,0x00,0x00,0x00,0x00,0x00,0x00,0x00,0x00,
    0x2d,0xfc,0xff,0xff,0xe4,0x0b,0x00,0x00,0x00,0x00,0x00,0x00,0x00,0x00,0x00,0x00,
    0x00,0x00,0x00,0x00,0x00,0x00,0x00,0x00,0x00,0x00,0x00,0x00,0x00,0x00,0xc1,0xff,
    0xff,0xff,0x58,0x00,0x00,0x04,0x5f,0xbe,0xe8,0xf6,0xd9,0x94,0x2a,0x00,0x00,0x00,
    0x00,0x00,0x00,0x00,0x00,0x00,0x00,0x00,0x00,0x00,0x00,0x5a,0xff,0xff,0xff,0xc0,
    0x00,0x00,0x18,0xc4,0xff,0xff,0xff,0xff,0xff,0xff,0xf9,0x6d,0x00,0x00,0x00,0x00,
    0x00,0x00,0x00,0x00,0x00,0x00,0x00,0x00,0x0c,0xe5,0xff,0xff,0xfc,0x2c,0x00,0x05,
    0xc5,0xff,0xff,0xff,0xff,0xff,0xff,0xff,0xff,0xff,0x56,0x00,0x00,0x00,0x00,0x00,
    0x00,0x00,0x00,0x00,0x00,0x00,0x8a,0xff,0xff,0xff,0x91,0x00,0x00,0x67,0xff,0xff,
    0xff,0xd4,0x51,0x38,0x81,0xfb,0xff,0xff,0xeb,0x07,0x00,0x00,0x00,0x00,0x00,0x00,
    0x00,0x00,0x00,0x27,0xfa,0xff,0xff,0xe9,0x0f,0x00,0x00,0xcb,0xff,0xff,0xe8,0x0f,
    0x00,0x00,0x00,0x6b,0xff,0xff,0xff,0x57,0x00,0x00,0x00,0x00,0x00,0x00,0x00,0x00,
    0x00,0xb9,0xff,0xff,0xff,0x61,0x00,0x00,0x01,0xf8,0xff,0xff,0x88,0x00,0x00,0x00,
    0x00,0x03,0xf6,0xff,0xff,0x85,0x00,0x00,0x00,0x00,0x00,0x00,0x00,0x00,0x51,0xff,
    0xff,0xff,0xc8,0x01,0x00,0x00,0x10,0xff,0xff,0xff,0x69,0x00,0x00,0x00,0x00,0x00,
    0xda,0xff,0xff,0x9c,0x00,0x00,0x00,0x00,0x00,0x00,0x00,0x09,0xdf,0xff,0xff,0xfd,
    0x34,0x00,0x00,0x00,0x01,0xf8,0xff,0xff,0x87,0x00,0x00,0x00,0x00,0x02,0xf5,0xff,
    0xff,0x85,0x00,0x00,0x00,0x00,0x00,0x00,0x00,0x81,0xff,0xff,0xff,0x9a,0x00,0x00,
    0x00,0x00,0x00,0xcb,0xff,0xff,0xe6,0x0e,0x00,0x00,0x00,0x68,0xff,0xff,0xff,0x57,
    0x00,0x00,0x00,0x00,0x00,0x00,0x21,0xf7,0xff,0xff,0xee,0x14,0x00,0x00,0x00,0x00,
    0x00,0x67,0xff,0xff,0xff,0xd3,0x54,0x3b,0x82,0xfa,0xff,0xff,0xeb,0x07,0x00,0x00,
    0x00,0x00,0x00,0x00,0xb1,0xff,0xff,0xff,0x6b,0x00,0x00,0x00,0x00,0x00,0x00,0x05,
    0xc5,0xff,0xff,0xff,0xff,0xff,0xff,0xff,0xff,0xff,0x56,0x00,0x00,0x00,0x00,0x00,
    0x00,0x48,0xff,0xff,0xff,0xd0,0x03,0x00,0x00,0x00,0x00,0x00,0x00,0x00,0x17,0xc3,
    0xff,0xff,0xff,0xff,0xff,0xff,0xf9,0x6c,0x00,0x00,0x00,0x00,0x00,0x00,0x06,0xd9,
    0xff,0xff,0xff,0x3c,0x00,0x00,0x00,0x00,0x00,0x00,0x00,0x00,0x00,0x04,0x60,0xbe,
    0xe9,0xf6,0xda,0x95,0x2a,0x00,0x00,0x00,0x00,0x00,0x00,0x00,0x00,0x00,0x00,0x00,
    0x00,0x31,0x5d,0x76,0x6d,0x52,0x14,0x00,0x00,0x00,0x00,0x00,0x00,0x00,0x00,0x00,
    0x00,0x00,0x00,0x00,0x00,0x00,0x00,0x00,0x00,0x01,0x66,0xdd,0xff,0xff,0xff,0xff,
    0xff,0xfa,0xad,0x1e,0x00,0x00,0x00,0x00,0x00,0x00,0x00,0x00,0x00,0x00,0x00,0x00,
    0x00,0x00,0x00,0x08,0xbb,0xff,0xff,0xff,0xff,0xff,0xff,0xff,0xff,0xff,0xf0,0x3e,
    0x00,0x00,0x00,0x00,0x00,0x00,0x00,0x00,0x00,0x00,0x00,0x00,0x00,0x00,0xad,0xff,
    0xff,0xff,0xff,0xff,0xff,0xff,0xff,0xff,0xff,0xff,0xea,0x1a,0x00,0x00,0x00,0x00,
    0x00,0x00,0x00,0x00,0x00,0x00,0x00,0x00,0x4b,0xff,0xff,0xff,0xff,0xb6,0x37,0x0c,
    0x1f,0x79,0xf9,0xff,0xff,0xff,0x8b,0x00,0x00,0x00,0x00,0x00,0x00,0x00,0x00,0x00,
    0x00,0x00,0x00,0xa8,0xff,0xff,0xff,0xc0,0x02,0x00,0x00,0x00,0x00,0x7d,0xff,0xff,
    0xff,0xe5,0x00,0x00,0x00,0x00,0x00,0x00,0x00,0x00,0x00,0x00,0x00,0x00,0xd8,0xff,
    0xff,0xff,0x59,0x00,0x00,0x00,0x00,0x00,0x26,0xff,0xff,0xff,0xff,0x0a,0x00,0x00,
    0x00,0x00,0x00,0x00,0x00,0x00,0x00,0x00,0x00,0xe1,0xff,0xff,0xff,0x3d,0x00,0x00,
    0x00,0x00,0x00,0x15,0xff,0xff,0xff,0xff,0x0d,0x00,0x00,0x00,0x00,0x00,0x00,0x00,
    0x00,0x00,0x00,0x00,0xca,0xff,0xff,0xff,0x68,0x00,0x00,0x00,0x00,0x00,0x52,0xff,
    0xff,0xff,0xe9,0x00,0x00,0x00,0x00,0x00,0x00,0x00,0x00,0x00,0x00,0x00,0x00,0x8e,
    0xff,0xff,0xff,0xcd,0x01,0x00,0x00,0x00,0x11,0xd9,0xff,0xff,0xff,0x8e,0x00,0x00,
    0x00,0x00,0x00,0x00,0x00,0x00,0x00,0x00,0x00,0x00,0x2e,0xfe,0xff,0xff,0xff,0x67,
    0x00,0x00,0x2b,0xd6,0xff,0xff,0xff,0xe6,0x18,0x00,0x00,0x00,0x00,0x00,0x00,0x00,
    0x00,0x00,0x00,0x00,0x00,0x00,0x9d,0xff,0xff,0xff,0xf6,0x3c,0x87,0xf9,0xff,0xff,
    0xff,0xed,0x36,0x00,0x00,0x00,0x00,0x00,0x00,0x00,0x00,0x00,0x00,0x00,0x00,0x00,
    0x00,0x11,0xe1,0xff,0xff,0xff,0xff,0xff,0xff,0xff,0xff,0xcb,0x24,0x00,0x00,0x00,
    0x00,0x00,0x00,0x00,0x00,0x00,0x00,0x00,0x00,0x00,0x00,0x00,0x00,0x48,0xff,0xff,
    0xff,0xff,0xff,0xff,0xec,0x6d,0x03,0x00,0x00,0x00,0x00,0x45,0x58,0x58,0x58,0x0a,
    0x00,0x00,0x00,0x00,0x00,0x00,0x02,0x6c,0xeb,0xff,0xff,0xff,0xff,0xff,0xec,0x16,
    0x00,0x00,0x00,0x00,0x00,0x00,0xe4,0xff,0xff,0xf9,0x05,0x00,0x00,0x00,0x00,0x00,
    0x1b,0xc5,0xff,0xff,0xff,0xff,0xff,0xff,0xff,0xff,0xaf,0x04,0x00,0x00,0x00,0x00,
    0x0d,0xfe,0xff,0xff,0xcf,0x00,0x00,0x00,0x00,0x00,0x2a,0xe7,0xff,0xff,0xff,0xfb,
    0x89,0x74,0xff,0xff,0xff,0xff,0xa4,0x01,0x00,0x00,0x00,0x44,0xff,0xff,0xff,0x9a,
    0x00,0x00,0x00,0x00,0x13,0xe4,0xff,0xff,0xff,0xe7,0x34,0x00,0x00,0x7d,0xff,0xff,
    0xff,0xff,0x97,0x00,0x00,0x00,0x85,0xff,0xff,0xff,0x54,0x00,0x00,0x00,0x00,0x99,
    0xff,0xff,0xff,0xe6,0x23,0x00,0x00,0x00,0x00,0x8a,0xff,0xff,0xff,0xff,0x8a,0x00,
    0x00,0xd7,0xff,0xff,0xfb,0x10,0x00,0x00,0x00,0x0a,0xf7,0xff,0xff,0xff,0x54,0x00,
    0x00,0x00,0x00,0x00,0x00,0x99,0xff,0xff,0xff,0xff,0x7d,0x3a,0xff,0xff,0xff,0xb0,
    0x00,0x00,0x00,0x00,0x40,0xff,0xff,0xff,0xf1,0x03,0x00,0x00,0x00,0x00,0x00,0x00,
    0x02,0xa5,0xff,0xff,0xff,0xff,0xde,0xff,0xff,0xff,0x4b,0x00,0x00,0x00,0x00,0x5d,
    0xff,0xff,0xff,0xcf,0x00,0x00,0x00,0x00,0x00,0x00,0x00,0x00,0x04,0xb1,0xff,0xff,
    0xff,0xff,0xff,0xff,0xd6,0x02,0x00,0x00,0x00,0x00,0x62,0xff,0xff,0xff,0xd6,0x00,
    0x00,0x00,0x00,0x00,0x00,0x00,0x00,0x00,0x07,0xbc,0xff,0xff,0xff,0xff,0xff,0x52,
    0x00,0x00,0x00,0x00,0x00,0x49,0xff,0xff,0xff,0xfc,0x13,0x00,0x00,0x00,0x00,0x00,
    0x00,0x00,0x00,0x00,0x10,0xf0,0xff,0xff,0xff,0xff,0x47,0x00,0x00,0x00,0x00,0x00,
    0x13,0xfb,0xff,0xff,0xff,0x96,0x00,0x00,0x00,0x00,0x00,0x00,0x00,0x00,0x0b,0xb4,
    0xff,0xff,0xff,0xff,0xff,0xf2,0x31,0x00,0x00,0x00,0x00,0x00,0xac,0xff,0xff,0xff,
    0xff,0x9a,0x13,0x00,0x00,0x00,0x00,0x05,0x56,0xe1,0xff,0xff,0xff,0xff,0xff,0xff,
    0xff,0xe6,0x1f,0x00,0x00,0x00,0x00,0x21,0xeb,0xff,0xff,0xff,0xff,0xf7,0xba,0x95,
    0x96,0xb2,0xee,0xff,0xff,0xff,0xff,0xf3,0x5d,0xe3,0xff,0xff,0xff,0xd6,0x11,0x00,
    0x00,0x00,0x00,0x35,0xf3,0xff,0xff,0xff,0xff,0xff,0xff,0xff,0xff,0xff,0xff,0xff,
    0xff,0xe5,0x32,0x00,0x33,0xf6,0xff,0xff,0xff,0xc2,0x07,0x00,0x00,0x00,0x00,0x21,
    0xb4,0xff,0xff,0xff,0xff,0xff,0xff,0xff,0xff,0xff,0xf8,0x88,0x0d,0x00,0x00,0x00,
    0x5a,0xff,0xff,0xff,0xff,0xaa,0x01,0x00,0x00,0x00,0x00,0x00,0x32,0x83,0xc5,0xe1,
    0xf7,0xef,0xd7,0xb1,0x63,0x15,0x00,0x00,0x00,0x00,0x00,0x00,0x88,0xff,0xff,0xff,
    0xff,0x8e,0xda,0xe8,0xe8,0x7d,0xec,0xff,0xff,0x86,0xe6,0xff,0xff,0x82,0xe0,0xff,
    0xff,0x7e,0xda,0xff,0xff,0x7a,0xd4,0xff,0xff,0x76,0xce,0xff,0xff,0x72,0xc8,0xff,
    0xff,0x6e,0xc2,0xff,0xff,0x6a,0xbb,0xff,0xff,0x66,0x00,0x00,0x00,0x00,0x00,0x00,
    0x3a,0xe0,0xe4,0xe4,0x83,0x00,0x00,0x00,0x00,0x00,0x27,0xed,0xff,0xff,0xcf,0x08,
    0x00,0x00,0x00,0x00,0x07,0xd1,0xff,0xff,0xf8,0x29,0x00,0x00,0x00,0x00,0x00,0x8e,
    0xff,0xff,0xff,0x7b,0x00,0x00,0x00,0x00,0x00,0x2b,0xfc,0xff,0xff,0xde,0x06,0x00,
    0x00,0x00,0x00,0x00,0xb8,0xff,0xff,0xff,0x59,0x00,0x00,0x00,0x00,0x00,0x31,0xff,
    0xff,0xff,0xdb,0x02,0x00,0x00,0x00,0x00,0x00,0xa3,0xff,0xff,0xff,0x6d,0x00,0x00,
    0x00,0x00,0x00,0x0c,0xf6,0xff,0xff,0xf9,0x0f,0x00,0x00,0x00,0x00,0x00,0x5a,0xff,
    0xff,0xff,0xb3,0x00,0x00,0x00,0x00,0x00,0x00,0xa3,0xff,0xff,0xff,0x66,0x00,0x00,
    0x00,0x00,0x00,0x00,0xdf,0xff,0xff,0xff,0x2c,0x00,0x00,0x00,0x00,0x00,0x16,0xff,
    0xff,0xff,0xf4,0x02,0x00,0x00,0x00,0x00,0x00,0x3b,0xff,0xff,0xff,0xd2,0x00,0x00,
    0x00,0x00,0x00,0x00,0x5c,0xff,0xff,0xff,0xb1,0x00,0x00,0x00,0x00,0x00,0x00,0x72,
    0xff,0xff,0xff,0x9c,0x00,0x00,0x00,0x00,0x00,0x00,0x7d,0xff,0xff,0xff,0x92,0x00,
    0x00,0x00,0x00,0x00,0x00,0x85,0xff,0xff,0xff,0x8a,0x00,0x00,0x00,0x00,0x00,0x00,
    0x7e,0xff,0xff,0xff,0x91,0x00,0x00,0x00,0x00,0x00,0x00,0x73,0xff,0xff,0xff,0x9b,
    0x00,0x00,0x00,0x00,0x00,0x00,0x60,0xff,0xff,0xff,0xad,0x00,0x00,0x00,0x00,0x00,
    0x00,0x3f,0xff,0xff,0xff,0xcd,0x00,0x00,0x00,0x00,0x00,0x00,0x1b,0xff,0xff,0xff,
    0xef,0x00,0x00,0x00,0x00,0x00,0x00,0x00,0xe6,0xff,0xff,0xff,0x24,0x00,0x00,0x00,
    0x00,0x00,0x00,0xab,0xff,0xff,0xff,0x5d,0x00,0x00,0x00,0x00,0x00,0x00,0x64,0xff,
    0xff,0xff,0xa5,0x00,0x00,0x00,0x00,0x00,0x00,0x13,0xfb,0xff,0xff,0xf2,0x08,0x00,
    0x00,0x00,0x00,0x00,0x00,0xb1,0xff,0xff,0xff,0x5a,0x00,0x00,0x00,0x00,0x00,0x00,
    0x3f,0xff,0xff,0xff,0xca,0x00,0x00,0x00,0x00,0x00,0x00,0x00,0xc7,0xff,0xff,0xff,
    0x42,0x00,0x00,0x00,0x00,0x00,0x00,0x3a,0xff,0xff,0xff,0xcc,0x01,0x00,0x00,0x00,
    0x00,0x00,0x00,0xa1,0xff,0xff,0xff,0x62,0x00,0x00,0x00,0x00,0x00,0x00,0x0f,0xdf,
    0xff,0xff,0xef,0x1a,0x00,0x00,0x00,0x00,0x00,0x00,0x36,0xf6,0xff,0xff,0xbb,0x03,
    0x00,0x00,0x00,0x00,0x00,0x00,0x4e,0xfc,0xff,0xff,0x87,0x15,0xd2,0xe4,0xe4,0xab,
    0x04,0x00,0x00,0x00,0x00,0x00,0x00,0x00,0x4b,0xfe,0xff,0xff,0x9b,0x00,0x00,0x00,
    0x00,0x00,0x00,0x00,0x00,0x94,0xff,0xff,0xff,0x60,0x00,0x00,0x00,0x00,0x00,0x00,
    0x00,0x0c,0xe0,0xff,0xff,0xf3,0x21,0x00,0x00,0x00,0x00,0x00,0x00,0x00,0x55,0xff,
    0xff,0xff,0xad,0x00,0x00,0x00,0x00,0x00,0x00,0x00,0x00,0xc9,0xff,0xff,0xff,0x3c,
    0x00,0x00,0x00,0x00,0x00,0x00,0x00,0x4e,0xff,0xff,0xff,0xb5,0x00,0x00,0x00,0x00,
    0x00,0x00,0x00,0x02,0xdb,0xff,0xff,0xfe,0x29,0x00,0x00,0x00,0x00,0x00,0x00,0x00,
    0x7a,0xff,0xff,0xff,0x86,0x00,0x00,0x00,0x00,0x00,0x00,0x00,0x25,0xff,0xff,0xff,
    0xdd,0x00,0x00,0x00,0x00,0x00,0x00,0x00,0x00,0xd8,0xff,0xff,0xff,0x28,0x00,0x00,
    0x00,0x00,0x00,0x00,0x00,0x9e,0xff,0xff,0xff,0x64,0x00,0x00,0x00,0x00,0x00,0x00,
    0x00,0x67,0xff,0xff,0xff,0x9c,0x00,0x00,0x00,0x00,0x00,0x00,0x00,0x43,0xff,0xff,
    0xff,0xc1,0x00,0x00,0x00,0x00,0x00,0x00,0x00,0x22,0xff,0xff,0xff,0xe3,0x00,0x00,
    0x00,0x00,0x00,0x00,0x00,0x0e,0xff,0xff,0xff,0xf8,0x00,0x00,0x00,0x00,0x00,0x00,
    0x00,0x03,0xff,0xff,0xff,0xff,0x03,0x00,0x00,0x00,0x00,0x00,0x00,0x00,0xfa,0xff,
    0xff,0xff,0x0c,0x00,0x00,0x00,0x00,0x00,0x00,0x02,0xff,0xff,0xff,0xff,0x04,0x00,
    0x00,0x00,0x00,0x00,0x00,0x0d,0xff,0xff,0xff,0xf9,0x00,0x00,0x00,0x00,0x00,0x00,
    0x00,0x1e,0xff,0xff,0xff,0xe7,0x00,0x00,0x00,0x00,0x00,0x00,0x00,0x3f,0xff,0xff,
    0xff,0xc5,0x00,0x00,0x00,0x00,0x00,0x00,0x00,0x60,0xff,0xff,0xff,0xa1,0x00,0x00,
    0x00,0x00,0x00,0x00,0x00,0x95,0xff,0xff,0xff,0x6c,0x00,0x00,0x00,0x00,0x00,0x00,
    0x00,0xce,0xff,0xff,0xff,0x30,0x00,0x00,0x00,0x00,0x00,0x00,0x19,0xfd,0xff,0xff,
    0xe6,0x02,0x00,0x00,0x00,0x00,0x00,0x00,0x6c,0xff,0xff,0xff,0x91,0x00,0x00,0x00,
    0x00,0x00,0x00,0x00,0xca,0xff,0xff,0xff,0x35,0x00,0x00,0x00,0x00,0x00,0x00,0x3b,
    0xff,0xff,0xff,0xc3,0x00,0x00,0x00,0x00,0x00,0x00,0x00,0xb4,0xff,0xff,0xff,0x4c,
    0x00,0x00,0x00,0x00,0x00,0x00,0x3f,0xff,0xff,0xff,0xbe,0x00,0x00,0x00,0x00,0x00,
    0x00,0x04,0xce,0xff,0xff,0xfa,0x2d,0x00,0x00,0x00,0x00,0x00,0x00,0x7b,0xff,0xff,
    0xff,0x75,0x00,0x00,0x00,0x00,0x00,0x00,0x36,0xf9,0xff,0xff,0xb2,0x01,0x00,0x00,
    0x00,0x00,0x00,0x15,0xe2,0xff,0xff,0xc8,0x0a,0x00,0x00,0x00,0x00,0x00,0x00,0x00,
    0x00,0x00,0x00,0x00,0x32,0xff,0xff,0xe9,0x00,0x00,0x00,0x00,0x00,0x00,0x00,0x00,
    0x00,0x00,0x00,0x1d,0xff,0xff,0xd4,0x00,0x00,0x00,0x00,0x00,0x00,0x00,0x4a,0x55,
    0x00,0x00,0x08,0xff,0xff,0xbf,0x00,0x00,0x06,0x82,0x17,0x00,0x07,0xde,0xff,0xa8,
    0x13,0x00,0xf3,0xff,0xaa,0x00,0x31,0xd3,0xff,0x9d,0x00,0x7a,0xff,0xff,0xff,0xe8,
    0x4e,0xde,0xff,0x9a,0x7f,0xfa,0xff,0xff,0xfe,0x34,0x1d,0x92,0xf6,0xff,0xff,0xff,
    0xfb,0xff,0xfb,0xff,0xff,0xff,0xe3,0x6f,0x0a,0x00,0x00,0x16,0x88,0xf1,0xff,0xff,
    0xff,0xff,0xff,0xdc,0x65,0x06,0x00,0x00,0x00,0x00,0x00,0x18,0x9a,0xff,0xff,0xff,
    0xff,0xf8,0x6b,0x07,0x00,0x00,0x00,0x00,0x20,0x96,0xf7,0xff,0xff,0xff,0xff,0xff,
    0xff,0xff,0xe6,0x74,0x0c,0x00,0x71,0xfb,0xff,0xff,0xff,0xba,0xe5,0xff,0xc0,0xdf,
    0xff,0xff,0xff,0xed,0x37,0x2c,0xfb,0xff,0xf3,0x68,0x00,0xea,0xff,0xa1,0x0c,0x99,
    0xff,0xff,0xd9,0x05,0x00,0x92,0xc0,0x21,0x00,0x02,0xfc,0xff,0xb6,0x00,0x00,0x47,
    0xe3,0x49,0x00,0x00,0x09,0x01,0x00,0x00,0x14,0xff,0xff,0xcb,0x00,0x00,0x00,0x0a,
    0x00,0x00,0x00,0x00,0x00,0x00,0x00,0x29,0xff,0xff,0xe0,0x00,0x00,0x00,0x00,0x00,
    0x00,0x00,0x00,0x00,0x00,0x00,0x17,0x6c,0x6c,0x65,0x00,0x00,0x00,0x00,0x00,0x00,
    0x00,0x00,0x00,0x00,0x00,0x00,0x00,0x00,0x1d,0x28,0x28,0x1e,0x00,0x00,0x00,0x00,
    0x00,0x00,0x00,0x00,0x00,0x00,0x00,0x00,0x00,0x00,0x00,0x00,0xbc,0xff,0xff,0xc4,
    0x00,0x00,0x00,0x00,0x00,0x00,0x00,0x00,0x00,0x00,0x00,0x00,0x00,0x00,0x00,0x00,
    0xbc,0xff,0xff,0xc4,0x00,0x00,0x00,0x00,0x00,0x00,0x00,0x00,0x00,0x00,0x00,0x00,
    0x00,0x00,0x00,0x00,0xbc,0xff,0xff,0xc4,0x00,0x00,0x00,0x00,0x00,0x00,0x00,0x00,
    0x00,0x00,0x00,0x00,0x00,0x00,0x00,0x00,0xbc,0xff,0xff,0xc4,0x00,0x00,0x00,0x00,
    0x00,0x00,0x00,0x00,0x00,0x00,0x00,0x00,0x00,0x00,0x00,0x00,0xbc,0xff,0xff,0xc4,
    0x00,0x00,0x00,0x00,0x00,0x00,0x00,0x00,0x00,0x00,0x00,0x00,0x00,0x00,0x00,0x00,
    0xbc,0xff,0xff,0xc4,0x00,0x00,0x00,0x00,0x00,0x00,0x00,0x00,0x00,0x00,0x00,0x00,
    0x00,0x00,0x00,0x00,0xbc,0xff,0xff,0xc4,0x00,0x00,0x00,0x00,0x00,0x00,0x00,0x00,
    0x24,0xff,0xff,0xff,0xff,0xff,0xff,0xff,0xff,0xff,0xff,0xff,0xff,0xff,0xff,0xff,
    0xff,0xff,0xff,0x2c,0x24,0xff,0xff,0xff,0xff,0xff,0xff,0xff,0xff,0xff,0xff,0xff,
    0xff,0xff,0xff,0xff,0xff,0xff,0xff,0x2c,0x24,0xff,0xff,0xff,0xff,0xff,0xff,0xff,
    0xff,0xff,0xff,0xff,0xff,0xff,0xff,0xff,0xff,0xff,0xff,0x2c,0x10,0x78,0x78,0x78,
    0x78,0x78,0x78,0x78,0xdb,0xff,0xff,0xe0,0x78,0x78,0x78,0x78,0x78,0x78,0x78,0x14,
    0x00,0x00,0x00,0x00,0x00,0x00,0x00,0x00,0xbc,0xff,0xff,0xc4,0x00,0x00,0x00,0x00,
    0x00,0x00,0x00,0x00,0x00,0x00,0x00,0x00,0x00,0x00,0x00,0x00,0xbc,0xff,0xff,0xc4,
    0x00,0x00,0x00,0x00,0x00,0x00,0x00,0x00,0x00,0x00,0x00,0x00,0x00,0x00,0x00,0x00,
    0xbc,0xff,0xff,0xc4,0x00,0x00,0x00,0x00,0x00,0x00,0x00,0x00,0x00,0x00,0x00,0x00,
    0x00,0x00,0x00,0x00,0xbc,0xff,0xff,0xc4,0x00,0x00,0x00,0x00,0x00,0x00,0x00,0x00,
    0x00,0x00,0x00,0x00,0x00,0x00,0x00,0x00,0xbc,0xff,0xff,0xc4,0x00,0x00,0x00,0x00,
    0x00,0x00,0x00,0x00,0x00,0x00,0x00,0x00,0x00,0x00,0x00,0x00,0xbc,0xff,0xff,0xc4,
    0x00,0x00,0x00,0x00,0x00,0x00,0x00,0x00,0x00,0x00,0x00,0x00,0x00,0x00,0x00,0x00,
    0xbc,0xff,0xff,0xc4,0x00,0x00,0x00,0x00,0x00,0x00,0x00,0x00,0x00,0x00,0x02,0x00,
    0x00,0x00,0x00,0x84,0xf4,0xea,0x6a,0x00,0x43,0xff,0xff,0xff,0xff,0x35,0x71,0xff,
    0xff,0xff,0xff,0x8f,0x3f,0xff,0xff,0xff,0xff,0xad,0x00,0x7c,0xeb,0xff,0xff,0xaa,
    0x00,0x00,0x00,0xe8,0xff,0x88,0x00,0x00,0x33,0xff,0xff,0x41,0x00,0x13,0xcc,0xff,
    0xca,0x00,0x6c,0xe4,0xff,0xee,0x29,0x00,0xd4,0xff,0xd9,0x30,0x00,0x00,0x8b,0x5f,
    0x06,0x00,0x00,0x00,0x29,0x3c,0x3c,0x3c,0x3c,0x3c,0x3c,0x3c,0x3c,0x3c,0x3c,0x3c,
    0x3c,0x3c,0x0f,0xb0,0xff,0xff,0xff,0xff,0xff,0xff,0xff,0xff,0xff,0xff,0xff,0xff,
    0xff,0x44,0xb0,0xff,0xff,0xff,0xff,0xff,0xff,0xff,0xff,0xff,0xff,0xff,0xff,0xff,
    0x44,0xb0,0xff,0xff,0xff,0xff,0xff,0xff,0xff,0xff,0xff,0xff,0xff,0xff,0xff,0x44,
    0x00,0x00,0x02,0x00,0x00,0x00,0x18,0xbe,0xfc,0xd1,0x2e,0x00,0xa4,0xff,0xff,0xff,
    0xd2,0x00,0xd4,0xff,0xff,0xff,0xfe,0x05,0x9c,0xff,0xff,0xff,0xc8,0x00,0x12,0xb1,
    0xf3,0xc2,0x23,0x00,0x00,0x00,0x00,0x00,0x00,0x00,0x00,0x00,0x00,0x00,0x40,0xff,
    0xff,0xff,0x97,0x00,0x00,0x00,0x00,0x00,0x00,0x00,0x00,0x00,0x00,0x9f,0xff,0xff,
    0xff,0x38,0x00,0x00,0x00,0x00,0x00,0x00,0x00,0x00,0x00,0x0a,0xf3,0xff,0xff,0xd9,
    0x00,0x00,0x00,0x00,0x00,0x00,0x00,0x00,0x00,0x00,0x5d,0xff,0xff,0xff,0x7a,0x00,
    0x00,0x00,0x00,0x00,0x00,0x00,0x00,0x00,0x00,0xbc,0xff,0xff,0xfd,0x1d,0x00,0x00,
    0x00,0x00,0x00,0x00,0x00,0x00,0x00,0x1d,0xfd,0xff,0xff,0xbc,0x00,0x00,0x00,0x00,
    0x00,0x00,0x00,0x00,0x00,0x00,0x7b,0xff,0xff,0xff,0x5d,0x00,0x00,0x00,0x00,0x00,
    0x00,0x00,0x00,0x00,0x00,0xd9,0xff,0xff,0xf3,0x0a,0x00,0x00,0x00,0x00,0x00,0x00,
    0x00,0x00,0x00,0x39,0xff,0xff,0xff,0x9e,0x00,0x00,0x00,0x00,0x00,0x00,0x00,0x00,
    0x00,0x00,0x98,0xff,0xff,0xff,0x3f,0x00,0x00,0x00,0x00,0x00,0x00,0x00,0x00,0x00,
    0x07,0xef,0xff,0xff,0xdf,0x01,0x00,0x00,0x00,0x00,0x00,0x00,0x00,0x00,0x00,0x56,
    0xff,0xff,0xff,0x81,0x00,0x00,0x00,0x00,0x00,0x00,0x00,0x00,0x00,0x00,0xb5,0xff,
    0xff,0xff,0x23,0x00,0x00,0x00,0x00,0x00,0x00,0x00,0x00,0x00,0x18,0xfc,0xff,0xff,
    0xc3,0x00,0x00,0x00,0x00,0x00,0x00,0x00,0x00,0x00,0x00,0x74,0xff,0xff,0xff,0x63,
    0x00,0x00,0x00,0x00,0x00,0x00,0x00,0x00,0x00,0x00,0xd3,0xff,0xff,0xf6,0x0e,0x00,
    0x00,0x00,0x00,0x00,0x00,0x00,0x00,0x00,0x32,0xff,0xff,0xff,0xa5,0x00,0x00,0x00,
    0x00,0x00,0x00,0x00,0x00,0x00,0x00,0x91,0xff,0xff,0xff,0x46,0x00,0x00,0x00,0x00,
    0x00,0x00,0x00,0x00,0x00,0x05,0xea,0xff,0xff,0xe5,0x02,0x00,0x00,0x00,0x00,0x00,
    0x00,0x00,0x00,0x00,0x4f,0xff,0xff,0xff,0x88,0x00,0x00,0x00,0x00,0x00,0x00,0x00,
    0x00,0x00,0x00,0xaf,0xff,0xff,0xff,0x29,0x00,0x00,0x00,0x00,0x00,0x00,0x00,0x00,
    0x00,0x13,0xfa,0xff,0xff,0xc9,0x00,0x00,0x00,0x00,0x00,0x00,0x00,0x00,0x00,0x00,
    0x6d,0xff,0xff,0xff,0x6a,0x00,0x00,0x00,0x00,0x00,0x00,0x00,0x00,0x00,0x00,0xcc,
    0xff,0xff,0xf9,0x12,0x00,0x00,0x00,0x00,0x00,0x00,0x00,0x00,0x00,0x2b,0xff,0xff,
    0xff,0xac,0x00,0x00,0x00,0x00,0x00,0x00,0x00,0x00,0x00,0x00,0x8a,0xff,0xff,0xff,
    0x4d,0x00,0x00,0x00,0x00,0x00,0x00,0x00,0x00,0x00,0x03,0xe6,0xff,0xff,0xe9,0x04,
    0x00,0x00,0x00,0x00,0x00,0x00,0x00,0x00,0x00,0x48,0xff,0xff,0xff,0x8f,0x00,0x00,
    0x00,0x00,0x00,0x00,0x00,0x00,0x00,0x00,0x00,0x00,0x00,0x00,0x00,0x00,0x41,0x9e,
    0xd5,0xf1,0xf2,0xd7,0xa3,0x48,0x01,0x00,0x00,0x00,0x00,0x00,0x00,0x00,0x00,0x00,
    0x15,0xb1,0xff,0xff,0xff,0xff,0xff,0xff,0xff,0xff,0xbc,0x1c,0x00,0x00,0x00,0x00,
    0x00,0x00,0x00,0x12,0xd9,0xff,0xff,0xff,0xff,0xff,0xff,0xff,0xff,0xff,0xff,0xe3,
    0x1a,0x00,0x00,0x00,0x00,0x00,0x01,0xbe,0xff,0xff,0xff,0xff,0xf3,0xc2,0xc0,0xf1,
    0xff,0xff,0xff,0xff,0xcd,0x04,0x00,0x00,0x00,0x00,0x56,0xff,0xff,0xff,0xff,0xa4,
    0x10,0x00,0x00,0x0d,0x99,0xff,0xff,0xff,0xff,0x67,0x00,0x00,0x00,0x00,0xd7,0xff,
    0xff,0xff,0xc0,0x01,0x00,0x00,0x00,0x00,0x00,0xb4,0xff,0xff,0xff,0xe6,0x04,0x00,
    0x00,0x31,0xff,0xff,0xff,0xff,0x35,0x00,0x00,0x00,0x00,0x00,0x00,0x2b,0xff,0xff,
    0xff,0xff,0x43,0x00,0x00,0x80,0xff,0xff,0xff,0xd7,0x00,0x00,0x00,0x00,0x00,0x00,
    0x00,0x00,0xce,0xff,0xff,0xff,0x94,0x00,0x00,0xbc,0xff,0xff,0xff,0x96,0x00,0x00,
    0x00,0x00,0x00,0x00,0x00,0x00,0x8e,0xff,0xff,0xff,0xcf,0x00,0x00,0xe5,0xff,0xff,
    0xff,0x63,0x00,0x00,0x00,0x00,0x00,0x00,0x00,0x00,0x5b,0xff,0xff,0xff,0xf6,0x02,
    0x0e,0xff,0xff,0xff,0xff,0x45,0x00,0x00,0x00,0x00,0x00,0x00,0x00,0x00,0x3d,0xff,
    0xff,0xff,0xff,0x20,0x23,0xff,0xff,0xff,0xff,0x2a,0x00,0x00,0x00,0x00,0x00,0x00,
    0x00,0x00,0x23,0xff,0xff,0xff,0xff,0x35,0x2f,0xff,0xff,0xff,0xff,0x1f,0x00,0x00,
    0x00,0x00,0x00,0x00,0x00,0x00,0x19,0xff,0xff,0xff,0xff,0x41,0x3a,0xff,0xff,0xff,
    0xff,0x17,0x00,0x00,0x00,0x00,0x00,0x00,0x00,0x00,0x11,0xff,0xff,0xff,0xff,0x4d,
    0x3a,0xff,0xff,0xff,0xff,0x17,0x00,0x00,0x00,0x00,0x00,0x00,0x00,0x00,0x10,0xff,
    0xff,0xff,0xff,0x4e,0x2f,0xff,0xff,0xff,0xff,0x1f,0x00,0x00,0x00,0x00,0x00,0x00,
    0x00,0x00,0x19,0xff,0xff,0xff,0xff,0x42,0x23,0xff,0xff,0xff,0xff,0x2a,0x00,0x00,
    0x00,0x00,0x00,0x00,0x00,0x00,0x23,0xff,0xff,0xff,0xff,0x35,0x0e,0xff,0xff,0xff,
    0xff,0x44,0x00,0x00,0x00,0x00,0x00,0x00,0x00,0x00,0x3c,0xff,0xff,0xff,0xff,0x21,
    0x00,0xe6,0xff,0xff,0xff,0x63,0x00,0x00,0x00,0x00,0x00,0x00,0x00,0x00,0x5a,0xff,
    0xff,0xff,0xf6,0x02,0x00,0xbd,0xff,0xff,0xff,0x96,0x00,0x00,0x00,0x00,0x00,0x00,
    0x00,0x00,0x8d,0xff,0xff,0xff,0xcf,0x00,0x00,0x83,0xff,0xff,0xff,0xd6,0x00,0x00,
    0x00,0x00,0x00,0x00,0x00,0x00,0xcc,0xff,0xff,0xff,0x95,0x00,0x00,0x34,0xff,0xff,
    0xff,0xff,0x35,0x00,0x00,0x00,0x00,0x00,0x00,0x29,0xff,0xff,0xff,0xff,0x44,0x00,
    0x00,0x00,0xda,0xff,0xff,0xff,0xc1,0x01,0x00,0x00,0x00,0x00,0x00,0xb3,0xff,0xff,
    0xff,0xe7,0x04,0x00,0x00,0x00,0x5a,0xff,0xff,0xff,0xff,0xa6,0x12,0x00,0x00,0x0e,
    0x9a,0xff,0xff,0xff,0xff,0x69,0x00,0x00,0x00,0x00,0x01,0xc3,0xff,0xff,0xff,0xff,
    0xf4,0xc5,0xc4,0xf2,0xff,0xff,0xff,0xff,0xcf,0x05,0x00,0x00,0x00,0x00,0x00,0x15,
    0xdd,0xff,0xff,0xff,0xff,0xff,0xff,0xff,0xff,0xff,0xff,0xe5,0x1c,0x00,0x00,0x00,
    0x00,0x00,0x00,0x00,0x18,0xb5,0xff,0xff,0xff,0xff,0xff,0xff,0xff,0xff,0xbe,0x1e,
    0x00,0x00,0x00,0x00,0x00,0x00,0x00,0x00,0x00,0x00,0x43,0xa0,0xd8,0xf2,0xf3,0xd9,
    0xa5,0x49,0x01,0x00,0x00,0x00,0x00,0x00,0x00,0x00,0x00,0x00,0x00,0x00,0x00,0x37,
    0xc9,0xff,0xff,0xff,0x04,0x00,0x00,0x00,0x00,0x00,0x19,0xa1,0xfe,0xff,0xff,0xff,
    0xff,0x04,0x00,0x00,0x00,0x07,0x79,0xf3,0xff,0xff,0xff,0xff,0xff,0xff,0x04,0x00,
    0x00,0x50,0xdd,0xff,0xff,0xff,0xff,0xff,0xff,0xff,0xff,0x04,0x21,0xbb,0xff,0xff,
    0xff,0xff,0xff,0xf0,0xff,0xff,0xff,0xff,0x04,0x64,0xff,0xff,0xff,0xff,0xf6,0x84,
    0x2c,0xff,0xff,0xff,0xff,0x04,0x64,0xff,0xff,0xff,0xa7,0x1e,0x00,0x20,0xff,0xff,
    0xff,0xff,0x04,0x64,0xff,0xc8,0x38,0x00,0x00,0x00,0x20,0xff,0xff,0xff,0xff,0x04,
    0x4b,0x5b,0x01,0x00,0x00,0x00,0x00,0x20,0xff,0xff,0xff,0xff,0x04,0x00,0x00,0x00,
    0x00,0x00,0x00,0x00,0x20,0xff,0xff,0xff,0xff,0x04,0x00,0x00,0x00,0x00,0x00,0x00,
    0x00,0x20,0xff,0xff,0xff,0xff,0x04,0x00,0x00,0x00,0x00,0x00,0x00,0x00,0x20,0xff,
    0xff,0xff,0xff,0x04,0x00,0x00,0x00,0x00,0x00,0x00,0x00,0x20,0xff,0xff,0xff,0xff,
    0x04,0x00,0x00,0x00,0x00,0x00,0x00,0x00,0x20,0xff,0xff,0xff,0xff,0x04,0x00,0x00,
    0x00,0x00,0x00,0x00,0x00,0x20,0xff,0xff,0xff,0xff,0x04,0x00,0x00,0x00,0x00,0x00,
    0x00,0x00,0x20,0xff,0xff,0xff,0xff,0x04,0x00,0x00,0x00,0x00,0x00,0x00,0x00,0x20,
    0xff,0xff,0xff,0xff,0x04,0x00,0x00,0x00,0x00,0x00,0x00,0x00,0x20,0xff,0xff,0xff,
    0xff,0x04,0x00,0x00,0x00,0x00,0x00,0x00,0x00,0x20,0xff,0xff,0xff,0xff,0x04,0x00,
    0x00,0x00,0x00,0x00,0x00,0x00,0x20,0xff,0xff,0xff,0xff,0x04,0x00,0x00,0x00,0x00,
    0x00,0x00,0x00,0x20,0xff,0xff,0xff,0xff,0x04,0x00,0x00,0x00,0x00,0x00,0x00,0x00,
    0x20,0xff,0xff,0xff,0xff,0x04,0x00,0x00,0x00,0x00,0x00,0x00,0x00,0x20,0xff,0xff,
    0xff,0xff,0x04,0x00,0x00,0x00,0x00,0x00,0x00,0x00,0x20,0xff,0xff,0xff,0xff,0x04,
    0x00,0x00,0x00,0x00,0x00,0x00,0x00,0x20,0xff,0xff,0xff,0xff,0x04,0x00,0x00,0x00,
    0x00,0x00,0x00,0x00,0x20,0xff,0xff,0xff,0xff,0x04,0x00,0x00,0x00,0x00,0x00,0x00,
    0x00,0x20,0xff,0xff,0xff,0xff,0x04,0x00,0x00,0x00,0x00,0x00,0x00,0x00,0x20,0xff,
    0xff,0xff,0xff,0x04,0x00,0x00,0x00,0x00,0x00,0x07,0x58,0xaa,0xdf,0xf6,0xf2,0xd6,
    0xa8,0x4d,0x05,0x00,0x00,0x00,0x00,0x00,0x00,0x00,0x00,0x00,0x52,0xe1,0xff,0xff,
    0xff,0xff,0xff,0xff,0xff,0xff,0xd3,0x2f,0x00,0x00,0x00,0x00,0x00,0x00,0x00,0x8a,
    0xff,0xff,0xff,0xff,0xff,0xff,0xff,0xff,0xff,0xff,0xff,0xf9,0x3d,0x00,0x00,0x00,
    0x00,0x00,0x78,0xff,0xff,0xff,0xff,0xff,0xda,0xb7,0xc5,0xf8,0xff,0xff,0xff,0xff,
    0xe8,0x18,0x00,0x00,0x00,0x27,0xfa,0xff,0xff,0xff,0xd2,0x37,0x00,0x00,0x00,0x15,
    0xab,0xff,0xff,0xff,0xff,0x91,0x00,0x00,0x00,0x9f,0xff,0xff,0xff,0xd7,0x0f,0x00,
    0x00,0x00,0x00,0x00,0x03,0xc6,0xff,0xff,0xff,0xea,0x01,0x00,0x00,0xd5,0xff,0xff,
    0xfa,0x25,0x00,0x00,0x00,0x00,0x00,0x00,0x00,0x52,0xff,0xff,0xff,0xff,0x22,0x00,
    0x00,0x09,0x7b,0xf2,0xa7,0x00,0x00,0x00,0x00,0x00,0x00,0x00,0x00,0x1e,0xff,0xff,
    0xff,0xff,0x3c,0x00,0x00,0x00,0x00,0x16,0x23,0x00,0x00,0x00,0x00,0x00,0x00,0x00,
    0x00,0x1a,0xff,0xff,0xff,0xff,0x3c,0x00,0x00,0x00,0x00,0x00,0x00,0x00,0x00,0x00,
    0x00,0x00,0x00,0x00,0x00,0x3c,0xff,0xff,0xff,0xff,0x22,0x00,0x00,0x00,0x00,0x00,
    0x00,0x00,0x00,0x00,0x00,0x00,0x00,0x00,0x00,0x8d,0xff,0xff,0xff,0xea,0x01,0x00,
    0x00,0x00,0x00,0x00,0x00,0x00,0x00,0x00,0x00,0x00,0x00,0x00,0x14,0xf1,0xff,0xff,
    0xff,0x94,0x00,0x00,0x00,0x00,0x00,0x00,0x00,0x00,0x00,0x00,0x00,0x00,0x00,0x00,
    0xad,0xff,0xff,0xff,0xf9,0x22,0x00,0x00,0x00,0x00,0x00,0x00,0x00,0x00,0x00,0x00,
    0x00,0x00,0x00,0x74,0xff,0xff,0xff,0xff,0x83,0x00,0x00,0x00,0x00,0x00,0x00,0x00,
    0x00,0x00,0x00,0x00,0x00,0x00,0x4d,0xfd,0xff,0xff,0xff,0xca,0x05,0x00,0x00,0x00,
    0x00,0x00,0x00,0x00,0x00,0x00,0x00,0x00,0x00,0x37,0xf5,0xff,0xff,0xff,0xe9,0x1f,
    0x00,0x00,0x00,0x00,0x00,0x00,0x00,0x00,0x00,0x00,0x00,0x00,0x27,0xeb,0xff,0xff,
    0xff,0xf7,0x3b,0x00,0x00,0x00,0x00,0x00,0x00,0x00,0x00,0x00,0x00,0x00,0x00,0x19,
    0xdf,0xff,0xff,0xff,0xfd,0x51,0x00,0x00,0x00,0x00,0x00,0x00,0x00,0x00,0x00,0x00,
    0x00,0x00,0x0f,0xd0,0xff,0xff,0xff,0xff,0x66,0x00,0x00,0x00,0x00,0x00,0x00,0x00,
    0x00,0x00,0x00,0x00,0x00,0x07,0xbf,0xff,0xff,0xff,0xff,0x7c,0x00,0x00,0x00,0x00,
    0x00,0x00,0x00,0x00,0x00,0x00,0x00,0x00,0x02,0xaa,0xff,0xff,0xff,0xff,0x92,0x00,
    0x00,0x00,0x00,0x00,0x00,0x00,0x00,0x00,0x00,0x00,0x00,0x00,0x93,0xff,0xff,0xff,
    0xff,0xa5,0x01,0x00,0x00,0x00,0x00,0x00,0x00,0x00,0x00,0x00,0x00,0x00,0x00,0x7a,
    0xff,0xff,0xff,0xff,0xb8,0x05,0x00,0x00,0x00,0x00,0x00,0x00,0x00,0x00,0x00,0x00,
    0x00,0x00,0x61,0xff,0xff,0xff,0xff,0xc8,0x0b,0x00,0x00,0x00,0x00,0x00,0x00,0x00,
    0x00,0x00,0x00,0x00,0x00,0x4b,0xfb,0xff,0xff,0xff,0xff,0xa7,0x94,0x94,0x94,0x94,
    0x94,0x94,0x94,0x94,0x94,0x94,0x94,0x10,0x0f,0xf5,0xff,0xff,0xff,0xff,0xff,0xff,
    0xff,0xff,0xff,0xff,0xff,0xff,0xff,0xff,0xff,0xff,0xff,0x1c,0x18,0xff,0xff,0xff,
    0xff,0xff,0xff,0xff,0xff,0xff,0xff,0xff,0xff,0xff,0xff,0xff,0xff,0xff,0xff,0x1c,
    0x18,0xff,0xff,0xff,0xff,0xff,0xff,0xff,0xff,0xff,0xff,0xff,0xff,0xff,0xff,0xff,
    0xff,0xff,0xff,0x1c,0x00,0x00,0x00,0x00,0x00,0x1d,0x7a,0xbd,0xe8,0xf9,0xee,0xd6,
    0xa5,0x50,0x06,0x00,0x00,0x00,0x00,0x00,0x00,0x00,0x00,0x06,0x89,0xf9,0xff,0xff,
    0xff,0xff,0xff,0xff,0xff,0xff,0xd6,0x3b,0x00,0x00,0x00,0x00,0x00,0x00,0x0b,0xc3,
    0xff,0xff,0xff,0xff,0xff,0xff,0xff,0xff,0xff,0xff,0xff,0xfa,0x43,0x00,0x00,0x00,
    0x00,0x00,0xac,0xff,0xff,0xff,0xff,0xf7,0xc0,0xaa,0xc8,0xf6,0xff,0xff,0xff,0xff,
    0xf0,0x1a,0x00,0x00,0x00,0x4a,0xff,0xff,0xff,0xff,0x97,0x12,0x00,0x00,0x00,0x18,
    0xa8,0xff,0xff,0xff,0xff,0x8c,0x00,0x00,0x00,0xbe,0xff,0xff,0xff,0x94,0x00,0x00,
    0x00,0x00,0x00,0x00,0x01,0xc4,0xff,0xff,0xff,0xd9,0x00,0x00,0x00,0x5d,0xe0,0xff,
    0xdd,0x03,0x00,0x00,0x00,0x00,0x00,0x00,0x00,0x67,0xff,0xff,0xff,0xfc,0x01,0x00,
    0x00,0x00,0x07,0x71,0x5c,0x00,0x00,0x00,0x00,0x00,0x00,0x00,0x00,0x53,0xff,0xff,
    0xff,0xf8,0x01,0x00,0x00,0x00,0x00,0x00,0x00,0x00,0x00,0x00,0x00,0x00,0x00,0x00,
    0x00,0x7d,0xff,0xff,0xff,0xd9,0x00,0x00,0x00,0x00,0x00,0x00,0x00,0x00,0x00,0x00,
    0x00,0x00,0x00,0x00,0x14,0xe7,0xff,0xff,0xff,0x8d,0x00,0x00,0x00,0x00,0x00,0x00,
    0x00,0x00,0x00,0x00,0x00,0x00,0x00,0x31,0xd2,0xff,0xff,0xff,0xf3,0x1f,0x00,0x00,
    0x00,0x00,0x00,0x00,0x00,0x00,0x02,0x8c,0x8e,0x9f,0xcf,0xff,0xff,0xff,0xff,0xf9,
    0x45,0x00,0x00,0x00,0x00,0x00,0x00,0x00,0x00,0x00,0x04,0xff,0xff,0xff,0xff,0xff,
    0xff,0xff,0xb8,0x28,0x00,0x00,0x00,0x00,0x00,0x00,0x00,0x00,0x00,0x00,0x04,0xff,
    0xff,0xff,0xff,0xff,0xff,0xff,0xe6,0x75,0x06,0x00,0x00,0x00,0x00,0x00,0x00,0x00,
    0x00,0x00,0x04,0xff,0xff,0xff,0xff,0xff,0xff,0xff,0xff,0xff,0xc8,0x14,0x00,0x00,
    0x00,0x00,0x00,0x00,0x00,0x00,0x00,0x00,0x05,0x13,0x37,0x77,0xda,0xff,0xff,0xff,
    0xff,0xc1,0x01,0x00,0x00,0x00,0x00,0x00,0x00,0x00,0x00,0x00,0x00,0x00,0x00,0x00,
    0x05,0x98,0xff,0xff,0xff,0xff,0x58,0x00,0x00,0x00,0x00,0x00,0x00,0x00,0x00,0x00,
    0x00,0x00,0x00,0x00,0x00,0x03,0xd0,0xff,0xff,0xff,0xb7,0x00,0x00,0x00,0x00,0x00,
    0x00,0x00,0x00,0x00,0x00,0x00,0x00,0x00,0x00,0x00,0x76,0xff,0xff,0xff,0xec,0x00,
    0x00,0x00,0x00,0x00,0x00,0x00,0x00,0x00,0x00,0x00,0x00,0x00,0x00,0x00,0x56,0xff,
    0xff,0xff,0xff,0x03,0x00,0x00,0x37,0xc5,0x20,0x00,0x00,0x00,0x00,0x00,0x00,0x00,
    0x00,0x00,0x65,0xff,0xff,0xff,0xfb,0x00,0x16,0xa5,0xfe,0xff,0x9e,0x00,0x00,0x00,
    0x00,0x00,0x00,0x00,0x00,0x00,0xa6,0xff,0xff,0xff,0xdb,0x00,0x1c,0xfc,0xff,0xff,
    0xff,0x65,0x00,0x00,0x00,0x00,0x00,0x00,0x00,0x37,0xfc,0xff,0xff,0xff,0x9a,0x00,
    0x00,0xa1,0xff,0xff,0xff,0xff,0x98,0x19,0x00,0x00,0x00,0x01,0x54,0xed,0xff,0xff,
    0xff,0xfe,0x32,0x00,0x00,0x16,0xe4,0xff,0xff,0xff,0xff,0xfb,0xc7,0xa6,0xad,0xe1,
    0xff,0xff,0xff,0xff,0xff,0x89,0x00,0x00,0x00,0x00,0x2a,0xe3,0xff,0xff,0xff,0xff,
    0xff,0xff,0xff,0xff,0xff,0xff,0xff,0xff,0xa6,0x01,0x00,0x00,0x00,0x00,0x00,0x13,
    0x9f,0xfc,0xff,0xff,0xff,0xff,0xff,0xff,0xff,0xff,0xee,0x65,0x01,0x00,0x00,0x00,
    0x00,0x00,0x00,0x00,0x00,0x21,0x7b,0xbd,0xe8,0xf9,0xf0,0xd7,0xae,0x5d,0x0f,0x00,
    0x00,0x00,0x00,0x00,0x00,0x00,0x00,0x00,0x00,0x00,0x00,0x00,0x00,0x00,0xb8,0xff,
    0xff,0xff,0xa7,0x00,0x00,0x00,0x00,0x00,0x00,0x00,0x00,0x00,0x00,0x00,0x00,0x00,
    0x00,0x00,0x3f,0xff,0xff,0xff,0xfb,0x24,0x00,0x00,0x00,0x00,0x00,0x00,0x00,0x00,
    0x00,0x00,0x00,0x00,0x00,0x00,0x00,0xc6,0xff,0xff,0xff,0x98,0x00,0x00,0x00,0x00,
    0x00,0x00,0x00,0x00,0x00,0x00,0x00,0x00,0x00,0x00,0x00,0x4f,0xff,0xff,0xff,0xf6,
    0x1a,0x00,0x00,0x00,0x00,0x00,0x00,0x00,0x00,0x00,0x00,0x00,0x00,0x00,0x00,0x02,
    0xd3,0xff,0xff,0xff,0x88,0x00,0x00,0x00,0x00,0x00,0x00,0x00,0x00,0x00,0x00,0x00,
    0x00,0x00,0x00,0x00,0x5e,0xff,0xff,0xff,0xef,0x11,0x00,0x00,0x00,0x00,0x00,0x00,
    0x00,0x00,0x00,0x00,0x00,0x00,0x00,0x00,0x06,0xdf,0xff,0xff,0xff,0x78,0x00,0x00,
    0x00,0x00,0x00,0x00,0x00,0x00,0x00,0x00,0x00,0x00,0x00,0x00,0x00,0x6d,0xff,0xff,
    0xff,0xe6,0x0a,0x00,0x00,0x00,0x00,0x00,0x00,0x00,0x00,0x00,0x00,0x00,0x00,0x00,
    0x00,0x0b,0xe8,0xff,0xff,0xff,0x68,0x00,0x00,0x00,0x00,0x00,0x00,0x00,0x00,0x00,
    0x00,0x00,0x00,0x00,0x00,0x00,0x7d,0xff,0xff,0xff,0xdb,0x04,0x00,0x00,0x00,0x00,
    0x00,0x00,0x00,0x00,0x00,0x00,0x00,0x00,0x00,0x00,0x12,0xf1,0xff,0xff,0xff,0x58,
    0x00,0x00,0x00,0x00,0x00,0x00,0x00,0x00,0x00,0x00,0x00,0x00,0x00,0x00,0x00,0x8c,
    0xff,0xff,0xff,0xce,0x01,0x00,0x00,0x52,0xbc,0xbc,0xbc,0x6f,0x00,0x00,0x00,0x00,
    0x00,0x00,0x00,0x1b,0xf7,0xff,0xff,0xff,0x48,0x00,0x00,0x00,0x70,0xff,0xff,0xff,
    0x98,0x00,0x00,0x00,0x00,0x00,0x00,0x00,0x9b,0xff,0xff,0xff,0xc0,0x00,0x00,0x00,
    0x00,0x70,0xff,0xff,0xff,0x98,0x00,0x00,0x00,0x00,0x00,0x00,0x26,0xfb,0xff,0xff,
    0xff,0x38,0x00,0x00,0x00,0x00,0x70,0xff,0xff,0xff,0x98,0x00,0x00,0x00,0x00,0x00,
    0x00,0xaa,0xff,0xff,0xff,0xb0,0x00,0x00,0x00,0x00,0x00,0x70,0xff,0xff,0xff,0x98,
    0x00,0x00,0x00,0x00,0x00,0x32,0xfe,0xff,0xff,0xfd,0x2b,0x00,0x00,0x00,0x00,0x00,
    0x70,0xff,0xff,0xff,0x98,0x00,0x00,0x00,0x00,0x00,0xb9,0xff,0xff,0xff,0xa0,0x00,
    0x00,0x00,0x00,0x00,0x00,0x70,0xff,0xff,0xff,0x98,0x00,0x00,0x00,0x00,0x40,0xff,
    0xff,0xff,0xff,0x95,0x78,0x78,0x78,0x78,0x78,0x78,0xb3,0xff,0xff,0xff,0xc8,0x78,
    0x78,0x78,0x41,0x9d,0xff,0xff,0xff,0xff,0xff,0xff,0xff,0xff,0xff,0xff,0xff,0xff,
    0xff,0xff,0xff,0xff,0xff,0xff,0xff,0x8c,0xa0,0xff,0xff,0xff,0xff,0xff,0xff,0xff,
    0xff,0xff,0xff,0xff,0xff,0xff,0xff,0xff,0xff,0xff,0xff,0xff,0x8c,0xa0,0xff,0xff,
    0xff,0xff,0xff,0xff,0xff,0xff,0xff,0xff,0xff,0xff,0xff,0xff,0xff,0xff,0xff,0xff,
    0xff,0x8c,0x00,0x00,0x00,0x00,0x00,0x00,0x00,0x00,0x00,0x00,0x00,0x00,0x70,0xff,
    0xff,0xff,0x98,0x00,0x00,0x00,0x00,0x00,0x00,0x00,0x00,0x00,0x00,0x00,0x00,0x00,
    0x00,0x00,0x00,0x70,0xff,0xff,0xff,0x98,0x00,0x00,0x00,0x00,0x00,0x00,0x00,0x00,
    0x00,0x00,0x00,0x00,0x00,0x00,0x00,0x00,0x70,0xff,0xff,0xff,0x98,0x00,0x00,0x00,
    0x00,0x00,0x00,0x00,0x00,0x00,0x00,0x00,0x00,0x00,0x00,0x00,0x00,0x70,0xff,0xff,
    0xff,0x98,0x00,0x00,0x00,0x00,0x00,0x00,0x00,0x00,0x00,0x00,0x00,0x00,0x00,0x00,
    0x00,0x00,0x70,0xff,0xff,0xff,0x98,0x00,0x00,0x00,0x00,0x00,0x00,0x00,0x00,0x00,
    0x00,0x00,0x00,0x00,0x00,0x00,0x00,0x70,0xff,0xff,0xff,0x98,0x00,0x00,0x00,0x00,
    0x00,0x00,0x06,0xfd,0xff,0xff,0xff,0xff,0xff,0xff,0xff,0xff,0xff,0xff,0xff,0xff,
    0xa8,0x00,0x00,0x00,0x25,0xff,0xff,0xff,0xff,0xff,0xff,0xff,0xff,0xff,0xff,0xff,
    0xff,0xff,0xa8,0x00,0x00,0x00,0x45,0xff,0xff,0xff,0xff,0xff,0xff,0xff,0xff,0xff,
    0xff,0xff,0xff,0xff,0xa8,0x00,0x00,0x00,0x65,0xff,0xff,0xff,0xc1,0x80,0x80,0x80,
    0x80,0x80,0x80,0x80,0x80,0x80,0x54,0x00,0x00,0x00,0x85,0xff,0xff,0xff,0x6a,0x00,
    0x00,0x00,0x00,0x00,0x00,0x00,0x00,0x00,0x00,0x00,0x00,0x00,0xa5,0xff,0xff,0xff,
    0x48,0x00,0x00,0x00,0x00,0x00,0x00,0x00,0x00,0x00,0x00,0x00,0x00,0x00,0xc6,0xff,
    0xff,0xff,0x26,0x00,0x00,0x00,0x00,0x00,0x00,0x00,0x00,0x00,0x00,0x00,0x00,0x00,
    0xe6,0xff,0xff,0xfd,0x06,0x00,0x00,0x00,0x00,0x00,0x00,0x00,0x00,0x00,0x00,0x00,
    0x00,0x07,0xfe,0xff,0xff,0xe2,0x00,0x00,0x00,0x00,0x00,0x00,0x00,0x00,0x00,0x00,
    0x00,0x00,0x00,0x26,0xff,0xff,0xff,0xc0,0x00,0x00,0x00,0x00,0x00,0x00,0x00,0x00,
    0x00,0x00,0x00,0x00,0x00,0x46,0xff,0xff,0xff,0xae,0x6c,0xc2,0xe4,0xfa,0xec,0xc0,
    0x73,0x11,0x00,0x00,0x00,0x00,0x00,0x67,0xff,0xff,0xff,0xff,0xff,0xff,0xff,0xff,
    0xff,0xff,0xff,0xf0,0x53,0x00,0x00,0x00,0x00,0x87,0xff,0xff,0xff,0xff,0xff,0xff,
    0xff,0xff,0xff,0xff,0xff,0xff,0xff,0x7e,0x00,0x00,0x00,0xa7,0xff,0xff,0xff,0xff,
    0xfb,0xc2,0xa4,0xb0,0xe9,0xff,0xff,0xff,0xff,0xfe,0x49,0x00,0x00,0xc7,0xff,0xff,
    0xff,0xa9,0x1a,0x00,0x00,0x00,0x03,0x72,0xfd,0xff,0xff,0xff,0xe7,0x09,0x00,0x33,
    0xaf,0xfe,0x95,0x00,0x00,0x00,0x00,0x00,0x00,0x00,0x73,0xff,0xff,0xff,0xff,0x61,
    0x00,0x00,0x00,0x2a,0x05,0x00,0x00,0x00,0x00,0x00,0x00,0x00,0x03,0xdf,0xff,0xff,
    0xff,0xad,0x00,0x00,0x00,0x00,0x00,0x00,0x00,0x00,0x00,0x00,0x00,0x00,0x00,0x8f,
    0xff,0xff,0xff,0xda,0x00,0x00,0x00,0x00,0x00,0x00,0x00,0x00,0x00,0x00,0x00,0x00,
    0x00,0x6a,0xff,0xff,0xff,0xee,0x00,0x00,0x00,0x00,0x00,0x00,0x00,0x00,0x00,0x00,
    0x00,0x00,0x00,0x69,0xff,0xff,0xff,0xe9,0x00,0x00,0x00,0x21,0x00,0x00,0x00,0x00,
    0x00,0x00,0x00,0x00,0x00,0x8b,0xff,0xff,0xff,0xd0,0x00,0x12,0x90,0xfa,0x49,0x00,
    0x00,0x00,0x00,0x00,0x00,0x00,0x01,0xd9,0xff,0xff,0xff,0x9c,0x34,0xee,0xff,0xff,
    0xd1,0x0d,0x00,0x00,0x00,0x00,0x00,0x00,0x69,0xff,0xff,0xff,0xff,0x47,0x0f,0xf3,
    0xff,0xff,0xff,0xc4,0x2a,0x00,0x00,0x00,0x03,0x6e,0xfb,0xff,0xff,0xff,0xcc,0x01,
    0x00,0x74,0xff,0xff,0xff,0xff,0xfd,0xcc,0xaa,0xb2,0xe9,0xff,0xff,0xff,0xff,0xf0,
    0x25,0x00,0x00,0x01,0xa6,0xff,0xff,0xff,0xff,0xff,0xff,0xff,0xff,0xff,0xff,0xff,
    0xf2,0x48,0x00,0x00,0x00,0x00,0x02,0x7a,0xf5,0xff,0xff,0xff,0xff,0xff,0xff,0xff,
    0xff,0xc8,0x23,0x00,0x00,0x00,0x00,0x00,0x00,0x00,0x18,0x77,0xbf,0xea,0xfb,0xf5,
    0xd7,0x9e,0x47,0x01,0x00,0x00,0x00,0x00,0x00,0x00,0x00,0x00,0x00,0x00,0x00,0x00,
    0x00,0x88,0xff,0xff,0xff,0xea,0x12,0x00,0x00,0x00,0x00,0x00,0x00,0x00,0x00,0x00,
    0x00,0x00,0x00,0x2c,0xfa,0xff,0xff,0xff,0x5c,0x00,0x00,0x00,0x00,0x00,0x00,0x00,
    0x00,0x00,0x00,0x00,0x00,0x01,0xc5,0xff,0xff,0xff,0xbd,0x00,0x00,0x00,0x00,0x00,
    0x00,0x00,0x00,0x00,0x00,0x00,0x00,0x00,0x67,0xff,0xff,0xff,0xf8,0x26,0x00,0x00,
    0x00,0x00,0x00,0x00,0x00,0x00,0x00,0x00,0x00,0x00,0x17,0xef,0xff,0xff,0xff,0x7f,
    0x00,0x00,0x00,0x00,0x00,0x00,0x00,0x00,0x00,0x00,0x00,0x00,0x00,0xa6,0xff,0xff,
    0xff,0xd9,0x07,0x00,0x00,0x00,0x00,0x00,0x00,0x00,0x00,0x00,0x00,0x00,0x00,0x46,
    0xff,0xff,0xff,0xff,0x41,0x00,0x00,0x00,0x00,0x00,0x00,0x00,0x00,0x00,0x00,0x00,
    0x00,0x08,0xdc,0xff,0xff,0xff,0xa1,0x00,0x00,0x00,0x00,0x00,0x00,0x00,0x00,0x00,
    0x00,0x00,0x00,0x00,0x85,0xff,0xff,0xff,0xed,0x15,0x00,0x00,0x00,0x00,0x00,0x00,
    0x00,0x00,0x00,0x00,0x00,0x00,0x2a,0xfa,0xff,0xff,0xff,0x5c,0x00,0x00,0x00,0x00,
    0x00,0x00,0x00,0x00,0x00,0x00,0x00,0x00,0x00,0xc2,0xff,0xff,0xff,0xd8,0x74,0x8c,
    0x8b,0x70,0x38,0x01,0x00,0x00,0x00,0x00,0x00,0x00,0x00,0x5e,0xff,0xff,0xff,0xff,
    0xff,0xff,0xff,0xff,0xff,0xff,0xdb,0x55,0x00,0x00,0x00,0x00,0x00,0x0b,0xe6,0xff,
    0xff,0xff,0xff,0xff,0xff,0xff,0xff,0xff,0xff,0xff,0xff,0x94,0x05,0x00,0x00,0x00,
    0x7d,0xff,0xff,0xff,0xff,0xff,0xff,0xff,0xff,0xff,0xff,0xff,0xff,0xff,0xff,0x92,
    0x00,0x00,0x0c,0xee,0xff,0xff,0xff,0xff,0xc4,0x4b,0x11,0x07,0x27,0x7f,0xf5,0xff,
    0xff,0xff,0xff,0x4d,0x00,0x5f,0xff,0xff,0xff,0xff,0xa5,0x03,0x00,0x00,0x00,0x00,
    0x00,0x34,0xf5,0xff,0xff,0xff,0xd4,0x00,0xac,0xff,0xff,0xff,0xe7,0x0a,0x00,0x00,
    0x00,0x00,0x00,0x00,0x00,0x72,0xff,0xff,0xff,0xff,0x30,0xdb,0xff,0xff,0xff,0x8c,
    0x00,0x00,0x00,0x00,0x00,0x00,0x00,0x00,0x10,0xfd,0xff,0xff,0xff,0x6a,0xf2,0xff,
    0xff,0xff,0x5d,0x00,0x00,0x00,0x00,0x00,0x00,0x00,0x00,0x00,0xde,0xff,0xff,0xff,
    0x86,0xf3,0xff,0xff,0xff,0x56,0x00,0x00,0x00,0x00,0x00,0x00,0x00,0x00,0x00,0xd7,
    0xff,0xff,0xff,0x89,0xd9,0xff,0xff,0xff,0x74,0x00,0x00,0x00,0x00,0x00,0x00,0x00,
    0x00,0x03,0xf2,0xff,0xff,0xff,0x72,0xa5,0xff,0xff,0xff,0xc2,0x00,0x00,0x00,0x00,
    0x00,0x00,0x00,0x00,0x46,0xff,0xff,0xff,0xff,0x3e,0x51,0xff,0xff,0xff,0xff,0x56,
    0x00,0x00,0x00,0x00,0x00,0x00,0x0a,0xd2,0xff,0xff,0xff,0xe5,0x03,0x02,0xd3,0xff,
    0xff,0xff,0xf8,0x6a,0x04,0x00,0x00,0x00,0x28,0xc7,0xff,0xff,0xff,0xff,0x6a,0x00,
    0x00,0x2a,0xf3,0xff,0xff,0xff,0xff,0xec,0xb8,0xae,0xcf,0xfe,0xff,0xff,0xff,0xff,
    0xad,0x01,0x00,0x00,0x00,0x4d,0xf3,0xff,0xff,0xff,0xff,0xff,0xff,0xff,0xff,0xff,
    0xff,0xff,0xc1,0x0c,0x00,0x00,0x00,0x00,0x00,0x26,0xcb,0xff,0xff,0xff,0xff,0xff,
    0xff,0xff,0xff,0xfa,0x7f,0x03,0x00,0x00,0x00,0x00,0x00,0x00,0x00,0x01,0x4a,0xa0,
    0xd7,0xf6,0xfb,0xeb,0xc1,0x7c,0x1c,0x00,0x00,0x00,0x00,0x00,0xe8,0xff,0xff,0xff,
    0xff,0xff,0xff,0xff,0xff,0xff,0xff,0xff,0xff,0xff,0xff,0xff,0xff,0xe0,0xe8,0xff,
    0xff,0xff,0xff,0xff,0xff,0xff,0xff,0xff,0xff,0xff,0xff,0xff,0xff,0xff,0xff,0xe0,
    0xe8,0xff,0xff,0xff,0xff,0xff,0xff,0xff,0xff,0xff,0xff,0xff,0xff,0xff,0xff,0xff,
    0xff,0xd3,0x74,0x80,0x80,0x80,0x80,0x80,0x80,0x80,0x80,0x80,0x80,0x80,0x80,0xe9,
    0xff,0xff,0xff,0x7b,0x00,0x00,0x00,0x00,0x00,0x00,0x00,0x00,0x00,0x00,0x00,0x00,
    0x22,0xfe,0xff,0xff,0xfb,0x19,0x00,0x00,0x00,0x00,0x00,0x00,0x00,0x00,0x00,0x00,
    0x00,0x00,0x8a,0xff,0xff,0xff,0xaf,0x00,0x00,0x00,0x00,0x00,0x00,0x00,0x00,0x00,
    0x00,0x00,0x00,0x07,0xeb,0xff,0xff,0xff,0x4a,0x00,0x00,0x00,0x00,0x00,0x00,0x00,
    0x00,0x00,0x00,0x00,0x00,0x5b,0xff,0xff,0xff,0xe1,0x02,0x00,0x00,0x00,0x00,0x00,
    0x00,0x00,0x00,0x00,0x00,0x00,0x00,0xc4,0xff,0xff,0xff,0x7e,0x00,0x00,0x00,0x00,
    0x00,0x00,0x00,0x00,0x00,0x00,0x00,0x00,0x2d,0xff,0xff,0xff,0xfc,0x1b,0x00,0x00,
    0x00,0x00,0x00,0x00,0x00,0x00,0x00,0x00,0x00,0x00,0x96,0xff,0xff,0xff,0xb2,0x00,
    0x00,0x00,0x00,0x00,0x00,0x00,0x00,0x00,0x00,0x00,0x00,0x0c,0xf2,0xff,0xff,0xff,
    0x4c,0x00,0x00,0x00,0x00,0x00,0x00,0x00,0x00,0x00,0x00,0x00,0x00,0x67,0xff,0xff,
    0xff,0xe3,0x03,0x00,0x00,0x00,0x00,0x00,0x00,0x00,0x00,0x00,0x00,0x00,0x00,0xd0,
    0xff,0xff,0xff,0x80,0x00,0x00,0x00,0x00,0x00,0x00,0x00,0x00,0x00,0x00,0x00,0x00,
    0x39,0xff,0xff,0xff,0xfd,0x1e,0x00,0x00,0x00,0x00,0x00,0x00,0x00,0x00,0x00,0x00,
    0x00,0x00,0xa2,0xff,0xff,0xff,0xb5,0x00,0x00,0x00,0x00,0x00,0x00,0x00,0x00,0x00,
    0x00,0x00,0x00,0x13,0xf7,0xff,0xff,0xff,0x4f,0x00,0x00,0x00,0x00,0x00,0x00,0x00,
    0x00,0x00,0x00,0x00,0x00,0x74,0xff,0xff,0xff,0xe5,0x03,0x00,0x00,0x00,0x00,0x00,
    0x00,0x00,0x00,0x00,0x00,0x00,0x01,0xda,0xff,0xff,0xff,0x83,0x00,0x00,0x00,0x00,
    0x00,0x00,0x00,0x00,0x00,0x00,0x00,0x00,0x45,0xff,0xff,0xff,0xfd,0x1f,0x00,0x00,
    0x00,0x00,0x00,0x00,0x00,0x00,0x00,0x00,0x00,0x00,0xae,0xff,0xff,0xff,0xb7,0x00,
    0x00,0x00,0x00,0x00,0x00,0x00,0x00,0x00,0x00,0x00,0x00,0x1b,0xfb,0xff,0xff,0xff,
    0x52,0x00,0x00,0x00,0x00,0x00,0x00,0x00,0x00,0x00,0x00,0x00,0x00,0x80,0xff,0xff,
    0xff,0xe7,0x04,0x00,0x00,0x00,0x00,0x00,0x00,0x00,0x00,0x00,0x00,0x00,0x03,0xe4,
    0xff,0xff,0xff,0x86,0x00,0x00,0x00,0x00,0x00,0x00,0x00,0x00,0x00,0x00,0x00,0x00,
    0x51,0xff,0xff,0xff,0xfe,0x22,0x00,0x00,0x00,0x00,0x00,0x00,0x00,0x00,0x00,0x00,
    0x00,0x00,0xba,0xff,0xff,0xff,0xba,0x00,0x00,0x00,0x00,0x00,0x00,0x00,0x00,0x00,
    0x00,0x00,0x00,0x24,0xfe,0xff,0xff,0xff,0x54,0x00,0x00,0x00,0x00,0x00,0x00,0x00,
    0x00,0x00,0x00,0x00,0x00,0x8c,0xff,0xff,0xff,0xe9,0x05,0x00,0x00,0x00,0x00,0x00,
    0x00,0x00,0x00,0x00,0x00,0x00,0x00,0x00,0x00,0x08,0x53,0xaa,0xd6,0xf0,0xf4,0xdb,
    0xb6,0x62,0x0f,0x00,0x00,0x00,0x00,0x00,0x00,0x00,0x00,0x00,0x45,0xe0,0xff,0xff,
    0xff,0xff,0xff,0xff,0xff,0xff,0xec,0x59,0x00,0x00,0x00,0x00,0x00,0x00,0x00,0x64,
    0xff,0xff,0xff,0xff,0xff,0xff,0xff,0xff,0xff,0xff,0xff,0xff,0x77,0x00,0x00,0x00,
    0x00,0x00,0x3d,0xfb,0xff,0xff,0xff,0xfc,0xb3,0x7f,0x7c,0xa8,0xf8,0xff,0xff,0xff,
    0xfe,0x41,0x00,0x00,0x00,0x00,0xc6,0xff,0xff,0xff,0xec,0x33,0x00,0x00,0x00,0x00,
    0x23,0xdb,0xff,0xff,0xff,0xb9,0x00,0x00,0x00,0x1a,0xff,0xff,0xff,0xff,0x5b,0x00,
    0x00,0x00,0x00,0x00,0x00,0x36,0xff,0xff,0xff,0xff,0x0f,0x00,0x00,0x42,0xff,0xff,
    0xff,0xfe,0x09,0x00,0x00,0x00,0x00,0x00,0x00,0x00,0xe2,0xff,0xff,0xff,0x30,0x00,
    0x00,0x3c,0xff,0xff,0xff,0xfa,0x00,0x00,0x00,0x00,0x00,0x00,0x00,0x00,0xd3,0xff,
    0xff,0xff,0x34,0x00,0x00,0x18,0xff,0xff,0xff,0xff,0x29,0x00,0x00,0x00,0x00,0x00,
    0x00,0x0c,0xf7,0xff,0xff,0xff,0x11,0x00,0x00,0x00,0xbd,0xff,0xff,0xff,0xae,0x01,
    0x00,0x00,0x00,0x00,0x00,0x8d,0xff,0xff,0xff,0xb9,0x00,0x00,0x00,0x00,0x37,0xf8,
    0xff,0xff,0xff,0xb7,0x3d,0x0a,0x07,0x32,0xa3,0xff,0xff,0xff,0xf9,0x37,0x00,0x00,
    0x00,0x00,0x00,0x52,0xf6,0xff,0xff,0xff,0xff,0xff,0xff,0xff,0xff,0xff,0xff,0xfa,
    0x5b,0x00,0x00,0x00,0x00,0x00,0x00,0x00,0x25,0xe7,0xff,0xff,0xff,0xff,0xff,0xff,
    0xff,0xff,0xf4,0x34,0x00,0x00,0x00,0x00,0x00,0x00,0x00,0x29,0xc2,0xff,0xff,0xff,
    0xff,0xff,0xff,0xff,0xff,0xff,0xff,0xcf,0x33,0x00,0x00,0x00,0x00,0x00,0x2c,0xef,
    0xff,0xff,0xff,0xff,0xd2,0xa8,0xa4,0xc8,0xfc,0xff,0xff,0xff,0xf5,0x35,0x00,0x00,
    0x00,0x14,0xe4,0xff,0xff,0xff,0xd7,0x34,0x00,0x00,0x00,0x00,0x24,0xc4,0xff,0xff,
    0xff,0xe9,0x19,0x00,0x00,0x8e,0xff,0xff,0xff,0xe7,0x17,0x00,0x00,0x00,0x00,0x00,
    0x00,0x0b,0xd6,0xff,0xff,0xff,0x96,0x00,0x01,0xeb,0xff,0xff,0xff,0x73,0x00,0x00,
    0x00,0x00,0x00,0x00,0x00,0x00,0x57,0xff,0xff,0xff,0xf1,0x05,0x24,0xff,0xff,0xff,
    0xff,0x2e,0x00,0x00,0x00,0x00,0x00,0x00,0x00,0x00,0x13,0xff,0xff,0xff,0xff,0x2e,
    0x3a,0xff,0xff,0xff,0xff,0x18,0x00,0x00,0x00,0x00,0x00,0x00,0x00,0x00,0x00,0xfc,
    0xff,0xff,0xff,0x46,0x35,0xff,0xff,0xff,0xff,0x29,0x00,0x00,0x00,0x00,0x00,0x00,
    0x00,0x00,0x0f,0xff,0xff,0xff,0xff,0x40,0x12,0xff,0xff,0xff,0xff,0x6b,0x00,0x00,
    0x00,0x00,0x00,0x00,0x00,0x00,0x4f,0xff,0xff,0xff,0xff,0x1d,0x00,0xcc,0xff,0xff,
    0xff,0xe1,0x13,0x00,0x00,0x00,0x00,0x00,0x00,0x08,0xce,0xff,0xff,0xff,0xd8,0x00,
    0x00,0x5f,0xff,0xff,0xff,0xff,0xd2,0x33,0x00,0x00,0x00,0x00,0x23,0xbf,0xff,0xff,
    0xff,0xff,0x6d,0x00,0x00,0x02,0xb1,0xff,0xff,0xff,0xff,0xff,0xd4,0xaa,0xa7,0xca,
    0xfd,0xff,0xff,0xff,0xff,0xbf,0x05,0x00,0x00,0x00,0x0b,0xc7,0xff,0xff,0xff,0xff,
    0xff,0xff,0xff,0xff,0xff,0xff,0xff,0xff,0xd4,0x13,0x00,0x00,0x00,0x00,0x00,0x04,
    0x7e,0xfa,0xff,0xff,0xff,0xff,0xff,0xff,0xff,0xff,0xfd,0x90,0x09,0x00,0x00,0x00,
    0x00,0x00,0x00,0x00,0x00,0x1a,0x76,0xba,0xe5,0xf9,0xfb,0xea,0xc2,0x81,0x23,0x00,
    0x00,0x00,0x00,0x00,0x00,0x00,0x00,0x00,0x00,0x13,0x71,0xba,0xe6,0xfa,0xf5,0xdb,
    0xa7,0x54,0x03,0x00,0x00,0x00,0x00,0x00,0x00,0x00,0x00,0x00,0x6b,0xf5,0xff,0xff,
    0xff,0xff,0xff,0xff,0xff,0xff,0xd9,0x34,0x00,0x00,0x00,0x00,0x00,0x00,0x05,0xaf,
    0xff,0xff,0xff,0xff,0xff,0xff,0xff,0xff,0xff,0xff,0xff,0xfa,0x64,0x00,0x00,0x00,
    0x00,0x00,0x94,0xff,0xff,0xff,0xff,0xff,0xd2,0xac,0xb1,0xe3,0xff,0xff,0xff,0xff,
    0xfb,0x3e,0x00,0x00,0x00,0x4e,0xff,0xff,0xff,0xff,0xd2,0x30,0x00,0x00,0x00,0x00,
    0x56,0xf0,0xff,0xff,0xff,0xe6,0x0b,0x00,0x00,0xcb,0xff,0xff,0xff,0xe0,0x12,0x00,
    0x00,0x00,0x00,0x00,0x00,0x3a,0xfb,0xff,0xff,0xff,0x6e,0x00,0x1f,0xff,0xff,0xff,
    0xff,0x5f,0x00,0x00,0x00,0x00,0x00,0x00,0x00,0x00,0xa3,0xff,0xff,0xff,0xc4,0x00,
    0x53,0xff,0xff,0xff,0xff,0x10,0x00,0x00,0x00,0x00,0x00,0x00,0x00,0x00,0x54,0xff,
    0xff,0xff,0xf6,0x02,0x6a,0xff,0xff,0xff,0xf2,0x00,0x00,0x00,0x00,0x00,0x00,0x00,
    0x00,0x00,0x36,0xff,0xff,0xff,0xff,0x12,0x68,0xff,0xff,0xff,0xf9,0x00,0x00,0x00,
    0x00,0x00,0x00,0x00,0x00,0x00,0x3e,0xff,0xff,0xff,0xff,0x11,0x4d,0xff,0xff,0xff,
    0xff,0x28,0x00,0x00,0x00,0x00,0x00,0x00,0x00,0x00,0x6e,0xff,0xff,0xff,0xf8,0x00,
    0x17,0xfe,0xff,0xff,0xff,0x8b,0x00,0x00,0x00,0x00,0x00,0x00,0x00,0x02,0xd2,0xff,
    0xff,0xff,0xc8,0x00,0x00,0xbe,0xff,0xff,0xff,0xfb,0x46,0x00,0x00,0x00,0x00,0x00,
    0x00,0x8c,0xff,0xff,0xff,0xff,0x79,0x00,0x00,0x3c,0xfd,0xff,0xff,0xff,0xfa,0x8b,
    0x2d,0x08,0x0d,0x40,0xb4,0xff,0xff,0xff,0xff,0xf8,0x19,0x00,0x00,0x00,0x80,0xff,
    0xff,0xff,0xff,0xff,0xff,0xff,0xff,0xff,0xff,0xff,0xff,0xff,0xff,0x91,0x00,0x00,
    0x00,0x00,0x02,0x86,0xfe,0xff,0xff,0xff,0xff,0xff,0xff,0xff,0xff,0xff,0xff,0xff,
    0xf0,0x15,0x00,0x00,0x00,0x00,0x00,0x00,0x49,0xd3,0xff,0xff,0xff,0xff,0xff,0xff,
    0xff,0xff,0xff,0xff,0x6f,0x00,0x00,0x00,0x00,0x00,0x00,0x00,0x00,0x00,0x31,0x6c,
    0x8a,0x8e,0x79,0xca,0xff,0xff,0xff,0xd0,0x03,0x00,0x00,0x00,0x00,0x00,0x00,0x00,
    0x00,0x00,0x00,0x00,0x00,0x00,0x45,0xff,0xff,0xff,0xfe,0x39,0x00,0x00,0x00,0x00,
    0x00,0x00,0x00,0x00,0x00,0x00,0x00,0x00,0x00,0x09,0xdd,0xff,0xff,0xff,0x98,0x00,
    0x00,0x00,0x00,0x00,0x00,0x00,0x00,0x00,0x00,0x00,0x00,0x00,0x00,0x86,0xff,0xff,
    0xff,0xe9,0x11,0x00,0x00,0x00,0x00,0x00,0x00,0x00,0x00,0x00,0x00,0x00,0x00,0x00,
    0x2a,0xfa,0xff,0xff,0xff,0x5c,0x00,0x00,0x00,0x00,0x00,0x00,0x00,0x00,0x00,0x00,
    0x00,0x00,0x00,0x01,0xc3,0xff,0xff,0xff,0xbd,0x00,0x00,0x00,0x00,0x00,0x00,0x00,
    0x00,0x00,0x00,0x00,0x00,0x00,0x00,0x64,0xff,0xff,0xff,0xf8,0x27,0x00,0x00,0x00,
    0x00,0x00,0x00,0x00,0x00,0x00,0x00,0x00,0x00,0x00,0x15,0xed,0xff,0xff,0xff,0x81,
    0x00,0x00,0x00,0x00,0x00,0x00,0x00,0x00,0x00,0x00,0x00,0x00,0x00,0x00,0xa2,0xff,
    0xff,0xff,0xdb,0x08,0x00,0x00,0x00,0x00,0x00,0x00,0x00,0x00,0x00,0x00,0x00,0x00,
    0x00,0x41,0xff,0xff,0xff,0xff,0x45,0x00,0x00,0x00,0x00,0x00,0x00,0x00,0x00,0x00,
    0x00,0x00,0x00,0x00,0x07,0xd9,0xff,0xff,0xff,0xa7,0x00,0x00,0x00,0x00,0x00,0x00,
    0x00,0x00,0x00,0x00,0x00,0x67,0xe6,0xe8,0x73,0x00,0x33,0xfe,0xff,0xff,0xff,0x43,
    0x68,0xff,0xff,0xff,0xff,0x7b,0x37,0xff,0xff,0xff,0xff,0x48,0x00,0x72,0xf1,0xf2,
    0x7f,0x00,0x00,0x00,0x01,0x01,0x00,0x00,0x00,0x00,0x00,0x00,0x00,0x00,0x00,0x00,
    0x00,0x00,0x00,0x00,0x00,0x00,0x00,0x00,0x00,0x00,0x00,0x00,0x00,0x00,0x00,0x00,
    0x00,0x00,0x00,0x00,0x00,0x00,0x00,0x00,0x00,0x00,0x00,0x00,0x00,0x00,0x00,0x00,
    0x00,0x00,0x00,0x00,0x00,0x00,0x00,0x00,0x00,0x00,0x00,0x00,0x00,0x00,0x00,0x6a,
    0xea,0xec,0x77,0x00,0x34,0xfe,0xff,0xff,0xff,0x45,0x68,0xff,0xff,0xff,0xff,0x7b,
    0x33,0xfe,0xff,0xff,0xff,0x43,0x00,0x67,0xe6,0xe8,0x73,0x00,0x00,0x29,0xc7,0xf2,
    0xac,0x11,0x00,0x00,0xd1,0xff,0xff,0xff,0x99,0x00,0x08,0xff,0xff,0xff,0xff,0xcf,
    0x00,0x00,0xd6,0xff,0xff,0xff,0x9e,0x00,0x00,0x30,0xd4,0xfc,0xb9,0x15,0x00,0x00,
    0x00,0x00,0x02,0x00,0x00,0x00,0x00,0x00,0x00,0x00,0x00,0x00,0x00,0x00,0x00,0x00,
    0x00,0x00,0x00,0x00,0x00,0x00,0x00,0x00,0x00,0x00,0x00,0x00,0x00,0x00,0x00,0x00,
    0x00,0x00,0x00,0x00,0x00,0x00,0x00,0x00,0x00,0x00,0x00,0x00,0x00,0x00,0x00,0x00,
    0x00,0x00,0x00,0x00,0x00,0x00,0x00,0x00,0x00,0x00,0x00,0x00,0x00,0x00,0x00,0x00,
    0x00,0x02,0x00,0x00,0x00,0x00,0x4b,0xe5,0xf6,0xa0,0x09,0x00,0x08,0xef,0xff,0xff,
    0xff,0x81,0x00,0x25,0xff,0xff,0xff,0xff,0xdb,0x00,0x07,0xeb,0xff,0xff,0xff,0xf8,
    0x00,0x00,0x43,0xda,0xfd,0xff,0xf6,0x00,0x00,0x00,0x00,0x99,0xff,0xd3,0x00,0x00,
    0x00,0x06,0xdf,0xff,0x8b,0x00,0x00,0x01,0x91,0xff,0xf5,0x1f,0x00,0x3d,0xc8,0xff,
    0xff,0x61,0x00,0x00,0x88,0xff,0xf3,0x5d,0x00,0x00,0x00,0x5e,0x79,0x15,0x00,0x00,
    0x00,0x00,0x00,0x00,0x00,0x00,0x00,0x00,0x00,0x00,0x00,0x00,0x00,0x00,0x00,0x00,
    0x00,0x00,0x00,0x25,0x8c,0x22,0x00,0x00,0x00,0x00,0x00,0x00,0x00,0x00,0x00,0x00,
    0x00,0x00,0x00,0x00,0x03,0x51,0xba,0xfe,0xff,0x2c,0x00,0x00,0x00,0x00,0x00,0x00,
    0x00,0x00,0x00,0x00,0x00,0x00,0x1a,0x7e,0xe4,0xff,0xff,0xff,0xff,0x2c,0x00,0x00,
    0x00,0x00,0x00,0x00,0x00,0x00,0x00,0x00,0x42,0xab,0xfb,0xff,0xff,0xff,0xff,0xff,
    0xff,0x2a,0x00,0x00,0x00,0x00,0x00,0x00,0x00,0x10,0x70,0xd8,0xff,0xff,0xff,0xff,
    0xff,0xff,0xf7,0xa2,0x38,0x00,0x00,0x00,0x00,0x00,0x00,0x34,0x9d,0xf6,0xff,0xff,
    0xff,0xff,0xff,0xff,0xde,0x77,0x14,0x00,0x00,0x00,0x00,0x00,0x09,0x61,0xca,0xff,
    0xff,0xff,0xff,0xff,0xff,0xfd,0xb5,0x4b,0x02,0x00,0x00,0x00,0x00,0x00,0x0b,0x8f,
    0xef,0xff,0xff,0xff,0xff,0xff,0xff,0xeb,0x8a,0x21,0x00,0x00,0x00,0x00,0x00,0x00,
    0x00,0x00,0x24,0xff,0xff,0xff,0xff,0xff,0xff,0xc9,0x5e,0x07,0x00,0x00,0x00,0x00,
    0x00,0x00,0x00,0x00,0x00,0x00,0x24,0xff,0xff,0xff,0xff,0xff,0xab,0x16,0x00,0x00,
    0x00,0x00,0x00,0x00,0x00,0x00,0x00,0x00,0x00,0x00,0x24,0xff,0xff,0xff,0xff,0xff,
    0xff,0xf9,0xa5,0x3b,0x00,0x00,0x00,0x00,0x00,0x00,0x00,0x00,0x00,0x00,0x01,0x48,
    0xb1,0xfc,0xff,0xff,0xff,0xff,0xff,0xff,0xd0,0x67,0x0b,0x00,0x00,0x00,0x00,0x00,
    0x00,0x00,0x00,0x00,0x00,0x1d,0x83,0xe7,0xff,0xff,0xff,0xff,0xff,0xff,0xf0,0x92,
    0x28,0x00,0x00,0x00,0x00,0x00,0x00,0x00,0x00,0x00,0x00,0x05,0x56,0xbf,0xff,0xff,
    0xff,0xff,0xff,0xff,0xff,0xbe,0x53,0x04,0x00,0x00,0x00,0x00,0x00,0x00,0x00,0x00,
    0x00,0x00,0x29,0x92,0xf0,0xff,0xff,0xff,0xff,0xff,0xff,0xe4,0x7f,0x0b,0x00,0x00,
    0x00,0x00,0x00,0x00,0x00,0x00,0x00,0x00,0x0a,0x64,0xcd,0xff,0xff,0xff,0xff,0xff,
    0xff,0x2c,0x00,0x00,0x00,0x00,0x00,0x00,0x00,0x00,0x00,0x00,0x00,0x00,0x00,0x37,
    0xa0,0xf7,0xff,0xff,0xff,0x2c,0x00,0x00,0x00,0x00,0x00,0x00,0x00,0x00,0x00,0x00,
    0x00,0x00,0x00,0x00,0x00,0x12,0x73,0xdb,0xff,0x2c,0x00,0x00,0x00,0x00,0x00,0x00,
    0x00,0x00,0x00,0x00,0x00,0x00,0x00,0x00,0x00,0x00,0x00,0x01,0x45,0x16,0x24,0xff,
    0xff,0xff,0xff,0xff,0xff,0xff,0xff,0xff,0xff,0xff,0xff,0xff,0xff,0xff,0xff,0xff,
    0xff,0x2c,0x24,0xff,0xff,0xff,0xff,0xff,0xff,0xff,0xff,0xff,0xff,0xff,0xff,0xff,
    0xff,0xff,0xff,0xff,0xff,0x2c,0x24,0xff,0xff,0xff,0xff,0xff,0xff,0xff,0xff,0xff,
    0xff,0xff,0xff,0xff,0xff,0xff,0xff,0xff,0xff,0x2c,0x0f,0x6c,0x6c,0x6c,0x6c,0x6c,
    0x6c,0x6c,0x6c,0x6c,0x6c,0x6c,0x6c,0x6c,0x6c,0x6c,0x6c,0x6c,0x6c,0x12,0x00,0x00,
    0x00,0x00,0x00,0x00,0x00,0x00,0x00,0x00,0x00,0x00,0x00,0x00,0x00,0x00,0x00,0x00,
    0x00,0x00,0x00,0x00,0x00,0x00,0x00,0x00,0x00,0x00,0x00,0x00,0x00,0x00,0x00,0x00,
    0x00,0x00,0x00,0x00,0x00,0x00,0x00,0x00,0x00,0x00,0x00,0x00,0x00,0x00,0x00,0x00,
    0x00,0x00,0x00,0x00,0x00,0x00,0x00,0x00,0x00,0x00,0x00,0x00,0x00,0x00,0x00,0x00,
    0x00,0x00,0x00,0x00,0x00,0x00,0x00,0x00,0x00,0x00,0x00,0x00,0x00,0x00,0x24,0xff,
    0xff,0xff,0xff,0xff,0xff,0xff,0xff,0xff,0xff,0xff,0xff,0xff,0xff,0xff,0xff,0xff,
    0xff,0x2c,0x24,0xff,0xff,0xff,0xff,0xff,0xff,0xff,0xff,0xff,0xff,0xff,0xff,0xff,
    0xff,0xff,0xff,0xff,0xff,0x2c,0x24,0xff,0xff,0xff,0xff,0xff,0xff,0xff,0xff,0xff,
    0xff,0xff,0xff,0xff,0xff,0xff,0xff,0xff,0xff,0x2c,0x0f,0x6c,0x6c,0x6c,0x6c,0x6c,
    0x6c,0x6c,0x6c,0x6c,0x6c,0x6c,0x6c,0x6c,0x6c,0x6c,0x6c,0x6c,0x6c,0x12,0x1c,0x90,
    0x27,0x00,0x00,0x00,0x00,0x00,0x00,0x00,0x00,0x00,0x00,0x00,0x00,0x00,0x00,0x00,
    0x00,0x00,0x24,0xff,0xff,0xbd,0x54,0x04,0x00,0x00,0x00,0x00,0x00,0x00,0x00,0x00,
    0x00,0x00,0x00,0x00,0x00,0x00,0x24,0xff,0xff,0xff,0xff,0xe6,0x81,0x1c,0x00,0x00,
    0x00,0x00,0x00,0x00,0x00,0x00,0x00,0x00,0x00,0x00,0x22,0xff,0xff,0xff,0xff,0xff,
    0xff,0xfc,0xaf,0x45,0x01,0x00,0x00,0x00,0x00,0x00,0x00,0x00,0x00,0x00,0x00,0x34,
    0x9f,0xf6,0xff,0xff,0xff,0xff,0xff,0xff,0xdb,0x73,0x12,0x00,0x00,0x00,0x00,0x00,
    0x00,0x00,0x00,0x00,0x00,0x11,0x73,0xdb,0xff,0xff,0xff,0xff,0xff,0xff,0xf7,0xa0,
    0x37,0x00,0x00,0x00,0x00,0x00,0x00,0x00,0x00,0x00,0x00,0x01,0x47,0xb1,0xfc,0xff,
    0xff,0xff,0xff,0xff,0xff,0xcd,0x64,0x0b,0x00,0x00,0x00,0x00,0x00,0x00,0x00,0x00,
    0x00,0x00,0x1e,0x85,0xe9,0xff,0xff,0xff,0xff,0xff,0xff,0xf0,0x92,0x0e,0x00,0x00,
    0x00,0x00,0x00,0x00,0x00,0x00,0x00,0x00,0x06,0x5a,0xc4,0xff,0xff,0xff,0xff,0xff,
    0xff,0x2c,0x00,0x00,0x00,0x00,0x00,0x00,0x00,0x00,0x00,0x00,0x00,0x00,0x13,0xa2,
    0xff,0xff,0xff,0xff,0xff,0x2c,0x00,0x00,0x00,0x00,0x00,0x00,0x00,0x00,0x00,0x00,
    0x37,0xa1,0xf7,0xff,0xff,0xff,0xff,0xff,0xff,0x2c,0x00,0x00,0x00,0x00,0x00,0x00,
    0x00,0x09,0x62,0xcc,0xff,0xff,0xff,0xff,0xff,0xff,0xfd,0xb4,0x4b,0x02,0x00,0x00,
    0x00,0x00,0x00,0x25,0x8e,0xee,0xff,0xff,0xff,0xff,0xff,0xff,0xe9,0x87,0x1f,0x00,
    0x00,0x00,0x00,0x00,0x03,0x50,0xba,0xfe,0xff,0xff,0xff,0xff,0xff,0xff,0xc3,0x59,
    0x06,0x00,0x00,0x00,0x00,0x00,0x08,0x7b,0xe2,0xff,0xff,0xff,0xff,0xff,0xff,0xf1,
    0x95,0x2c,0x00,0x00,0x00,0x00,0x00,0x00,0x00,0x00,0x24,0xff,0xff,0xff,0xff,0xff,
    0xff,0xd1,0x68,0x0c,0x00,0x00,0x00,0x00,0x00,0x00,0x00,0x00,0x00,0x00,0x24,0xff,
    0xff,0xff,0xf8,0xa4,0x3a,0x00,0x00,0x00,0x00,0x00,0x00,0x00,0x00,0x00,0x00,0x00,
    0x00,0x00,0x24,0xff,0xdd,0x76,0x14,0x00,0x00,0x00,0x00,0x00,0x00,0x00,0x00,0x00,
    0x00,0x00,0x00,0x00,0x00,0x00,0x12,0x49,0x01,0x00,0x00,0x00,0x00,0x00,0x00,0x00,
    0x00,0x00,0x00,0x00,0x00,0x00,0x00,0x00,0x00,0x00,0x00,0x00,0x00,0x00,0x00,0x00,
    0x2d,0x6e,0x99,0xa9,0x9d,0x84,0x4a,0x06,0x00,0x00,0x00,0x00,0x00,0x00,0x00,0x00,
    0x44,0xca,0xff,0xff,0xff,0xff,0xff,0xff,0xff,0xee,0x71,0x03,0x00,0x00,0x00,0x00,
    0x03,0x90,0xff,0xff,0xff,0xff,0xff,0xff,0xff,0xff,0xff,0xff,0xff,0xbd,0x07,0x00,
    0x00,0x00,0x99,0xff,0xff,0xff,0xff,0xff,0xff,0xff,0xff,0xff,0xff,0xff,0xff,0xff,
    0xa5,0x00,0x00,0x56,0xff,0xff,0xff,0xff,0xd4,0x5a,0x16,0x08,0x29,0x81,0xf5,0xff,
    0xff,0xff,0xff,0x39,0x03,0xdf,0xff,0xff,0xff,0xac,0x06,0x00,0x00,0x00,0x00,0x00,
    0x3e,0xfd,0xff,0xff,0xff,0x90,0x1d,0xe0,0xff,0xff,0xd2,0x08,0x00,0x00,0x00,0x00,
    0x00,0x00,0x00,0xbf,0xff,0xff,0xff,0xb9,0x00,0x09,0x7f,0xf5,0x43,0x00,0x00,0x00,
    0x00,0x00,0x00,0x00,0x00,0xa4,0xff,0xff,0xff,0xb8,0x00,0x00,0x00,0x18,0x00,0x00,
    0x00,0x00,0x00,0x00,0x00,0x00,0x00,0xca,0xff,0xff,0xff,0x92,0x00,0x00,0x00,0x00,
    0x00,0x00,0x00,0x00,0x00,0x00,0x00,0x00,0x3c,0xff,0xff,0xff,0xff,0x3a,0x00,0x00,
    0x00,0x00,0x00,0x00,0x00,0x00,0x00,0x00,0x00,0x20,0xe6,0xff,0xff,0xff,0xac,0x00,
    0x00,0x00,0x00,0x00,0x00,0x00,0x00,0x00,0x00,0x00,0x28,0xe3,0xff,0xff,0xff,0xd3,
    0x10,0x00,0x00,0x00,0x00,0x00,0x00,0x00,0x00,0x00,0x00,0x39,0xec,0xff,0xff,0xff,
    0xcd,0x15,0x00,0x00,0x00,0x00,0x00,0x00,0x00,0x00,0x00,0x00,0x3b,0xf4,0xff,0xff,
    0xff,0xbd,0x0d,0x00,0x00,0x00,0x00,0x00,0x00,0x00,0x00,0x00,0x00,0x16,0xe9,0xff,
    0xff,0xff,0xaf,0x06,0x00,0x00,0x00,0x00,0x00,0x00,0x00,0x00,0x00,0x00,0x00,0x92,
    0xff,0xff,0xff,0xc3,0x06,0x00,0x00,0x00,0x00,0x00,0x00,0x00,0x00,0x00,0x00,0x00,
    0x03,0xed,0xff,0xff,0xf8,0x20,0x00,0x00,0x00,0x00,0x00,0x00,0x00,0x00,0x00,0x00,
    0x00,0x00,0x23,0xff,0xff,0xff,0xa2,0x00,0x00,0x00,0x00,0x00,0x00,0x00,0x00,0x00,
    0x00,0x00,0x00,0x00,0x33,0xff,0xff,0xff,0x5b,0x00,0x00,0x00,0x00,0x00,0x00,0x00,
    0x00,0x00,0x00,0x00,0x00,0x00,0x23,0xff,0xff,0xff,0x42,0x00,0x00,0x00,0x00,0x00,
    0x00,0x00,0x00,0x00,0x00,0x00,0x00,0x00,0x04,0xf4,0xff,0xff,0x4c,0x00,0x00,0x00,
    0x00,0x00,0x00,0x00,0x00,0x00,0x00,0x00,0x00,0x00,0x00,0x54,0x68,0x68,0x28,0x00,
    0x00,0x00,0x00,0x00,0x00,0x00,0x00,0x00,0x00,0x00,0x00,0x00,0x00,0x00,0x00,0x00,
    0x00,0x00,0x00,0x00,0x00,0x00,0x00,0x00,0x00,0x00,0x00,0x00,0x00,0x00,0x00,0x00,
    0x00,0x00,0x00,0x00,0x00,0x00,0x00,0x00,0x00,0x00,0x00,0x00,0x00,0x00,0x00,0x00,
    0x00,0x00,0x00,0x00,0x00,0x00,0x00,0x00,0x00,0x00,0x00,0x00,0x00,0x00,0x00,0x00,
    0x00,0x00,0x00,0x48,0xd8,0xe9,0x88,0x01,0x00,0x00,0x00,0x00,0x00,0x00,0x00,0x00,
    0x00,0x00,0x00,0x00,0x14,0xf3,0xff,0xff,0xff,0x5f,0x00,0x00,0x00,0x00,0x00,0x00,
    0x00,0x00,0x00,0x00,0x00,0x00,0x40,0xff,0xff,0xff,0xff,0x97,0x00,0x00,0x00,0x00,
    0x00,0x00,0x00,0x00,0x00,0x00,0x00,0x00,0x15,0xf4,0xff,0xff,0xff,0x62,0x00,0x00,
    0x00,0x00,0x00,0x00,0x00,0x00,0x00,0x00,0x00,0x00,0x00,0x4b,0xdd,0xed,0x8c,0x01,
    0x00,0x00,0x00,0x00,0x00,0x00,0x00,0x00,0x00,0x00,0x00,0x00,0x00,0x00,0x00,0x00,
    0x00,0x00,0x00,0x00,0x00,0x01,0x11,0x1f,0x28,0x1c,0x0d,0x00,0x00,0x00,0x00,0x00,
    0x00,0x00,0x00,0x00,0x00,0x00,0x00,0x00,0x00,0x00,0x00,0x00,0x00,0x00,0x00,0x00,
    0x00,0x00,0x00,0x00,0x07,0x4a,0x96,0xc9,0xf4,0xff,0xff,0xff,0xff,0xff,0xe9,0xbe,
    0x7f,0x32,0x00,0x00,0x00,0x00,0x00,0x00,0x00,0x00,0x00,0x00,0x00,0x00,0x00,0x00,
    0x00,0x00,0x00,0x00,0x00,0x1a,0x89,0xf0,0xff,0xff,0xff,0xff,0xff,0xff,0xff,0xff,
    0xff,0xff,0xff,0xff,0xff,0xd1,0x5f,0x03,0x00,0x00,0x00,0x00,0x00,0x00,0x00,0x00,
    0x00,0x00,0x00,0x00,0x00,0x00,0x05,0x7a,0xf7,0xff,0xff,0xff,0xff,0xff,0xff,0xff,
    0xff,0xff,0xff,0xff,0xff,0xff,0xff,0xff,0xff,0xff,0xcf,0x36,0x00,0x00,0x00,0x00,
    0x00,0x00,0x00,0x00,0x00,0x00,0x00,0x00,0x1d,0xce,0xff,0xff,0xff,0xff,0xf8,0xb5,
    0x6d,0x3e,0x19,0x0b,0x04,0x11,0x28,0x51,0x8e,0xdb,0xff,0xff,0xff,0xff,0xfb,0x69,
    0x00,0x00,0x00,0x00,0x00,0x00,0x00,0x00,0x00,0x00,0x30,0xe7,0xff,0xff,0xff,0xef,
    0x7e,0x12,0x00,0x00,0x00,0x00,0x00,0x00,0x00,0x00,0x00,0x00,0x00,0x47,0xc4,0xff,
    0xff,0xff,0xff,0x7f,0x00,0x00,0x00,0x00,0x00,0x00,0x00,0x00,0x21,0xe8,0xff,0xff,
    0xff,0xae,0x18,0x00,0x00,0x00,0x00,0x00,0x00,0x00,0x00,0x00,0x00,0x00,0x00,0x00,
    0x00,0x01,0x68,0xf9,0xff,0xff,0xff,0x63,0x00,0x00,0x00,0x00,0x00,0x00,0x08,0xd5,
    0xff,0xff,0xff,0x81,0x00,0x00,0x00,0x00,0x00,0x00,0x00,0x00,0x00,0x00,0x00,0x00,
    0x00,0x00,0x00,0x00,0x00,0x00,0x3d,0xf4,0xff,0xff,0xf7,0x26,0x00,0x00,0x00,0x00,
    0x00,0x8c,0xff,0xff,0xff,0x84,0x00,0x00,0x00,0x00,0x00,0x00,0x00,0x00,0x00,0x00,
    0x00,0x00,0x00,0x00,0x00,0x00,0x00,0x00,0x00,0x00,0x4a,0xfd,0xff,0xff,0xc2,0x00,
    0x00,0x00,0x00,0x25,0xfc,0xff,0xff,0xb4,0x00,0x00,0x00,0x00,0x00,0x00,0x19,0x84,
    0xcf,0xf5,0xf3,0xd3,0x84,0x1c,0x00,0x15,0x8c,0x8c,0x83,0x00,0x00,0x00,0x91,0xff,
    0xff,0xff,0x44,0x00,0x00,0x00,0x9f,0xff,0xff,0xf2,0x1b,0x00,0x00,0x00,0x00,0x00,
    0x53,0xf4,0xff,0xff,0xff,0xff,0xff,0xff,0xf1,0x5a,0x32,0xff,0xff,0xf0,0x00,0x00,
    0x00,0x0c,0xed,0xff,0xff,0xb8,0x00,0x00,0x10,0xfa,0xff,0xff,0x87,0x00,0x00,0x00,
    0x00,0x00,0x68,0xfe,0xff,0xff,0xff,0xff,0xff,0xff,0xff,0xff,0xfd,0x94,0xff,0xff,
    0xf0,0x00,0x00,0x00,0x00,0x83,0xff,0xff,0xfb,0x12,0x00,0x5e,0xff,0xff,0xfd,0x19,
    0x00,0x00,0x00,0x00,0x2b,0xf8,0xff,0xff,0xff,0xec,0xa1,0x86,0x9b,0xe1,0xff,0xff,
    0xff,0xff,0xff,0xf0,0x00,0x00,0x00,0x00,0x27,0xff,0xff,0xff,0x5d,0x00,0xa7,0xff,
    0xff,0xc2,0x00,0x00,0x00,0x00,0x00,0xc2,0xff,0xff,0xff,0xaf,0x0e,0x00,0x00,0x00,
    0x04,0x79,0xfe,0xff,0xff,0xff,0xf0,0x00,0x00,0x00,0x00,0x00,0xdc,0xff,0xff,0x90,
    0x00,0xd7,0xff,0xff,0x80,0x00,0x00,0x00,0x00,0x2b,0xff,0xff,0xff,0xd8,0x07,0x00,
    0x00,0x00,0x00,0x00,0x00,0x82,0xff,0xff,0xff,0xf0,0x00,0x00,0x00,0x00,0x00,0xac,
    0xff,0xff,0xbd,0x05,0xfc,0xff,0xff,0x51,0x00,0x00,0x00,0x00,0x73,0xff,0xff,0xff,
    0x68,0x00,0x00,0x00,0x00,0x00,0x00,0x00,0x0c,0xf4,0xff,0xff,0xf0,0x00,0x00,0x00,
    0x00,0x00,0x84,0xff,0xff,0xd8,0x16,0xff,0xff,0xff,0x34,0x00,0x00,0x00,0x00,0xa0,
    0xff,0xff,0xff,0x28,0x00,0x00,0x00,0x00,0x00,0x00,0x00,0x00,0xbe,0xff,0xff,0xf0,
    0x00,0x00,0x00,0x00,0x00,0x73,0xff,0xff,0xe6,0x25,0xff,0xff,0xff,0x26,0x00,0x00,
    0x00,0x00,0xb5,0xff,0xff,0xff,0x0c,0x00,0x00,0x00,0x00,0x00,0x00,0x00,0x00,0xa2,
    0xff,0xff,0xf0,0x00,0x00,0x00,0x00,0x00,0x67,0xff,0xff,0xf0,0x25,0xff,0xff,0xff,
    0x27,0x00,0x00,0x00,0x00,0xb6,0xff,0xff,0xff,0x0a,0x00,0x00,0x00,0x00,0x00,0x00,
    0x00,0x00,0x9f,0xff,0xff,0xf0,0x00,0x00,0x00,0x00,0x00,0x6c,0xff,0xff,0xe5,0x16,
    0xff,0xff,0xff,0x35,0x00,0x00,0x00,0x00,0xa6,0xff,0xff,0xff,0x21,0x00,0x00,0x00,
    0x00,0x00,0x00,0x00,0x00,0xb6,0xff,0xff,0xf0,0x00,0x00,0x00,0x00,0x00,0x82,0xff,
    0xff,0xd4,0x05,0xfc,0xff,0xff,0x54,0x00,0x00,0x00,0x00,0x7f,0xff,0xff,0xff,0x5b,
    0x00,0x00,0x00,0x00,0x00,0x00,0x00,0x04,0xec,0xff,0xff,0xf3,0x00,0x00,0x00,0x00,
    0x00,0xa9,0xff,0xff,0xac,0x00,0xd6,0xff,0xff,0x82,0x00,0x00,0x00,0x00,0x3e,0xff,
    0xff,0xff,0xc6,0x01,0x00,0x00,0x00,0x00,0x00,0x00,0x62,0xff,0xff,0xff,0xff,0x09,
    0x00,0x00,0x00,0x02,0xe8,0xff,0xff,0x78,0x00,0xa5,0xff,0xff,0xc8,0x00,0x00,0x00,
    0x00,0x02,0xda,0xff,0xff,0xff,0x88,0x01,0x00,0x00,0x00,0x00,0x46,0xf3,0xff,0xff,
    0xff,0xff,0x49,0x00,0x00,0x00,0x54,0xff,0xff,0xff,0x28,0x00,0x5c,0xff,0xff,0xfe,
    0x1e,0x00,0x00,0x00,0x00,0x4a,0xff,0xff,0xff,0xff,0xca,0x70,0x55,0x6a,0xb4,0xff,
    0xff,0xf3,0xf4,0xff,0xff,0xd9,0x33,0x0a,0x4b,0xec,0xff,0xff,0xbe,0x00,0x00,0x0f,
    0xf9,0xff,0xff,0x90,0x00,0x00,0x00,0x00,0x00,0x92,0xff,0xff,0xff,0xff,0xff,0xff,
    0xff,0xff,0xff,0xff,0x66,0x8b,0xff,0xff,0xff,0xff,0xff,0xff,0xff,0xff,0xfa,0x35,
    0x00,0x00,0x00,0x9c,0xff,0xff,0xf6,0x22,0x00,0x00,0x00,0x00,0x01,0x81,0xfe,0xff,
    0xff,0xff,0xff,0xff,0xff,0xfe,0x82,0x00,0x0f,0xca,0xff,0xff,0xff,0xff,0xff,0xff,
    0xfc,0x62,0x00,0x00,0x00,0x00,0x24,0xfb,0xff,0xff,0xbe,0x03,0x00,0x00,0x00,0x00,
    0x00,0x3b,0xaf,0xf5,0xff,0xff,0xf8,0xae,0x3d,0x00,0x00,0x00,0x0d,0x85,0xea,0xff,
    0xff,0xfc,0xb8,0x3a,0x00,0x00,0x00,0x00,0x00,0x00,0x87,0xff,0xff,0xff,0x95,0x00,
    0x00,0x00,0x00,0x00,0x00,0x00,0x03,0x1e,0x1b,0x02,0x00,0x00,0x00,0x00,0x00,0x00,
    0x00,0x00,0x12,0x1e,0x06,0x00,0x00,0x00,0x00,0x00,0x00,0x00,0x00,0x07,0xd3,0xff,
    0xff,0xff,0x96,0x03,0x00,0x00,0x00,0x00,0x00,0x00,0x00,0x00,0x00,0x00,0x00,0x00,
    0x00,0x00,0x00,0x00,0x00,0x00,0x00,0x00,0x00,0x00,0x00,0x00,0x00,0x00,0x00,0x00,
    0x00,0x1f,0xe6,0xff,0xff,0xff,0xc2,0x26,0x00,0x00,0x00,0x00,0x00,0x00,0x00,0x00,
    0x00,0x00,0x00,0x00,0x00,0x00,0x1d,0x00,0x00,0x00,0x00,0x00,0x00,0x00,0x00,0x00,
    0x00,0x00,0x00,0x00,0x00,0x2d,0xe4,0xff,0xff,0xff,0xf8,0x97,0x26,0x00,0x00,0x00,
    0x00,0x00,0x00,0x00,0x00,0x00,0x00,0x29,0x9b,0xfb,0x38,0x00,0x00,0x00,0x00,0x00,
    0x00,0x00,0x00,0x00,0x00,0x00,0x00,0x00,0x00,0x1b,0xc9,0xff,0xff,0xff,0xff,0xff,
    0xd2,0x8c,0x5e,0x3e,0x30,0x2e,0x3f,0x59,0x8c,0xcb,0xff,0xff,0xff,0xc8,0x01,0x00,
    0x00,0x00,0x00,0x00,0x00,0x00,0x00,0x00,0x00,0x00,0x00,0x00,0x00,0x03,0x73,0xf3,
    0xff,0xff,0xff,0xff,0xff,0xff,0xff,0xff,0xff,0xff,0xff,0xff,0xff,0xff,0xff,0xff,
    0xce,0x14,0x00,0x00,0x00,0x00,0x00,0x00,0x00,0x00,0x00,0x00,0x00,0x00,0x00,0x00,
    0x00,0x00,0x12,0x7d,0xe4,0xff,0xff,0xff,0xff,0xff,0xff,0xff,0xff,0xff,0xff,0xff,
    0xff,0xdb,0x70,0x04,0x00,0x00,0x00,0x00,0x00,0x00,0x00,0x00,0x00,0x00,0x00,0x00,
    0x00,0x00,0x00,0x00,0x00,0x00,0x00,0x01,0x35,0x7c,0xab,0xd6,0xea,0xf8,0xf9,0xea,
    0xd9,0xb1,0x7d,0x3d,0x01,0x00,0x00,0x00,0x00,0x00,0x00,0x00,0x00,0x00,0x00,0x00,
    0x00,0x00,0x00,0x00,0x00,0x00,0x00,0x00,0x00,0x2d,0xff,0xff,0xff,0xb6,0x00,0x00,
    0x00,0x00,0x00,0x00,0x00,0x00,0x00,0x00,0x00,0x00,0x00,0x00,0x00,0x00,0x00,0x00,
    0x00,0x00,0x00,0x90,0xff,0xff,0xff,0xfd,0x1f,0x00,0x00,0x00,0x00,0x00,0x00,0x00,
    0x00,0x00,0x00,0x00,0x00,0x00,0x00,0x00,0x00,0x00,0x00,0x00,0x06,0xeb,0xff,0xff,
    0xff,0xff,0x83,0x00,0x00,0x00,0x00,0x00,0x00,0x00,0x00,0x00,0x00,0x00,0x00,0x00,
    0x00,0x00,0x00,0x00,0x00,0x00,0x54,0xff,0xff,0xff,0xff,0xff,0xe5,0x03,0x00,0x00,
    0x00,0x00,0x00,0x00,0x00,0x00,0x00,0x00,0x00,0x00,0x00,0x00,0x00,0x00,0x00,0x00,
    0xb7,0xff,0xff,0xff,0xff,0xff,0xff,0x4f,0x00,0x00,0x00,0x00,0x00,0x00,0x00,0x00,
    0x00,0x00,0x00,0x00,0x00,0x00,0x00,0x00,0x00,0x1b,0xfc,0xff,0xff,0xdc,0xff,0xff,
    0xff,0xb5,0x00,0x00,0x00,0x00,0x00,0x00,0x00,0x00,0x00,0x00,0x00,0x00,0x00,0x00,
    0x00,0x00,0x00,0x7b,0xff,0xff,0xff,0x3d,0xef,0xff,0xff,0xfd,0x1e,0x00,0x00,0x00,
    0x00,0x00,0x00,0x00,0x00,0x00,0x00,0x00,0x00,0x00,0x00,0x00,0x01,0xdc,0xff,0xff,
    0xd9,0x00,0x97,0xff,0xff,0xff,0x81,0x00,0x00,0x00,0x00,0x00,0x00,0x00,0x00,0x00,
    0x00,0x00,0x00,0x00,0x00,0x00,0x40,0xff,0xff,0xff,0x7d,0x00,0x35,0xff,0xff,0xff,
    0xe4,0x03,0x00,0x00,0x00,0x00,0x00,0x00,0x00,0x00,0x00,0x00,0x00,0x00,0x00,0x00,
    0xa2,0xff,0xff,0xff,0x22,0x00,0x00,0xd3,0xff,0xff,0xff,0x4e,0x00,0x00,0x00,0x00,
    0x00,0x00,0x00,0x00,0x00,0x00,0x00,0x00,0x00,0x0e,0xf5,0xff,0xff,0xc5,0x00,0x00,
    0x00,0x72,0xff,0xff,0xff,0xb4,0x00,0x00,0x00,0x00,0x00,0x00,0x00,0x00,0x00,0x00,
    0x00,0x00,0x00,0x67,0xff,0xff,0xff,0x69,0x00,0x00,0x00,0x16,0xfa,0xff,0xff,0xfc,
    0x1d,0x00,0x00,0x00,0x00,0x00,0x00,0x00,0x00,0x00,0x00,0x00,0x00,0xc9,0xff,0xff,
    0xfa,0x13,0x00,0x00,0x00,0x00,0xaf,0xff,0xff,0xff,0x80,0x00,0x00,0x00,0x00,0x00,
    0x00,0x00,0x00,0x00,0x00,0x00,0x2b,0xff,0xff,0xff,0xb1,0x00,0x00,0x00,0x00,0x00,
    0x4e,0xff,0xff,0xff,0xe3,0x03,0x00,0x00,0x00,0x00,0x00,0x00,0x00,0x00,0x00,0x00,
    0x8e,0xff,0xff,0xff,0x55,0x00,0x00,0x00,0x00,0x00,0x04,0xe7,0xff,0xff,0xff,0x4c,
    0x00,0x00,0x00,0x00,0x00,0x00,0x00,0x00,0x00,0x05,0xea,0xff,0xff,0xf1,0x08,0x00,
    0x00,0x00,0x00,0x00,0x00,0x8b,0xff,0xff,0xff,0xb3,0x00,0x00,0x00,0x00,0x00,0x00,
    0x00,0x00,0x00,0x52,0xff,0xff,0xff,0x9d,0x00,0x00,0x00,0x00,0x00,0x00,0x00,0x29,
    0xff,0xff,0xff,0xfc,0x1c,0x00,0x00,0x00,0x00,0x00,0x00,0x00,0x00,0xb4,0xff,0xff,
    0xff,0xff,0xff,0xff,0xff,0xff,0xff,0xff,0xff,0xff,0xff,0xff,0xff,0xff,0x7f,0x00,
    0x00,0x00,0x00,0x00,0x00,0x00,0x1a,0xfc,0xff,0xff,0xff,0xff,0xff,0xff,0xff,0xff,
    0xff,0xff,0xff,0xff,0xff,0xff,0xff,0xff,0xe2,0x02,0x00,0x00,0x00,0x00,0x00,0x00,
    0x79,0xff,0xff,0xff,0xff,0xff,0xff,0xff,0xff,0xff,0xff,0xff,0xff,0xff,0xff,0xff,
    0xff,0xff,0xff,0x4b,0x00,0x00,0x00,0x00,0x00,0x00,0xda,0xff,0xff,0xfe,0x8c,0x88,
    0x88,0x88,0x88,0x88,0x88,0x88,0x88,0x88,0x88,0xc6,0xff,0xff,0xff,0xb1,0x00,0x00,
    0x00,0x00,0x00,0x3e,0xff,0xff,0xff,0xc1,0x00,0x00,0x00,0x00,0x00,0x00,0x00,0x00,
    0x00,0x00,0x00,0x3e,0xff,0xff,0xff,0xfc,0x1b,0x00,0x00,0x00,0x00,0xa0,0xff,0xff,
    0xff,0x63,0x00,0x00,0x00,0x00,0x00,0x00,0x00,0x00,0x00,0x00,0x00,0x00,0xdb,0xff,
    0xff,0xff,0x7e,0x00,0x00,0x00,0x0d,0xf4,0xff,0xff,0xf6,0x0e,0x00,0x00,0x00,0x00,
    0x00,0x00,0x00,0x00,0x00,0x00,0x00,0x00,0x7b,0xff,0xff,0xff,0xe1,0x02,0x00,0x00,
    0x64,0xff,0xff,0xff,0xa7,0x00,0x00,0x00,0x00,0x00,0x00,0x00,0x00,0x00,0x00,0x00,
    0x00,0x00,0x1c,0xfd,0xff,0xff,0xff,0x4a,0x00,0x00,0xc7,0xff,0xff,0xff,0x4a,0x00,
    0x00,0x00,0x00,0x00,0x00,0x00,0x00,0x00,0x00,0x00,0x00,0x00,0x00,0xb8,0xff,0xff,
    0xff,0xb0,0x00,0x28,0xff,0xff,0xff,0xe8,0x03,0x00,0x00,0x00,0x00,0x00,0x00,0x00,
    0x00,0x00,0x00,0x00,0x00,0x00,0x00,0x56,0xff,0xff,0xff,0xfb,0x1a,0x8b,0xff,0xff,
    0xff,0x8e,0x00,0x00,0x00,0x00,0x00,0x00,0x00,0x00,0x00,0x00,0x00,0x00,0x00,0x00,
    0x00,0x07,0xed,0xff,0xff,0xff,0x7c,0xd0,0xff,0xff,0xff,0xff,0xff,0xff,0xff,0xff,
    0xfc,0xee,0xd9,0xaa,0x6d,0x14,0x00,0x00,0x00,0x00,0x00,0x00,0xd0,0xff,0xff,0xff,
    0xff,0xff,0xff,0xff,0xff,0xff,0xff,0xff,0xff,0xff,0xf9,0x8f,0x0d,0x00,0x00,0x00,
    0x00,0xd0,0xff,0xff,0xff,0xff,0xff,0xff,0xff,0xff,0xff,0xff,0xff,0xff,0xff,0xff,
    0xff,0xd8,0x1b,0x00,0x00,0x00,0xd0,0xff,0xff,0xff,0xa5,0x8c,0x8c,0x8c,0x8c,0x95,
    0xad,0xe0,0xff,0xff,0xff,0xff,0xff,0xd5,0x06,0x00,0x00,0xd0,0xff,0xff,0xff,0x38,
    0x00,0x00,0x00,0x00,0x00,0x00,0x00,0x3e,0xcf,0xff,0xff,0xff,0xff,0x76,0x00,0x00,
    0xd0,0xff,0xff,0xff,0x38,0x00,0x00,0x00,0x00,0x00,0x00,0x00,0x00,0x0b,0xd3,0xff,
    0xff,0xff,0xd4,0x00,0x00,0xd0,0xff,0xff,0xff,0x38,0x00,0x00,0x00,0x00,0x00,0x00,
    0x00,0x00,0x00,0x59,0xff,0xff,0xff,0xff,0x0a,0x00,0xd0,0xff,0xff,0xff,0x38,0x00,
    0x00,0x00,0x00,0x00,0x00,0x00,0x00,0x00,0x2c,0xff,0xff,0xff,0xff,0x20,0x00,0xd0,
    0xff,0xff,0xff,0x38,0x00,0x00,0x00,0x00,0x00,0x00,0x00,0x00,0x00,0x3e,0xff,0xff,
    0xff,0xff,0x0e,0x00,0xd0,0xff,0xff,0xff,0x38,0x00,0x00,0x00,0x00,0x00,0x00,0x00,
    0x00,0x00,0x98,0xff,0xff,0xff,0xe6,0x00,0x00,0xd0,0xff,0xff,0xff,0x38,0x00,0x00,
    0x00,0x00,0x00,0x00,0x00,0x00,0x61,0xfd,0xff,0xff,0xff,0x85,0x00,0x00,0xd0,0xff,
    0xff,0xff,0x38,0x00,0x00,0x00,0x00,0x08,0x22,0x59,0xbb,0xff,0xff,0xff,0xff,0xda,
    0x11,0x00,0x00,0xd0,0xff,0xff,0xff,0xff,0xff,0xff,0xff,0xff,0xff,0xff,0xff,0xff,
    0xff,0xff,0xff,0xce,0x23,0x00,0x00,0x00,0xd0,0xff,0xff,0xff,0xff,0xff,0xff,0xff,
    0xff,0xff,0xff,0xff,0xff,0xff,0xff,0xf4,0x5a,0x03,0x00,0x00,0x00,0xd0,0xff,0xff,
    0xff,0xff,0xff,0xff,0xff,0xff,0xff,0xff,0xff,0xff,0xff,0xff,0xff,0xff,0xd5,0x32,
    0x00,0x00,0xd0,0xff,0xff,0xff,0x7c,0x58,0x58,0x58,0x58,0x58,0x5f,0x70,0x9a,0xe4,
    0xff,0xff,0xff,0xff,0xf5,0x37,0x00,0xd0,0xff,0xff,0xff,0x38,0x00,0x00,0x00,0x00,
    0x00,0x00,0x00,0x00,0x02,0x65,0xf7,0xff,0xff,0xff,0xda,0x05,0xd0,0xff,0xff,0xff,
    0x38,0x00,0x00,0x00,0x00,0x00,0x00,0x00,0x00,0x00,0x00,0x54,0xff,0xff,0xff,0xff,
    0x50,0xd0,0xff,0xff,0xff,0x38,0x00,0x00,0x00,0x00,0x00,0x00,0x00,0x00,0x00,0x00,
    0x00,0xd2,0xff,0xff,0xff,0x90,0xd0,0xff,0xff,0xff,0x38,0x00,0x00,0x00,0x00,0x00,
    0x00,0x00,0x00,0x00,0x00,0x00,0x9f,0xff,0xff,0xff,0xae,0xd0,0xff,0xff,0xff,0x38,
    0x00,0x00,0x00,0x00,0x00,0x00,0x00,0x00,0x00,0x00,0x00,0xa2,0xff,0xff,0xff,0xad,
    0xd0,0xff,0xff,0xff,0x38,0x00,0x00,0x00,0x00,0x00,0x00,0x00,0x00,0x00,0x00,0x01,
    0xdd,0xff,0xff,0xff,0x94,0xd0,0xff,0xff,0xff,0x38,0x00,0x00,0x00,0x00,0x00,0x00,
    0x00,0x00,0x00,0x00,0x70,0xff,0xff,0xff,0xff,0x58,0xd0,0xff,0xff,0xff,0x38,0x00,
    0x00,0x00,0x00,0x00,0x00,0x00,0x00,0x16,0x8e,0xfe,0xff,0xff,0xff,0xed,0x0d,0xd0,
    0xff,0xff,0xff,0xa5,0x8c,0x8c,0x8c,0x8c,0x8c,0x92,0xa2,0xcb,0xfc,0xff,0xff,0xff,
    0xff,0xff,0x64,0x00,0xd0,0xff,0xff,0xff,0xff,0xff,0xff,0xff,0xff,0xff,0xff,0xff,
    0xff,0xff,0xff,0xff,0xff,0xff,0x83,0x00,0x00,0xd0,0xff,0xff,0xff,0xff,0xff,0xff,
    0xff,0xff,0xff,0xff,0xff,0xff,0xff,0xff,0xff,0xdc,0x4a,0x00,0x00,0x00,0xd0,0xff,
    0xff,0xff,0xff,0xff,0xff,0xff,0xff,0xff,0xfe,0xf3,0xe4,0xbf,0x8e,0x41,0x01,0x00,
    0x00,0x00,0x00,0x00,0x00,0x00,0x00,0x00,0x00,0x00,0x00,0x06,0x4e,0x9b,0xce,0xed,
    0xfb,0xf2,0xda,0xaa,0x5f,0x0d,0x00,0x00,0x00,0x00,0x00,0x00,0x00,0x00,0x00,0x00,
    0x00,0x04,0x6d,0xe6,0xff,0xff,0xff,0xff,0xff,0xff,0xff,0xff,0xff,0xee,0x75,0x03,
    0x00,0x00,0x00,0x00,0x00,0x00,0x00,0x00,0x24,0xca,0xff,0xff,0xff,0xff,0xff,0xff,
    0xff,0xff,0xff,0xff,0xff,0xff,0xff,0xc3,0x12,0x00,0x00,0x00,0x00,0x00,0x00,0x32,
    0xea,0xff,0xff,0xff,0xff,0xff,0xf2,0xc6,0xb4,0xc1,0xec,0xff,0xff,0xff,0xff,0xff,
    0xd0,0x0b,0x00,0x00,0x00,0x00,0x1e,0xe9,0xff,0xff,0xff,0xff,0xca,0x4b,0x03,0x00,
    0x00,0x00,0x02,0x48,0xd2,0xff,0xff,0xff,0xff,0x99,0x00,0x00,0x00,0x01,0xc6,0xff,
    0xff,0xff,0xff,0x82,0x02,0x00,0x00,0x00,0x00,0x00,0x00,0x00,0x0b,0xb5,0xff,0xff,
    0xff,0xfc,0x1f,0x00,0x00,0x66,0xff,0xff,0xff,0xff,0x80,0x00,0x00,0x00,0x00,0x00,
    0x00,0x00,0x00,0x00,0x00,0x05,0xd2,0xff,0xd9,0x4c,0x00,0x00,0x03,0xdf,0xff,0xff,
    0xff,0xc5,0x02,0x00,0x00,0x00,0x00,0x00,0x00,0x00,0x00,0x00,0x00,0x00,0x34,0x72,
    0x05,0x00,0x00,0x00,0x4e,0xff,0xff,0xff,0xff,0x3d,0x00,0x00,0x00,0x00,0x00,0x00,
    0x00,0x00,0x00,0x00,0x00,0x00,0x00,0x00,0x00,0x00,0x00,0x00,0x9d,0xff,0xff,0xff,
    0xd6,0x00,0x00,0x00,0x00,0x00,0x00,0x00,0x00,0x00,0x00,0x00,0x00,0x00,0x00,0x00,
    0x00,0x00,0x00,0x00,0xdc,0xff,0xff,0xff,0x8a,0x00,0x00,0x00,0x00,0x00,0x00,0x00,
    0x00,0x00,0x00,0x00,0x00,0x00,0x00,0x00,0x00,0x00,0x00,0x0a,0xfd,0xff,0xff,0xff,
    0x55,0x00,0x00,0x00,0x00,0x00,0x00,0x00,0x00,0x00,0x00,0x00,0x00,0x00,0x00,0x00,
    0x00,0x00,0x00,0x24,0xff,0xff,0xff,0xff,0x34,0x00,0x00,0x00,0x00,0x00,0x00,0x00,
    0x00,0x00,0x00,0x00,0x00,0x00,0x00,0x00,0x00,0x00,0x00,0x31,0xff,0xff,0xff,0xff,
    0x25,0x00,0x00,0x00,0x00,0x00,0x00,0x00,0x00,0x00,0x00,0x00,0x00,0x00,0x00,0x00,
    0x00,0x00,0x00,0x31,0xff,0xff,0xff,0xff,0x25,0x00,0x00,0x00,0x00,0x00,0x00,0x00,
    0x00,0x00,0x00,0x00,0x00,0x00,0x00,0x00,0x00,0x00,0x00,0x23,0xff,0xff,0xff,0xff,
    0x34,0x00,0x00,0x00,0x00,0x00,0x00,0x00,0x00,0x00,0x00,0x00,0x00,0x00,0x00,0x00,
    0x00,0x00,0x00,0x09,0xfd,0xff,0xff,0xff,0x56,0x00,0x00,0x00,0x00,0x00,0x00,0x00,
    0x00,0x00,0x00,0x00,0x00,0x00,0x00,0x00,0x00,0x00,0x00,0x00,0xda,0xff,0xff,0xff,
    0x8d,0x00,0x00,0x00,0x00,0x00,0x00,0x00,0x00,0x00,0x00,0x00,0x00,0x00,0x00,0x00,
    0x00,0x00,0x00,0x00,0x9a,0xff,0xff,0xff,0xd9,0x00,0x00,0x00,0x00,0x00,0x00,0x00,
    0x00,0x00,0x00,0x00,0x00,0x00,0x00,0x00,0x00,0x00,0x00,0x00,0x4a,0xff,0xff,0xff,
    0xff,0x43,0x00,0x00,0x00,0x00,0x00,0x00,0x00,0x00,0x00,0x00,0x00,0x00,0x00,0x00,
    0x00,0x00,0x00,0x00,0x02,0xdc,0xff,0xff,0xff,0xca,0x03,0x00,0x00,0x00,0x00,0x00,
    0x00,0x00,0x00,0x00,0x00,0x00,0x36,0x75,0x06,0x00,0x00,0x00,0x00,0x60,0xff,0xff,
    0xff,0xff,0x88,0x00,0x00,0x00,0x00,0x00,0x00,0x00,0x00,0x00,0x00,0x06,0xd3,0xff,
    0xdb,0x4f,0x00,0x00,0x00,0x01,0xc0,0xff,0xff,0xff,0xff,0x87,0x02,0x00,0x00,0x00,
    0x00,0x00,0x00,0x00,0x0b,0xb6,0xff,0xff,0xff,0xfc,0x1f,0x00,0x00,0x00,0x1a,0xe5,
    0xff,0xff,0xff,0xff,0xcc,0x4e,0x04,0x00,0x00,0x00,0x02,0x49,0xd2,0xff,0xff,0xff,
    0xff,0x98,0x00,0x00,0x00,0x00,0x00,0x2c,0xe7,0xff,0xff,0xff,0xff,0xff,0xf4,0xc8,
    0xb7,0xc3,0xee,0xff,0xff,0xff,0xff,0xff,0xd0,0x0b,0x00,0x00,0x00,0x00,0x00,0x00,
    0x20,0xc7,0xff,0xff,0xff,0xff,0xff,0xff,0xff,0xff,0xff,0xff,0xff,0xff,0xff,0xc6,
    0x13,0x00,0x00,0x00,0x00,0x00,0x00,0x00,0x00,0x03,0x6a,0xe5,0xff,0xff,0xff,0xff,
    0xff,0xff,0xff,0xff,0xff,0xef,0x79,0x04,0x00,0x00,0x00,0x00,0x00,0x00,0x00,0x00,
    0x00,0x00,0x00,0x06,0x4d,0x9a,0xce,0xee,0xfb,0xf3,0xdc,0xab,0x62,0x0f,0x00,0x00,
    0x00,0x00,0x00,0xd0,0xff,0xff,0xff,0xff,0xff,0xff,0xff,0xfc,0xef,0xdb,0xb3,0x7f,
    0x35,0x01,0x00,0x00,0x00,0x00,0x00,0x00,0x00,0x00,0xd0,0xff,0xff,0xff,0xff,0xff,
    0xff,0xff,0xff,0xff,0xff,0xff,0xff,0xff,0xd8,0x6a,0x05,0x00,0x00,0x00,0x00,0x00,
    0x00,0xd0,0xff,0xff,0xff,0xff,0xff,0xff,0xff,0xff,0xff,0xff,0xff,0xff,0xff,0xff,
    0xff,0xd6,0x38,0x00,0x00,0x00,0x00,0x00,0xd0,0xff,0xff,0xff,0xa2,0x80,0x80,0x80,
    0x8d,0xa0,0xc3,0xf9,0xff,0xff,0xff,0xff,0xff,0xf9,0x5e,0x00,0x00,0x00,0x00,0xd0,
    0xff,0xff,0xff,0x44,0x00,0x00,0x00,0x00,0x00,0x00,0x09,0x53,0xcb,0xff,0xff,0xff,
    0xff,0xfd,0x56,0x00,0x00,0x00,0xd0,0xff,0xff,0xff,0x44,0x00,0x00,0x00,0x00,0x00,
    0x00,0x00,0x00,0x00,0x6b,0xfa,0xff,0xff,0xff,0xf6,0x27,0x00,0x00,0xd0,0xff,0xff,
    0xff,0x44,0x00,0x00,0x00,0x00,0x00,0x00,0x00,0x00,0x00,0x00,0x44,0xfb,0xff,0xff,
    0xff,0xc6,0x00,0x00,0xd0,0xff,0xff,0xff,0x44,0x00,0x00,0x00,0x00,0x00,0x00,0x00,
    0x00,0x00,0x00,0x00,0x70,0xff,0xff,0xff,0xff,0x4a,0x00,0xd0,0xff,0xff,0xff,0x44,
    0x00,0x00,0x00,0x00,0x00,0x00,0x00,0x00,0x00,0x00,0x00,0x02,0xd8,0xff,0xff,0xff,
    0xb8,0x00,0xd0,0xff,0xff,0xff,0x44,0x00,0x00,0x00,0x00,0x00,0x00,0x00,0x00,0x00,
    0x00,0x00,0x00,0x63,0xff,0xff,0xff,0xfa,0x11,0xd0,0xff,0xff,0xff,0x44,0x00,0x00,
    0x00,0x00,0x00,0x00,0x00,0x00,0x00,0x00,0x00,0x00,0x19,0xff,0xff,0xff,0xff,0x4a,
    0xd0,0xff,0xff,0xff,0x44,0x00,0x00,0x00,0x00,0x00,0x00,0x00,0x00,0x00,0x00,0x00,
    0x00,0x00,0xdc,0xff,0xff,0xff,0x78,0xd0,0xff,0xff,0xff,0x44,0x00,0x00,0x00,0x00,
    0x00,0x00,0x00,0x00,0x00,0x00,0x00,0x00,0x00,0xc0,0xff,0xff,0xff,0x92,0xd0,0xff,
    0xff,0xff,0x44,0x00,0x00,0x00,0x00,0x00,0x00,0x00,0x00,0x00,0x00,0x00,0x00,0x00,
    0xad,0xff,0xff,0xff,0xa1,0xd0,0xff,0xff,0xff,0x44,0x00,0x00,0x00,0x00,0x00,0x00,
    0x00,0x00,0x00,0x00,0x00,0x00,0x00,0xae,0xff,0xff,0xff,0xa0,0xd0,0xff,0xff,0xff,
    0x44,0x00,0x00,0x00,0x00,0x00,0x00,0x00,0x00,0x00,0x00,0x00,0x00,0x00,0xc1,0xff,
    0xff,0xff,0x92,0xd0,0xff,0xff,0xff,0x44,0x00,0x00,0x00,0x00,0x00,0x00,0x00,0x00,
    0x00,0x00,0x00,0x00,0x00,0xde,0xff,0xff,0xff,0x76,0xd0,0xff,0xff,0xff,0x44,0x00,
    0x00,0x00,0x00,0x00,0x00,0x00,0x00,0x00,0x00,0x00,0x00,0x1d,0xff,0xff,0xff,0xff,
    0x48,0xd0,0xff,0xff,0xff,0x44,0x00,0x00,0x00,0x00,0x00,0x00,0x00,0x00,0x00,0x00,
    0x00,0x00,0x68,0xff,0xff,0xff,0xfa,0x10,0xd0,0xff,0xff,0xff,0x44,0x00,0x00,0x00,
    0x00,0x00,0x00,0x00,0x00,0x00,0x00,0x00,0x03,0xdc,0xff,0xff,0xff,0xb7,0x00,0xd0,
    0xff,0xff,0xff,0x44,0x00,0x00,0x00,0x00,0x00,0x00,0x00,0x00,0x00,0x00,0x00,0x76,
    0xff,0xff,0xff,0xff,0x48,0x00,0xd0,0xff,0xff,0xff,0x44,0x00,0x00,0x00,0x00,0x00,
    0x00,0x00,0x00,0x00,0x00,0x4a,0xfc,0xff,0xff,0xff,0xc3,0x00,0x00,0xd0,0xff,0xff,
    0xff,0x44,0x00,0x00,0x00,0x00,0x00,0x00,0x00,0x00,0x01,0x73,0xfb,0xff,0xff,0xff,
    0xf5,0x25,0x00,0x00,0xd0,0xff,0xff,0xff,0x44,0x00,0x00,0x00,0x00,0x00,0x00,0x0f,
    0x5d,0xd3,0xff,0xff,0xff,0xff,0xfc,0x51,0x00,0x00,0x00,0xd0,0xff,0xff,0xff,0xaa,
    0x8c,0x8c,0x8c,0x98,0xab,0xcd,0xfd,0xff,0xff,0xff,0xff,0xff,0xf7,0x59,0x00,0x00,
    0x00,0x00,0xd0,0xff,0xff,0xff,0xff,0xff,0xff,0xff,0xff,0xff,0xff,0xff,0xff,0xff,
    0xff,0xff,0xd3,0x34,0x00,0x00,0x00,0x00,0x00,0xd0,0xff,0xff,0xff,0xff,0xff,0xff,
    0xff,0xff,0xff,0xff,0xff,0xff,0xff,0xd8,0x68,0x04,0x00,0x00,0x00,0x00,0x00,0x00,
    0xd0,0xff,0xff,0xff,0xff,0xff,0xff,0xff,0xfd,0xf1,0xdd,0xb4,0x80,0x36,0x01,0x00,
    0x00,0x00,0x00,0x00,0x00,0x00,0x00,0xd0,0xff,0xff,0xff,0xff,0xff,0xff,0xff,0xff,
    0xff,0xff,0xff,0xff,0xff,0xff,0xff,0xff,0x98,0x00,0xd0,0xff,0xff,0xff,0xff,0xff,
    0xff,0xff,0xff,0xff,0xff,0xff,0xff,0xff,0xff,0xff,0xff,0x98,0x00,0xd0,0xff,0xff,
    0xff,0xff,0xff,0xff,0xff,0xff,0xff,0xff,0xff,0xff,0xff,0xff,0xff,0xff,0x98,0x00,
    0xd0,0xff,0xff,0xff,0xb0,0x94,0x94,0x94,0x94,0x94,0x94,0x94,0x94,0x94,0x94,0x94,
    0x94,0x57,0x00,0xd0,0xff,0xff,0xff,0x44,0x00,0x00,0x00,0x00,0x00,0x00,0x00,0x00,
    0x00,0x00,0x00,0x00,0x00,0x00,0xd0,0xff,0xff,0xff,0x44,0x00,0x00,0x00,0x00,0x00,
    0x00,0x00,0x00,0x00,0x00,0x00,0x00,0x00,0x00,0xd0,0xff,0xff,0xff,0x44,0x00,0x00,
    0x00,0x00,0x00,0x00,0x00,0x00,0x00,0x00,0x00,0x00,0x00,0x00,0xd0,0xff,0xff,0xff,
    0x44,0x00,0x00,0x00,0x00,0x00,0x00,0x00,0x00,0x00,0x00,0x00,0x00,0x00,0x00,0xd0,
    0xff,0xff,0xff,0x44,0x00,0x00,0x00,0x00,0x00,0x00,0x00,0x00,0x00,0x00,0x00,0x00,
    0x00,0x00,0xd0,0xff,0xff,0xff,0x44,0x00,0x00,0x00,0x00,0x00,0x00,0x00,0x00,0x00,
    0x00,0x00,0x00,0x00,0x00,0xd0,0xff,0xff,0xff,0x44,0x00,0x00,0x00,0x00,0x00,0x00,
    0x00,0x00,0x00,0x00,0x00,0x00,0x00,0x00,0xd0,0xff,0xff,0xff,0x44,0x00,0x00,0x00,
    0x00,0x00,0x00,0x00,0x00,0x00,0x00,0x00,0x00,0x00,0x00,0xd0,0xff,0xff,0xff,0xff,
    0xff,0xff,0xff,0xff,0xff,0xff,0xff,0xff,0xff,0xff,0xff,0x30,0x00,0x00,0xd0,0xff,
    0xff,0xff,0xff,0xff,0xff,0xff,0xff,0xff,0xff,0xff,0xff,0xff,0xff,0xff,0x30,0x00,
    0x00,0xd0,0xff,0xff,0xff,0xff,0xff,0xff,0xff,0xff,0xff,0xff,0xff,0xff,0xff,0xff,
    0xff,0x30,0x00,0x00,0xd0,0xff,0xff,0xff,0xaa,0x8c,0x8c,0x8c,0x8c,0x8c,0x8c,0x8c,
    0x8c,0x8c,0x8c,0x8c,0x1a,0x00,0x00,0xd0,0xff,0xff,0xff,0x44,0x00,0x00,0x00,0x00,
    0x00,0x00,0x00,0x00,0x00,0x00,0x00,0x00,0x00,0x00,0xd0,0xff,0xff,0xff,0x44,0x00,
    0x00,0x00,0x00,0x00,0x00,0x00,0x00,0x00,0x00,0x00,0x00,0x00,0x00,0xd0,0xff,0xff,
    0xff,0x44,0x00,0x00,0x00,0x00,0x00,0x00,0x00,0x00,0x00,0x00,0x00,0x00,0x00,0x00,
    0xd0,0xff,0xff,0xff,0x44,0x00,0x00,0x00,0x00,0x00,0x00,0x00,0x00,0x00,0x00,0x00,
    0x00,0x00,0x00,0xd0,0xff,0xff,0xff,0x44,0x00,0x00,0x00,0x00,0x00,0x00,0x00,0x00,
    0x00,0x00,0x00,0x00,0x00,0x00,0xd0,0xff,0xff,0xff,0x44,0x00,0x00,0x00,0x00,0x00,
    0x00,0x00,0x00,0x00,0x00,0x00,0x00,0x00,0x00,0xd0,0xff,0xff,0xff,0x44,0x00,0x00,
    0x00,0x00,0x00,0x00,0x00,0x00,0x00,0x00,0x00,0x00,0x00,0x00,0xd0,0xff,0xff,0xff,
    0x44,0x00,0x00,0x00,0x00,0x00,0x00,0x00,0x00,0x00,0x00,0x00,0x00,0x00,0x00,0xd0,
    0xff,0xff,0xff,0xb0,0x94,0x94,0x94,0x94,0x94,0x94,0x94,0x94,0x94,0x94,0x94,0x94,
    0x94,0x02,0xd0,0xff,0xff,0xff,0xff,0xff,0xff,0xff,0xff,0xff,0xff,0xff,0xff,0xff,
    0xff,0xff,0xff,0xff,0x04,0xd0,0xff,0xff,0xff,0xff,0xff,0xff,0xff,0xff,0xff,0xff,
    0xff,0xff,0xff,0xff,0xff,0xff,0xff,0x04,0xd0,0xff,0xff,0xff,0xff,0xff,0xff,0xff,
    0xff,0xff,0xff,0xff,0xff,0xff,0xff,0xff,0xff,0xff,0x04,0xd0,0xff,0xff,0xff,0xff,
    0xff,0xff,0xff,0xff,0xff,0xff,0xff,0xff,0xff,0xff,0xff,0xff,0x98,0xd0,0xff,0xff,
    0xff,0xff,0xff,0xff,0xff,0xff,0xff,0xff,0xff,0xff,0xff,0xff,0xff,0xff,0x98,0xd0,
    0xff,0xff,0xff,0xff,0xff,0xff,0xff,0xff,0xff,0xff,0xff,0xff,0xff,0xff,0xff,0xff,
    0x98,0xd0,0xff,0xff,0xff,0xb0,0x94,0x94,0x94,0x94,0x94,0x94,0x94,0x94,0x94,0x94,
    0x94,0x94,0x57,0xd0,0xff,0xff,0xff,0x44,0x00,0x00,0x00,0x00,0x00,0x00,0x00,0x00,
    0x00,0x00,0x00,0x00,0x00,0xd0,0xff,0xff,0xff,0x44,0x00,0x00,0x00,0x00,0x00,0x00,
    0x00,0x00,0x00,0x00,0x00,0x00,0x00,0xd0,0xff,0xff,0xff,0x44,0x00,0x00,0x00,0x00,
    0x00,0x00,0x00,0x00,0x00,0x00,0x00,0x00,0x00,0xd0,0xff,0xff,0xff,0x44,0x00,0x00,
    0x00,0x00,0x00,0x00,0x00,0x00,0x00,0x00,0x00,0x00,0x00,0xd0,0xff,0xff,0xff,0x44,
    0x00,0x00,0x00,0x00,0x00,0x00,0x00,0x00,0x00,0x00,0x00,0x00,0x00,0xd0,0xff,0xff,
    0xff,0x44,0x00,0x00,0x00,0x00,0x00,0x00,0x00,0x00,0x00,0x00,0x00,0x00,0x00,0xd0,
    0xff,0xff,0xff,0x44,0x00,0x00,0x00,0x00,0x00,0x00,0x00,0x00,0x00,0x00,0x00,0x00,
    0x00,0xd0,0xff,0xff,0xff,0x44,0x00,0x00,0x00,0x00,0x00,0x00,0x00,0x00,0x00,0x00,
    0x00,0x00,0x00,0xd0,0xff,0xff,0xff,0xb0,0x94,0x94,0x94,0x94,0x94,0x94,0x94,0x94,
    0x94,0x94,0x94,0x1b,0x00,0xd0,0xff,0xff,0xff,0xff,0xff,0xff,0xff,0xff,0xff,0xff,
    0xff,0xff,0xff,0xff,0xff,0x30,0x00,0xd0,0xff,0xff,0xff,0xff,0xff,0xff,0xff,0xff,
    0xff,0xff,0xff,0xff,0xff,0xff,0xff,0x30,0x00,0xd0,0xff,0xff,0xff,0xff,0xff,0xff,
    0xff,0xff,0xff,0xff,0xff,0xff,0xff,0xff,0xff,0x30,0x00,0xd0,0xff,0xff,0xff,0x44,
    0x00,0x00,0x00,0x00,0x00,0x00,0x00,0x00,0x00,0x00,0x00,0x00,0x00,0xd0,0xff,0xff,
    0xff,0x44,0x00,0x00,0x00,0x00,0x00,0x00,0x00,0x00,0x00,0x00,0x00,0x00,0x00,0xd0,
    0xff,0xff,0xff,0x44,0x00,0x00,0x00,0x00,0x00,0x00,0x00,0x00,0x00,0x00,0x00,0x00,
    0x00,0xd0,0xff,0xff,0xff,0x44,0x00,0x00,0x00,0x00,0x00,0x00,0x00,0x00,0x00,0x00,
    0x00,0x00,0x00,0xd0,0xff,0xff,0xff,0x44,0x00,0x00,0x00,0x00,0x00,0x00,0x00,0x00,
    0x00,0x00,0x00,0x00,0x00,0xd0,0xff,0xff,0xff,0x44,0x00,0x00,0x00,0x00,0x00,0x00,
    0x00,0x00,0x00,0x00,0x00,0x00,0x00,0xd0,0xff,0xff,0xff,0x44,0x00,0x00,0x00,0x00,
    0x00,0x00,0x00,0x00,0x00,0x00,0x00,0x00,0x00,0xd0,0xff,0xff,0xff,0x44,0x00,0x00,
    0x00,0x00,0x00,0x00,0x00,0x00,0x00,0x00,0x00,0x00,0x00,0xd0,0xff,0xff,0xff,0x44,
    0x00,0x00,0x00,0x00,0x00,0x00,0x00,0x00,0x00,0x00,0x00,0x00,0x00,0xd0,0xff,0xff,
    0xff,0x44,0x00,0x00,0x00,0x00,0x00,0x00,0x00,0x00,0x00,0x00,0x00,0x00,0x00,0xd0,
    0xff,0xff,0xff,0x44,0x00,0x00,0x00,0x00,0x00,0x00,0x00,0x00,0x00,0x00,0x00,0x00,
    0x00,0xd0,0xff,0xff,0xff,0x44,0x00,0x00,0x00,0x00,0x00,0x00,0x00,0x00,0x00,0x00,
    0x00,0x00,0x00,0x00,0x00,0x00,0x00,0x00,0x00,0x00,0x00,0x00,0x32,0x84,0xbb,0xe4,
    0xf5,0xfa,0xec,0xcb,0x99,0x4d,0x04,0x00,0x00,0x00,0x00,0x00,0x00,0x00,0x00,0x00,
    0x00,0x00,0x00,0x4c,0xcc,0xff,0xff,0xff,0xff,0xff,0xff,0xff,0xff,0xff,0xff,0xe1,
    0x63,0x00,0x00,0x00,0x00,0x00,0x00,0x00,0x00,0x00,0x12,0xac,0xff,0xff,0xff,0xff,
    0xff,0xff,0xff,0xff,0xff,0xff,0xff,0xff,0xff,0xff,0xb5,0x0c,0x00,0x00,0x00,0x00,
    0x00,0x00,0x20,0xd8,0xff,0xff,0xff,0xff,0xff,0xfb,0xd3,0xb9,0xb7,0xd2,0xfb,0xff,
    0xff,0xff,0xff,0xff,0xc1,0x04,0x00,0x00,0x00,0x00,0x12,0xda,0xff,0xff,0xff,0xff,
    0xe1,0x68,0x0f,0x00,0x00,0x00,0x00,0x10,0x6d,0xea,0xff,0xff,0xff,0xff,0x80,0x00,
    0x00,0x00,0x00,0xb4,0xff,0xff,0xff,0xff,0xa3,0x0b,0x00,0x00,0x00,0x00,0x00,0x00,
    0x00,0x00,0x1b,0xc5,0xff,0xff,0xff,0xbd,0x00,0x00,0x00,0x58,0xff,0xff,0xff,0xff,
    0x9c,0x01,0x00,0x00,0x00,0x00,0x00,0x00,0x00,0x00,0x00,0x00,0x0e,0xdd,0xdf,0x59,
    0x01,0x00,0x00,0x01,0xd7,0xff,0xff,0xff,0xd2,0x07,0x00,0x00,0x00,0x00,0x00,0x00,
    0x00,0x00,0x00,0x00,0x00,0x00,0x1f,0x07,0x00,0x00,0x00,0x00,0x47,0xff,0xff,0xff,
    0xff,0x46,0x00,0x00,0x00,0x00,0x00,0x00,0x00,0x00,0x00,0x00,0x00,0x00,0x00,0x00,
    0x00,0x00,0x00,0x00,0x00,0x9a,0xff,0xff,0xff,0xd7,0x00,0x00,0x00,0x00,0x00,0x00,
    0x00,0x00,0x00,0x00,0x00,0x00,0x00,0x00,0x00,0x00,0x00,0x00,0x00,0x00,0xda,0xff,
    0xff,0xff,0x86,0x00,0x00,0x00,0x00,0x00,0x00,0x00,0x00,0x00,0x00,0x00,0x00,0x00,
    0x00,0x00,0x00,0x00,0x00,0x00,0x0a,0xfd,0xff,0xff,0xff,0x4c,0x00,0x00,0x00,0x00,
    0x00,0x00,0x00,0x00,0x00,0x00,0x00,0x00,0x00,0x00,0x00,0x00,0x00,0x00,0x00,0x24,
    0xff,0xff,0xff,0xff,0x28,0x00,0x00,0x00,0x00,0x00,0x00,0x00,0x00,0x00,0x00,0x00,
    0x00,0x00,0x00,0x00,0x00,0x00,0x00,0x00,0x31,0xff,0xff,0xff,0xff,0x19,0x00,0x00,
    0x00,0x00,0x00,0x00,0x00,0x00,0x94,0xff,0xff,0xff,0xff,0xff,0xff,0xff,0xff,0xff,
    0x28,0x31,0xff,0xff,0xff,0xff,0x1a,0x00,0x00,0x00,0x00,0x00,0x00,0x00,0x00,0x94,
    0xff,0xff,0xff,0xff,0xff,0xff,0xff,0xff,0xff,0x28,0x22,0xff,0xff,0xff,0xff,0x2a,
    0x00,0x00,0x00,0x00,0x00,0x00,0x00,0x00,0x94,0xff,0xff,0xff,0xff,0xff,0xff,0xff,
    0xff,0xff,0x28,0x07,0xfb,0xff,0xff,0xff,0x50,0x00,0x00,0x00,0x00,0x00,0x00,0x00,
    0x00,0x55,0x94,0x94,0x94,0x94,0x94,0xf5,0xff,0xff,0xff,0x28,0x00,0xd6,0xff,0xff,
    0xff,0x8c,0x00,0x00,0x00,0x00,0x00,0x00,0x00,0x00,0x00,0x00,0x00,0x00,0x00,0x00,
    0xe8,0xff,0xff,0xff,0x28,0x00,0x93,0xff,0xff,0xff,0xde,0x02,0x00,0x00,0x00,0x00,
    0x00,0x00,0x00,0x00,0x00,0x00,0x00,0x00,0x00,0xe8,0xff,0xff,0xff,0x28,0x00,0x41,
    0xff,0xff,0xff,0xff,0x55,0x00,0x00,0x00,0x00,0x00,0x00,0x00,0x00,0x00,0x00,0x00,
    0x00,0x00,0xe8,0xff,0xff,0xff,0x28,0x00,0x00,0xd1,0xff,0xff,0xff,0xe0,0x0f,0x00,
    0x00,0x00,0x00,0x00,0x00,0x00,0x00,0x00,0x00,0x00,0x00,0xe8,0xff,0xff,0xff,0x28,
    0x00,0x00,0x50,0xff,0xff,0xff,0xff,0xb8,0x07,0x00,0x00,0x00,0x00,0x00,0x00,0x00,
    0x00,0x00,0x00,0x00,0xe8,0xff,0xff,0xff,0x28,0x00,0x00,0x00,0xae,0xff,0xff,0xff,
    0xff,0xc1,0x1c,0x00,0x00,0x00,0x00,0x00,0x00,0x00,0x00,0x00,0x2a,0xf5,0xff,0xff,
    0xff,0x28,0x00,0x00,0x00,0x10,0xd7,0xff,0xff,0xff,0xff,0xf3,0x89,0x2a,0x00,0x00,
    0x00,0x00,0x00,0x1b,0x7f,0xf3,0xff,0xff,0xff,0xff,0x23,0x00,0x00,0x00,0x00,0x1d,
    0xd5,0xff,0xff,0xff,0xff,0xff,0xff,0xea,0xc5,0xb7,0xc3,0xde,0xff,0xff,0xff,0xff,
    0xff,0xff,0x90,0x00,0x00,0x00,0x00,0x00,0x00,0x11,0xa9,0xff,0xff,0xff,0xff,0xff,
    0xff,0xff,0xff,0xff,0xff,0xff,0xff,0xff,0xff,0xfb,0x7d,0x00,0x00,0x00,0x00,0x00,
    0x00,0x00,0x00,0x00,0x4a,0xca,0xff,0xff,0xff,0xff,0xff,0xff,0xff,0xff,0xff,0xff,
    0xfe,0xb4,0x30,0x00,0x00,0x00,0x00,0x00,0x00,0x00,0x00,0x00,0x00,0x00,0x00,0x30,
    0x80,0xb7,0xe1,0xf4,0xfc,0xf3,0xda,0xb0,0x72,0x1f,0x00,0x00,0x00,0x00,0x00,0xd0,
    0xff,0xff,0xff,0x44,0x00,0x00,0x00,0x00,0x00,0x00,0x00,0x00,0x00,0x00,0x00,0x00,
    0x00,0x90,0xff,0xff,0xff,0x80,0xd0,0xff,0xff,0xff,0x44,0x00,0x00,0x00,0x00,0x00,
    0x00,0x00,0x00,0x00,0x00,0x00,0x00,0x00,0x90,0xff,0xff,0xff,0x80,0xd0,0xff,0xff,
    0xff,0x44,0x00,0x00,0x00,0x00,0x00,0x00,0x00,0x00,0x00,0x00,0x00,0x00,0x00,0x90,
    0xff,0xff,0xff,0x80,0xd0,0xff,0xff,0xff,0x44,0x00,0x00,0x00,0x00,0x00,0x00,0x00,
    0x00,0x00,0x00,0x00,0x00,0x00,0x90,0xff,0xff,0xff,0x80,0xd0,0xff,0xff,0xff,0x44,
    0x00,0x00,0x00,0x00,0x00,0x00,0x00,0x00,0x00,0x00,0x00,0x00,0x00,0x90,0xff,0xff,
    0xff,0x80,0xd0,0xff,0xff,0xff,0x44,0x00,0x00,0x00,0x00,0x00,0x00,0x00,0x00,0x00,
    0x00,0x00,0x00,0x00,0x90,0xff,0xff,0xff,0x80,0xd0,0xff,0xff,0xff,0x44,0x00,0x00,
    0x00,0x00,0x00,0x00,0x00,0x00,0x00,0x00,0x00,0x00,0x00,0x90,0xff,0xff,0xff,0x80,
    0xd0,0xff,0xff,0xff,0x44,0x00,0x00,0x00,0x00,0x00,0x00,0x00,0x00,0x00,0x00,0x00,
    0x00,0x00,0x90,0xff,0xff,0xff,0x80,0xd0,0xff,0xff,0xff,0x44,0x00,0x00,0x00,0x00,
    0x00,0x00,0x00,0x00,0x00,0x00,0x00,0x00,0x00,0x90,0xff,0xff,0xff,0x80,0xd0,0xff,
    0xff,0xff,0x44,0x00,0x00,0x00,0x00,0x00,0x00,0x00,0x00,0x00,0x00,0x00,0x00,0x00,
    0x90,0xff,0xff,0xff,0x80,0xd0,0xff,0xff,0xff,0x44,0x00,0x00,0x00,0x00,0x00,0x00,
    0x00,0x00,0x00,0x00,0x00,0x00,0x00,0x90,0xff,0xff,0xff,0x80,0xd0,0xff,0xff,0xff,
    0x44,0x00,0x00,0x00,0x00,0x00,0x00,0x00,0x00,0x00,0x00,0x00,0x00,0x00,0x90,0xff,
    0xff,0xff,0x80,0xd0,0xff,0xff,0xff,0xff,0xff,0xff,0xff,0xff,0xff,0xff,0xff,0xff,
    0xff,0xff,0xff,0xff,0xff,0xff,0xff,0xff,0xff,0x80,0xd0,0xff,0xff,0xff,0xff,0xff,
    0xff,0xff,0xff,0xff,0xff,0xff,0xff,0xff,0xff,0xff,0xff,0xff,0xff,0xff,0xff,0xff,
    0x80,0xd0,0xff,0xff,0xff,0xff,0xff,0xff,0xff,0xff,0xff,0xff,0xff,0xff,0xff,0xff,
    0xff,0xff,0xff,0xff,0xff,0xff,0xff,0x80,0xd0,0xff,0xff,0xff,0xb6,0x9c,0x9c,0x9c,
    0x9c,0x9c,0x9c,0x9c,0x9c,0x9c,0x9c,0x9c,0x9c,0x9c,0xd4,0xff,0xff,0xff,0x80,0xd0,
    0xff,0xff,0xff,0x44,0x00,0x00,0x00,0x00,0x00,0x00,0x00,0x00,0x00,0x00,0x00,0x00,
    0x00,0x90,0xff,0xff,0xff,0x80,0xd0,0xff,0xff,0xff,0x44,0x00,0x00,0x00,0x00,0x00,
    0x00,0x00,0x00,0x00,0x00,0x00,0x00,0x00,0x90,0xff,0xff,0xff,0x80,0xd0,0xff,0xff,
    0xff,0x44,0x00,0x00,0x00,0x00,0x00,0x00,0x00,0x00,0x00,0x00,0x00,0x00,0x00,0x90,
    0xff,0xff,0xff,0x80,0xd0,0xff,0xff,0xff,0x44,0x00,0x00,0x00,0x00,0x00,0x00,0x00,
    0x00,0x00,0x00,0x00,0x00,0x00,0x90,0xff,0xff,0xff,0x80,0xd0,0xff,0xff,0xff,0x44,
    0x00,0x00,0x00,0x00,0x00,0x00,0x00,0x00,0x00,0x00,0x00,0x00,0x00,0x90,0xff,0xff,
    0xff,0x80,0xd0,0xff,0xff,0xff,0x44,0x00,0x00,0x00,0x00,0x00,0x00,0x00,0x00,0x00,
    0x00,0x00,0x00,0x00,0x90,0xff,0xff,0xff,0x80,0xd0,0xff,0xff,0xff,0x44,0x00,0x00,
    0x00,0x00,0x00,0x00,0x00,0x00,0x00,0x00,0x00,0x00,0x00,0x90,0xff,0xff,0xff,0x80,
    0xd0,0xff,0xff,0xff,0x44,0x00,0x00,0x00,0x00,0x00,0x00,0x00,0x00,0x00,0x00,0x00,
    0x00,0x00,0x90,0xff,0xff,0xff,0x80,0xd0,0xff,0xff,0xff,0x44,0x00,0x00,0x00,0x00,
    0x00,0x00,0x00,0x00,0x00,0x00,0x00,0x00,0x00,0x90,0xff,0xff,0xff,0x80,0xd0,0xff,
    0xff,0xff,0x44,0x00,0x00,0x00,0x00,0x00,0x00,0x00,0x00,0x00,0x00,0x00,0x00,0x00,
    0x90,0xff,0xff,0xff,0x80,0xd0,0xff,0xff,0xff,0x44,0x00,0x00,0x00,0x00,0x00,0x00,
    0x00,0x00,0x00,0x00,0x00,0x00,0x00,0x90,0xff,0xff,0xff,0x80,0xd0,0xff,0xff,0xff,
    0x44,0x00,0x00,0x00,0x00,0x00,0x00,0x00,0x00,0x00,0x00,0x00,0x00,0x00,0x90,0xff,
    0xff,0xff,0x80,0xd0,0xff,0xff,0xff,0x44,0xd0,0xff,0xff,0xff,0x44,0xd0,0xff,0xff,
    0xff,0x44,0xd0,0xff,0xff,0xff,0x44,0xd0,0xff,0xff,0xff,0x44,0xd0,0xff,0xff,0xff,
    0x44,0xd0,0xff,0xff,0xff,0x44,0xd0,0xff,0xff,0xff,0x44,0xd0,0xff,0xff,0xff,0x44,
    0xd0,0xff,0xff,0xff,0x44,0xd0,0xff,0xff,0xff,0x44,0xd0,0xff,0xff,0xff,0x44,0xd0,
    0xff,0xff,0xff,0x44,0xd0,0xff,0xff,0xff,0x44,0xd0,0xff,0xff,0xff,0x44,0xd0,0xff,
    0xff,0xff,0x44,0xd0,0xff,0xff,0xff,0x44,0xd0,0xff,0xff,0xff,0x44,0xd0,0xff,0xff,
    0xff,0x44,0xd0,0xff,0xff,0xff,0x44,0xd0,0xff,0xff,0xff,0x44,0xd0,0xff,0xff,0xff,
    0x44,0xd0,0xff,0xff,0xff,0x44,0xd0,0xff,0xff,0xff,0x44,0xd0,0xff,0xff,0xff,0x44,
    0xd0,0xff,0xff,0xff,0x44,0xd0,0xff,0xff,0xff,0x44,0xd0,0xff,0xff,0xff,0x44,0x00,
    0x00,0x00,0x00,0x00,0x00,0x00,0x00,0x00,0x00,0x00,0xcc,0xff,0xff,0xff,0x48,0x00,
    0x00,0x00,0x00,0x00,0x00,0x00,0x00,0x00,0x00,0x00,0xcc,0xff,0xff,0xff,0x48,0x00,
    0x00,0x00,0x00,0x00,0x00,0x00,0x00,0x00,0x00,0x00,0xcc,0xff,0xff,0xff,0x48,0x00,
    0x00,0x00,0x00,0x00,0x00,0x00,0x00,0x00,0x00,0x00,0xcc,0xff,0xff,0xff,0x48,0x00,
    0x00,0x00,0x00,0x00,0x00,0x00,0x00,0x00,0x00,0x00,0xcc,0xff,0xff,0xff,0x48,0x00,
    0x00,0x00,0x00,0x00,0x00,0x00,0x00,0x00,0x00,0x00,0xcc,0xff,0xff,0xff,0x48,0x00,
    0x00,0x00,0x00,0x00,0x00,0x00,0x00,0x00,0x00,0x00,0xcc,0xff,0xff,0xff,0x48,0x00,
    0x00,0x00,0x00,0x00,0x00,0x00,0x00,0x00,0x00,0x00,0xcc,0xff,0xff,0xff,0x48,0x00,
    0x00,0x00,0x00,0x00,0x00,0x00,0x00,0x00,0x00,0x00,0xcc,0xff,0xff,0xff,0x48,0x00,
    0x00,0x00,0x00,0x00,0x00,0x00,0x00,0x00,0x00,0x00,0xcc,0xff,0xff,0xff,0x48,0x00,
    0x00,0x00,0x00,0x00,0x00,0x00,0x00,0x00,0x00,0x00,0xcc,0xff,0xff,0xff,0x48,0x00,
    0x00,0x00,0x00,0x00,0x00,0x00,0x00,0x00,0x00,0x00,0xcc,0xff,0xff,0xff,0x48,0x00,
    0x00,0x00,0x00,0x00,0x00,0x00,0x00,0x00,0x00,0x00,0xcc,0xff,0xff,0xff,0x48,0x00,
    0x00,0x00,0x00,0x00,0x00,0x00,0x00,0x00,0x00,0x00,0xcc,0xff,0xff,0xff,0x48,0x00,
    0x00,0x00,0x00,0x00,0x00,0x00,0x00,0x00,0x00,0x00,0xcc,0xff,0xff,0xff,0x48,0x00,
    0x00,0x00,0x00,0x00,0x00,0x00,0x00,0x00,0x00,0x00,0xcc,0xff,0xff,0xff,0x48,0x00,
    0x00,0x00,0x00,0x00,0x00,0x00,0x00,0x00,0x00,0x00,0xcc,0xff,0xff,0xff,0x48,0x00,
    0x00,0x00,0x00,0x00,0x00,0x00,0x00,0x00,0x00,0x00,0xcc,0xff,0xff,0xff,0x48,0x00,
    0x00,0x00,0x00,0x00,0x00,0x00,0x00,0x00,0x00,0x00,0xcd,0xff,0xff,0xff,0x47,0x00,
    0x00,0x00,0x00,0x00,0x00,0x00,0x00,0x00,0x00,0x00,0xd8,0xff,0xff,0xff,0x3d,0x00,
    0x00,0x00,0x01,0x00,0x00,0x00,0x00,0x00,0x00,0x01,0xf4,0xff,0xff,0xff,0x2d,0x00,
    0x1e,0xa3,0x7e,0x00,0x00,0x00,0x00,0x00,0x00,0x2f,0xff,0xff,0xff,0xfd,0x0e,0x84,
    0xf7,0xff,0xe8,0x15,0x00,0x00,0x00,0x00,0x00,0x95,0xff,0xff,0xff,0xd3,0x00,0xc3,
    0xff,0xff,0xff,0xc9,0x26,0x00,0x00,0x00,0x64,0xfe,0xff,0xff,0xff,0x7c,0x00,0x56,
    0xff,0xff,0xff,0xff,0xfb,0xd2,0xbb,0xe2,0xff,0xff,0xff,0xff,0xee,0x13,0x00,0x01,
    0xaf,0xff,0xff,0xff,0xff,0xff,0xff,0xff,0xff,0xff,0xff,0xfb,0x48,0x00,0x00,0x00,
    0x08,0x9c,0xfe,0xff,0xff,0xff,0xff,0xff,0xff,0xff,0xe5,0x40,0x00,0x00,0x00,0x00,
    0x00,0x00,0x32,0x94,0xd3,0xf4,0xfa,0xe7,0xb8,0x6a,0x09,0x00,0x00,0x00,0x00,0xd0,
    0xff,0xff,0xff,0x44,0x00,0x00,0x00,0x00,0x00,0x00,0x00,0x00,0x00,0x00,0x00,0x4c,
    0xfb,0xff,0xff,0xff,0xdb,0x18,0x00,0xd0,0xff,0xff,0xff,0x44,0x00,0x00,0x00,0x00,
    0x00,0x00,0x00,0x00,0x00,0x00,0x39,0xf5,0xff,0xff,0xff,0xe2,0x1f,0x00,0x00,0xd0,
    0xff,0xff,0xff,0x44,0x00,0x00,0x00,0x00,0x00,0x00,0x00,0x00,0x00,0x29,0xed,0xff,
    0xff,0xff,0xe9,0x27,0x00,0x00,0x00,0xd0,0xff,0xff,0xff,0x44,0x00,0x00,0x00,0x00,
    0x00,0x00,0x00,0x00,0x1c,0xe2,0xff,0xff,0xff,0xef,0x30,0x00,0x00,0x00,0x00,0xd0,
    0xff,0xff,0xff,0x44,0x00,0x00,0x00,0x00,0x00,0x00,0x00,0x11,0xd4,0xff,0xff,0xff,
    0xf4,0x3a,0x00,0x00,0x00,0x00,0x00,0xd0,0xff,0xff,0xff,0x44,0x00,0x00,0x00,0x00,
    0x00,0x00,0x09,0xc4,0xff,0xff,0xff,0xf8,0x45,0x00,0x00,0x00,0x00,0x00,0x00,0xd0,
    0xff,0xff,0xff,0x44,0x00,0x00,0x00,0x00,0x00,0x03,0xb1,0xff,0xff,0xff,0xfc,0x50,
    0x00,0x00,0x00,0x00,0x00,0x00,0x00,0xd0,0xff,0xff,0xff,0x44,0x00,0x00,0x00,0x00,
    0x00,0x9c,0xff,0xff,0xff,0xfe,0x5d,0x00,0x00,0x00,0x00,0x00,0x00,0x00,0x00,0xd0,
    0xff,0xff,0xff,0x44,0x00,0x00,0x00,0x00,0x85,0xff,0xff,0xff,0xff,0x6b,0x00,0x00,
    0x00,0x00,0x00,0x00,0x00,0x00,0x00,0xd0,0xff,0xff,0xff,0x44,0x00,0x00,0x00,0x6c,
    0xff,0xff,0xff,0xff,0x79,0x00,0x00,0x00,0x00,0x00,0x00,0x00,0x00,0x00,0x00,0xd0,
    0xff,0xff,0xff,0x44,0x00,0x00,0x55,0xfd,0xff,0xff,0xff,0x88,0x00,0x00,0x00,0x00,
    0x00,0x00,0x00,0x00,0x00,0x00,0x00,0xd0,0xff,0xff,0xff,0x44,0x00,0x42,0xf9,0xff,
    0xff,0xff,0xa1,0x00,0x00,0x00,0x00,0x00,0x00,0x00,0x00,0x00,0x00,0x00,0x00,0xd0,
    0xff,0xff,0xff,0x44,0x30,0xf1,0xff,0xff,0xff,0xff,0xd3,0x09,0x00,0x00,0x00,0x00,
    0x00,0x00,0x00,0x00,0x00,0x00,0x00,0xd0,0xff,0xff,0xff,0x66,0xe8,0xff,0xff,0xff,
    0xff,0xff,0xff,0x9b,0x00,0x00,0x00,0x00,0x00,0x00,0x00,0x00,0x00,0x00,0x00,0xd0,
    0xff,0xff,0xff,0xf7,0xff,0xff,0xff,0xfc,0xff,0xff,0xff,0xff,0x59,0x00,0x00,0x00,
    0x00,0x00,0x00,0x00,0x00,0x00,0x00,0xd0,0xff,0xff,0xff,0xff,0xff,0xff,0xcb,0x34,
    0xf3,0xff,0xff,0xff,0xf2,0x25,0x00,0x00,0x00,0x00,0x00,0x00,0x00,0x00,0x00,0xd0,
    0xff,0xff,0xff,0xff,0xff,0xd5,0x13,0x00,0x5c,0xff,0xff,0xff,0xff,0xcf,0x07,0x00,
    0x00,0x00,0x00,0x00,0x00,0x00,0x00,0xd0,0xff,0xff,0xff,0xff,0xdd,0x1a,0x00,0x00,
    0x00,0x9e,0xff,0xff,0xff,0xff,0x95,0x00,0x00,0x00,0x00,0x00,0x00,0x00,0x00,0xd0,
    0xff,0xff,0xff,0xe5,0x21,0x00,0x00,0x00,0x00,0x0a,0xd5,0xff,0xff,0xff,0xff,0x54,
    0x00,0x00,0x00,0x00,0x00,0x00,0x00,0xd0,0xff,0xff,0xff,0x4f,0x00,0x00,0x00,0x00,
    0x00,0x00,0x2b,0xf6,0xff,0xff,0xff,0xf0,0x22,0x00,0x00,0x00,0x00,0x00,0x00,0xd0,
    0xff,0xff,0xff,0x44,0x00,0x00,0x00,0x00,0x00,0x00,0x00,0x64,0xff,0xff,0xff,0xff,
    0xcb,0x06,0x00,0x00,0x00,0x00,0x00,0xd0,0xff,0xff,0xff,0x44,0x00,0x00,0x00,0x00,
    0x00,0x00,0x00,0x00,0xa6,0xff,0xff,0xff,0xff,0x90,0x00,0x00,0x00,0x00,0x00,0xd0,
    0xff,0xff,0xff,0x44,0x00,0x00,0x00,0x00,0x00,0x00,0x00,0x00,0x0d,0xdb,0xff,0xff,
    0xff,0xff,0x4f,0x00,0x00,0x00,0x00,0xd0,0xff,0xff,0xff,0x44,0x00,0x00,0x00,0x00,
    0x00,0x00,0x00,0x00,0x00,0x32,0xf8,0xff,0xff,0xff,0xee,0x1f,0x00,0x00,0x00,0xd0,
    0xff,0xff,0xff,0x44,0x00,0x00,0x00,0x00,0x00,0x00,0x00,0x00,0x00,0x00,0x6d,0xff,
    0xff,0xff,0xff,0xc7,0x05,0x00,0x00,0xd0,0xff,0xff,0xff,0x44,0x00,0x00,0x00,0x00,
    0x00,0x00,0x00,0x00,0x00,0x00,0x00,0xae,0xff,0xff,0xff,0xff,0x8b,0x00,0x00,0xd0,
    0xff,0xff,0xff,0x44,0x00,0x00,0x00,0x00,0x00,0x00,0x00,0x00,0x00,0x00,0x00,0x10,
    0xe0,0xff,0xff,0xff,0xfe,0x4a,0x00,0xd0,0xff,0xff,0xff,0x44,0x00,0x00,0x00,0x00,
    0x00,0x00,0x00,0x00,0x00,0x00,0x00,0x00,0x38,0xfa,0xff,0xff,0xff,0xec,0x1c,0xd0,
    0xff,0xff,0xff,0x44,0x00,0x00,0x00,0x00,0x00,0x00,0x00,0x00,0x00,0x00,0x00,0x00,
    0x00,0xd0,0xff,0xff,0xff,0x44,0x00,0x00,0x00,0x00,0x00,0x00,0x00,0x00,0x00,0x00,
    0x00,0x00,0x00,0xd0,0xff,0xff,0xff,0x44,0x00,0x00,0x00,0x00,0x00,0x00,0x00,0x00,
    0x00,0x00,0x00,0x00,0x00,0xd0,0xff,0xff,0xff,0x44,0x00,0x00,0x00,0x00,0x00,0x00,
    0x00,0x00,0x00,0x00,0x00,0x00,0x00,0xd0,0xff,0xff,0xff,0x44,0x00,0x00,0x00,0x00,
    0x00,0x00,0x00,0x00,0x00,0x00,0x00,0x00,0x00,0xd0,0xff,0xff,0xff,0x44,0x00,0x00,
    0x00,0x00,0x00,0x00,0x00,0x00,0x00,0x00,0x00,0x00,0x00,0xd0,0xff,0xff,0xff,0x44,
    0x00,0x00,0x00,0x00,0x00,0x00,0x00,0x00,0x00,0x00,0x00,0x00,0x00,0xd0,0xff,0xff,
    0xff,0x44,0x00,0x00,0x00,0x00,0x00,0x00,0x00,0x00,0x00,0x00,0x00,0x00,0x00,0xd0,
    0xff,0xff,0xff,0x44,0x00,0x00,0x00,0x00,0x00,0x00,0x00,0x00,0x00,0x00,0x00,0x00,
    0x00,0xd0,0xff,0xff,0xff,0x44,0x00,0x00,0x00,0x00,0x00,0x00,0x00,0x00,0x00,0x00,
    0x00,0x00,0x00,0xd0,0xff,0xff,0xff,0x44,0x00,0x00,0x00,0x00,0x00,0x00,0x00,0x00,
    0x00,0x00,0x00,0x00,0x00,0xd0,0xff,0xff,0xff,0x44,0x00,0x00,0x00,0x00,0x00,0x00,
    0x00,0x00,0x00,0x00,0x00,0x00,0x00,0xd0,0xff,0xff,0xff,0x44,0x00,0x00,0x00,0x00,
    0x00,0x00,0x00,0x00,0x00,0x00,0x00,0x00,0x00,0xd0,0xff,0xff,0xff,0x44,0x00,0x00,
    0x00,0x00,0x00,0x00,0x00,0x00,0x00,0x00,0x00,0x00,0x00,0xd0,0xff,0xff,0xff,0x44,
    0x00,0x00,0x00,0x00,0x00,0x00,0x00,0x00,0x00,0x00,0x00,0x00,0x00,0xd0,0xff,0xff,
    0xff,0x44,0x00,0x00,0x00,0x00,0x00,0x00,0x00,0x00,0x00,0x00,0x00,0x00,0x00,0xd0,
    0xff,0xff,0xff,0x44,0x00,0x00,0x00,0x00,0x00,0x00,0x00,0x00,0x00,0x00,0x00,0x00,
    0x00,0xd0,0xff,0xff,0xff,0x44,0x00,0x00,0x00,0x00,0x00,0x00,0x00,0x00,0x00,0x00,
    0x00,0x00,0x00,0xd0,0xff,0xff,0xff,0x44,0x00,0x00,0x00,0x00,0x00,0x00,0x00,0x00,
    0x00,0x00,0x00,0x00,0x00,0xd0,0xff,0xff,0xff,0x44,0x00,0x00,0x00,0x00,0x00,0x00,
    0x00,0x00,0x00,0x00,0x00,0x00,0x00,0xd0,0xff,0xff,0xff,0x44,0x00,0x00,0x00,0x00,
    0x00,0x00,0x00,0x00,0x00,0x00,0x00,0x00,0x00,0xd0,0xff,0xff,0xff,0x44,0x00,0x00,
    0x00,0x00,0x00,0x00,0x00,0x00,0x00,0x00,0x00,0x00,0x00,0xd0,0xff,0xff,0xff,0x44,
    0x00,0x00,0x00,0x00,0x00,0x00,0x00,0x00,0x00,0x00,0x00,0x00,0x00,0xd0,0xff,0xff,
    0xff,0x44,0x00,0x00,0x00,0x00,0x00,0x00,0x00,0x00,0x00,0x00,0x00,0x00,0x00,0xd0,
    0xff,0xff,0xff,0xb6,0x9c,0x9c,0x9c,0x9c,0x9c,0x9c,0x9c,0x9c,0x9c,0x9c,0x9c,0x9c,
    0x63,0xd0,0xff,0xff,0xff,0xff,0xff,0xff,0xff,0xff,0xff,0xff,0xff,0xff,0xff,0xff,
    0xff,0xff,0xa4,0xd0,0xff,0xff,0xff,0xff,0xff,0xff,0xff,0xff,0xff,0xff,0xff,0xff,
    0xff,0xff,0xff,0xff,0xa4,0xd0,0xff,0xff,0xff,0xff,0xff,0xff,0xff,0xff,0xff,0xff,
    0xff,0xff,0xff,0xff,0xff,0xff,0xa4,0xd0,0xff,0xff,0xe0,0x0b,0x00,0x00,0x00,0x00,
    0x00,0x00,0x00,0x00,0x00,0x00,0x00,0x00,0x00,0x00,0x00,0x00,0x00,0x00,0xb8,0xff,
    0xff,0xd4,0xd0,0xff,0xff,0xff,0x8c,0x00,0x00,0x00,0x00,0x00,0x00,0x00,0x00,0x00,
    0x00,0x00,0x00,0x00,0x00,0x00,0x00,0x00,0x59,0xff,0xff,0xff,0xd4,0xd0,0xff,0xff,
    0xff,0xfc,0x30,0x00,0x00,0x00,0x00,0x00,0x00,0x00,0x00,0x00,0x00,0x00,0x00,0x00,
    0x00,0x00,0x10,0xe8,0xff,0xff,0xff,0xd4,0xd0,0xff,0xff,0xff,0xff,0xca,0x02,0x00,
    0x00,0x00,0x00,0x00,0x00,0x00,0x00,0x00,0x00,0x00,0x00,0x00,0x00,0x99,0xff,0xff,
    0xff,0xff,0xd4,0xd0,0xff,0xff,0xff,0xff,0xff,0x6d,0x00,0x00,0x00,0x00,0x00,0x00,
    0x00,0x00,0x00,0x00,0x00,0x00,0x00,0x3b,0xfe,0xff,0xff,0xff,0xff,0xd4,0xd0,0xff,
    0xff,0xff,0xff,0xff,0xf2,0x1b,0x00,0x00,0x00,0x00,0x00,0x00,0x00,0x00,0x00,0x00,
    0x00,0x05,0xd4,0xff,0xff,0xff,0xff,0xff,0xd4,0xd0,0xff,0xff,0xff,0xff,0xff,0xff,
    0xae,0x00,0x00,0x00,0x00,0x00,0x00,0x00,0x00,0x00,0x00,0x00,0x7a,0xff,0xff,0xff,
    0xff,0xff,0xff,0xd4,0xd0,0xff,0xff,0xff,0xf5,0xff,0xff,0xff,0x4e,0x00,0x00,0x00,
    0x00,0x00,0x00,0x00,0x00,0x00,0x22,0xf6,0xff,0xff,0xf9,0xff,0xff,0xff,0xd4,0xd0,
    0xff,0xff,0xff,0x74,0xff,0xff,0xff,0xe2,0x0c,0x00,0x00,0x00,0x00,0x00,0x00,0x00,
    0x00,0xb9,0xff,0xff,0xff,0x81,0xff,0xff,0xff,0xd4,0xd0,0xff,0xff,0xff,0x11,0xc0,
    0xff,0xff,0xff,0x90,0x00,0x00,0x00,0x00,0x00,0x00,0x00,0x5a,0xff,0xff,0xff,0xbe,
    0x20,0xff,0xff,0xff,0xd4,0xd0,0xff,0xff,0xff,0x10,0x26,0xf8,0xff,0xff,0xfc,0x33,
    0x00,0x00,0x00,0x00,0x00,0x11,0xe9,0xff,0xff,0xf7,0x25,0x20,0xff,0xff,0xff,0xd4,
    0xd0,0xff,0xff,0xff,0x10,0x00,0x7c,0xff,0xff,0xff,0xcd,0x03,0x00,0x00,0x00,0x00,
    0x9b,0xff,0xff,0xff,0x7b,0x00,0x20,0xff,0xff,0xff,0xd4,0xd0,0xff,0xff,0xff,0x10,
    0x00,0x05,0xd3,0xff,0xff,0xff,0x71,0x00,0x00,0x00,0x3b,0xfe,0xff,0xff,0xd3,0x05,
    0x00,0x20,0xff,0xff,0xff,0xd4,0xd0,0xff,0xff,0xff,0x10,0x00,0x00,0x38,0xfd,0xff,
    0xff,0xf4,0x1e,0x00,0x05,0xd5,0xff,0xff,0xfe,0x39,0x00,0x00,0x20,0xff,0xff,0xff,
    0xd4,0xd0,0xff,0xff,0xff,0x10,0x00,0x00,0x00,0x93,0xff,0xff,0xff,0xb2,0x00,0x7c,
    0xff,0xff,0xff,0x95,0x00,0x00,0x00,0x20,0xff,0xff,0xff,0xd4,0xd0,0xff,0xff,0xff,
    0x10,0x00,0x00,0x00,0x0d,0xe3,0xff,0xff,0xff,0x76,0xf7,0xff,0xff,0xe5,0x0e,0x00,
    0x00,0x00,0x20,0xff,0xff,0xff,0xd4,0xd0,0xff,0xff,0xff,0x10,0x00,0x00,0x00,0x00,
    0x4e,0xff,0xff,0xff,0xff,0xff,0xff,0xff,0x52,0x00,0x00,0x00,0x00,0x20,0xff,0xff,
    0xff,0xd4,0xd0,0xff,0xff,0xff,0x10,0x00,0x00,0x00,0x00,0x00,0xab,0xff,0xff,0xff,
    0xff,0xff,0xb0,0x00,0x00,0x00,0x00,0x00,0x20,0xff,0xff,0xff,0xd4,0xd0,0xff,0xff,
    0xff,0x10,0x00,0x00,0x00,0x00,0x00,0x18,0xef,0xff,0xff,0xff,0xf2,0x1c,0x00,0x00,
    0x00,0x00,0x00,0x20,0xff,0xff,0xff,0xd4,0xd0,0xff,0xff,0xff,0x10,0x00,0x00,0x00,
    0x00,0x00,0x00,0x65,0xff,0xff,0xff,0x6c,0x00,0x00,0x00,0x00,0x00,0x00,0x20,0xff,
    0xff,0xff,0xd4,0xd0,0xff,0xff,0xff,0x10,0x00,0x00,0x00,0x00,0x00,0x00,0x01,0x96,
    0xb0,0x9a,0x02,0x00,0x00,0x00,0x00,0x00,0x00,0x20,0xff,0xff,0xff,0xd4,0xd0,0xff,
    0xff,0xff,0x10,0x00,0x00,0x00,0x00,0x00,0x00,0x00,0x00,0x00,0x00,0x00,0x00,0x00,
    0x00,0x00,0x00,0x00,0x20,0xff,0xff,0xff,0xd4,0xd0,0xff,0xff,0xff,0x10,0x00,0x00,
    0x00,0x00,0x00,0x00,0x00,0x00,0x00,0x00,0x00,0x00,0x00,0x00,0x00,0x00,0x00,0x20,
    0xff,0xff,0xff,0xd4,0xd0,0xff,0xff,0xff,0x10,0x00,0x00,0x00,0x00,0x00,0x00,0x00,
    0x00,0x00,0x00,0x00,0x00,0x00,0x00,0x00,0x00,0x00,0x20,0xff,0xff,0xff,0xd4,0xd0,
    0xff,0xff,0xff,0x10,0x00,0x00,0x00,0x00,0x00,0x00,0x00,0x00,0x00,0x00,0x00,0x00,
    0x00,0x00,0x00,0x00,0x00,0x20,0xff,0xff,0xff,0xd4,0xd0,0xff,0xff,0xff,0x10,0x00,
    0x00,0x00,0x00,0x00,0x00,0x00,0x00,0x00,0x00,0x00,0x00,0x00,0x00,0x00,0x00,0x00,
    0x20,0xff,0xff,0xff,0xd4,0xd0,0xff,0xff,0xff,0x10,0x00,0x00,0x00,0x00,0x00,0x00,
    0x00,0x00,0x00,0x00,0x00,0x00,0x00,0x00,0x00,0x00,0x00,0x20,0xff,0xff,0xff,0xd4,
    0xd0,0xff,0xff,0xff,0x10,0x00,0x00,0x00,0x00,0x00,0x00,0x00,0x00,0x00,0x00,0x00,
    0x00,0x00,0x00,0x00,0x00,0x00,0x20,0xff,0xff,0xff,0xd4,0xd0,0xff,0xff,0xdf,0x0f,
    0x00,0x00,0x00,0x00,0x00,0x00,0x00,0x00,0x00,0x00,0x00,0x00,0x00,0x9c,0xff,0xff,
    0xff,0x30,0xd0,0xff,0xff,0xff,0xa5,0x00,0x00,0x00,0x00,0x00,0x00,0x00,0x00,0x00,
    0x00,0x00,0x00,0x00,0x9c,0xff,0xff,0xff,0x30,0xd0,0xff,0xff,0xff,0xff,0x5b,0x00,
    0x00,0x00,0x00,0x00,0x00,0x00,0x00,0x00,0x00,0x00,0x00,0x9c,0xff,0xff,0xff,0x30,
    0xd0,0xff,0xff,0xff,0xff,0xf0,0x20,0x00,0x00,0x00,0x00,0x00,0x00,0x00,0x00,0x00,
    0x00,0x00,0x9c,0xff,0xff,0xff,0x30,0xd0,0xff,0xff,0xff,0xff,0xff,0xc4,0x03,0x00,
    0x00,0x00,0x00,0x00,0x00,0x00,0x00,0x00,0x00,0x9c,0xff,0xff,0xff,0x30,0xd0,0xff,
    0xff,0xff,0xff,0xff,0xff,0x7d,0x00,0x00,0x00,0x00,0x00,0x00,0x00,0x00,0x00,0x00,
    0x9c,0xff,0xff,0xff,0x30,0xd0,0xff,0xff,0xff,0xff,0xff,0xff,0xfb,0x38,0x00,0x00,
    0x00,0x00,0x00,0x00,0x00,0x00,0x00,0x9c,0xff,0xff,0xff,0x30,0xd0,0xff,0xff,0xfc,
    0xc2,0xff,0xff,0xff,0xdc,0x0d,0x00,0x00,0x00,0x00,0x00,0x00,0x00,0x00,0x9c,0xff,
    0xff,0xff,0x30,0xd0,0xff,0xff,0xfc,0x1f,0xf0,0xff,0xff,0xff,0xa0,0x00,0x00,0x00,
    0x00,0x00,0x00,0x00,0x00,0x9c,0xff,0xff,0xff,0x30,0xd0,0xff,0xff,0xfc,0x00,0x59,
    0xff,0xff,0xff,0xff,0x56,0x00,0x00,0x00,0x00,0x00,0x00,0x00,0x9c,0xff,0xff,0xff,
    0x30,0xd0,0xff,0xff,0xfc,0x00,0x00,0xa3,0xff,0xff,0xff,0xef,0x1d,0x00,0x00,0x00,
    0x00,0x00,0x00,0x9c,0xff,0xff,0xff,0x30,0xd0,0xff,0xff,0xfc,0x00,0x00,0x0e,0xde,
    0xff,0xff,0xff,0xc0,0x02,0x00,0x00,0x00,0x00,0x00,0x9c,0xff,0xff,0xff,0x30,0xd0,
    0xff,0xff,0xfc,0x00,0x00,0x00,0x3a,0xfc,0xff,0xff,0xff,0x79,0x00,0x00,0x00,0x00,
    0x00,0x9c,0xff,0xff,0xff,0x30,0xd0,0xff,0xff,0xfc,0x00,0x00,0x00,0x00,0x81,0xff,
    0xff,0xff,0xfa,0x34,0x00,0x00,0x00,0x00,0x9c,0xff,0xff,0xff,0x30,0xd0,0xff,0xff,
    0xfc,0x00,0x00,0x00,0x00,0x03,0xc6,0xff,0xff,0xff,0xd9,0x0b,0x00,0x00,0x00,0x9c,
    0xff,0xff,0xff,0x30,0xd0,0xff,0xff,0xfc,0x00,0x00,0x00,0x00,0x00,0x22,0xf2,0xff,
    0xff,0xff,0x9b,0x00,0x00,0x00,0x9c,0xff,0xff,0xff,0x30,0xd0,0xff,0xff,0xfc,0x00,
    0x00,0x00,0x00,0x00,0x00,0x5f,0xff,0xff,0xff,0xff,0x52,0x00,0x00,0x9c,0xff,0xff,
    0xff,0x30,0xd0,0xff,0xff,0xfc,0x00,0x00,0x00,0x00,0x00,0x00,0x00,0xa8,0xff,0xff,
    0xff,0xed,0x1a,0x00,0x9c,0xff,0xff,0xff,0x30,0xd0,0xff,0xff,0xfc,0x00,0x00,0x00,
    0x00,0x00,0x00,0x00,0x10,0xe2,0xff,0xff,0xff,0xbc,0x01,0x9c,0xff,0xff,0xff,0x30,
    0xd0,0xff,0xff,0xfc,0x00,0x00,0x00,0x00,0x00,0x00,0x00,0x00,0x3f,0xfd,0xff,0xff,
    0xff,0x74,0x9c,0xff,0xff,0xff,0x30,0xd0,0xff,0xff,0xfc,0x00,0x00,0x00,0x00,0x00,
    0x00,0x00,0x00,0x00,0x86,0xff,0xff,0xff,0xf9,0xca,0xff,0xff,0xff,0x30,0xd0,0xff,
    0xff,0xfc,0x00,0x00,0x00,0x00,0x00,0x00,0x00,0x00,0x00,0x05,0xcb,0xff,0xff,0xff,
    0xff,0xff,0xff,0xff,0x30,0xd0,0xff,0xff,0xfc,0x00,0x00,0x00,0x00,0x00,0x00,0x00,
    0x00,0x00,0x00,0x25,0xf4,0xff,0xff,0xff,0xff,0xff,0xff,0x30,0xd0,0xff,0xff,0xfc,
    0x00,0x00,0x00,0x00,0x00,0x00,0x00,0x00,0x00,0x00,0x00,0x64,0xff,0xff,0xff,0xff,
    0xff,0xff,0x30,0xd0,0xff,0xff,0xfc,0x00,0x00,0x00,0x00,0x00,0x00,0x00,0x00,0x00,
    0x00,0x00,0x00,0xad,0xff,0xff,0xff,0xff,0xff,0x30,0xd0,0xff,0xff,0xfc,0x00,0x00,
    0x00,0x00,0x00,0x00,0x00,0x00,0x00,0x00,0x00,0x00,0x12,0xe4,0xff,0xff,0xff,0xff,
    0x30,0xd0,0xff,0xff,0xfc,0x00,0x00,0x00,0x00,0x00,0x00,0x00,0x00,0x00,0x00,0x00,
    0x00,0x00,0x43,0xfe,0xff,0xff,0xff,0x30,0xd0,0xff,0xff,0xfc,0x00,0x00,0x00,0x00,
    0x00,0x00,0x00,0x00,0x00,0x00,0x00,0x00,0x00,0x00,0x8b,0xff,0xff,0xff,0x30,0x00,
    0x00,0x00,0x00,0x00,0x00,0x00,0x00,0x0d,0x5a,0xa2,0xd3,0xee,0xfb,0xf1,0xda,0xac,
    0x6a,0x17,0x00,0x00,0x00,0x00,0x00,0x00,0x00,0x00,0x00,0x00,0x00,0x00,0x00,0x00,
    0x0d,0x84,0xf1,0xff,0xff,0xff,0xff,0xff,0xff,0xff,0xff,0xff,0xfa,0x9a,0x1a,0x00,
    0x00,0x00,0x00,0x00,0x00,0x00,0x00,0x00,0x00,0x00,0x39,0xdf,0xff,0xff,0xff,0xff,
    0xff,0xff,0xff,0xff,0xff,0xff,0xff,0xff,0xff,0xee,0x55,0x00,0x00,0x00,0x00,0x00,
    0x00,0x00,0x00,0x00,0x4b,0xf6,0xff,0xff,0xff,0xff,0xff,0xf1,0xc5,0xb4,0xc0,0xe9,
    0xff,0xff,0xff,0xff,0xff,0xfe,0x6f,0x00,0x00,0x00,0x00,0x00,0x00,0x00,0x31,0xf6,
    0xff,0xff,0xff,0xff,0xc5,0x47,0x02,0x00,0x00,0x00,0x00,0x35,0xa9,0xff,0xff,0xff,
    0xff,0xfe,0x54,0x00,0x00,0x00,0x00,0x00,0x07,0xda,0xff,0xff,0xff,0xff,0x7a,0x01,
    0x00,0x00,0x00,0x00,0x00,0x00,0x00,0x00,0x50,0xf5,0xff,0xff,0xff,0xf2,0x1b,0x00,
    0x00,0x00,0x00,0x7c,0xff,0xff,0xff,0xff,0x79,0x00,0x00,0x00,0x00,0x00,0x00,0x00,
    0x00,0x00,0x00,0x00,0x45,0xfd,0xff,0xff,0xff,0xa7,0x00,0x00,0x00,0x09,0xeb,0xff,
    0xff,0xff,0xbf,0x01,0x00,0x00,0x00,0x00,0x00,0x00,0x00,0x00,0x00,0x00,0x00,0x00,
    0x8a,0xff,0xff,0xff,0xfd,0x22,0x00,0x00,0x5b,0xff,0xff,0xff,0xff,0x37,0x00,0x00,
    0x00,0x00,0x00,0x00,0x00,0x00,0x00,0x00,0x00,0x00,0x00,0x0f,0xf0,0xff,0xff,0xff,
    0x85,0x00,0x00,0xa7,0xff,0xff,0xff,0xd1,0x00,0x00,0x00,0x00,0x00,0x00,0x00,0x00,
    0x00,0x00,0x00,0x00,0x00,0x00,0x00,0x99,0xff,0xff,0xff,0xd1,0x00,0x00,0xe1,0xff,
    0xff,0xff,0x87,0x00,0x00,0x00,0x00,0x00,0x00,0x00,0x00,0x00,0x00,0x00,0x00,0x00,
    0x00,0x00,0x4e,0xff,0xff,0xff,0xff,0x0d,0x0c,0xfe,0xff,0xff,0xff,0x53,0x00,0x00,
    0x00,0x00,0x00,0x00,0x00,0x00,0x00,0x00,0x00,0x00,0x00,0x00,0x00,0x19,0xff,0xff,
    0xff,0xff,0x36,0x25,0xff,0xff,0xff,0xff,0x32,0x00,0x00,0x00,0x00,0x00,0x00,0x00,
    0x00,0x00,0x00,0x00,0x00,0x00,0x00,0x00,0x00,0xf7,0xff,0xff,0xff,0x50,0x32,0xff,
    0xff,0xff,0xff,0x24,0x00,0x00,0x00,0x00,0x00,0x00,0x00,0x00,0x00,0x00,0x00,0x00,
    0x00,0x00,0x00,0x00,0xe9,0xff,0xff,0xff,0x5d,0x32,0xff,0xff,0xff,0xff,0x25,0x00,
    0x00,0x00,0x00,0x00,0x00,0x00,0x00,0x00,0x00,0x00,0x00,0x00,0x00,0x00,0x00,0xea,
    0xff,0xff,0xff,0x5c,0x25,0xff,0xff,0xff,0xff,0x33,0x00,0x00,0x00,0x00,0x00,0x00,
    0x00,0x00,0x00,0x00,0x00,0x00,0x00,0x00,0x00,0x01,0xf8,0xff,0xff,0xff,0x4f,0x0c,
    0xfe,0xff,0xff,0xff,0x55,0x00,0x00,0x00,0x00,0x00,0x00,0x00,0x00,0x00,0x00,0x00,
    0x00,0x00,0x00,0x00,0x1a,0xff,0xff,0xff,0xff,0x35,0x00,0xe0,0xff,0xff,0xff,0x8a,
    0x00,0x00,0x00,0x00,0x00,0x00,0x00,0x00,0x00,0x00,0x00,0x00,0x00,0x00,0x00,0x51,
    0xff,0xff,0xff,0xfe,0x0c,0x00,0xa6,0xff,0xff,0xff,0xd4,0x00,0x00,0x00,0x00,0x00,
    0x00,0x00,0x00,0x00,0x00,0x00,0x00,0x00,0x00,0x00,0x9c,0xff,0xff,0xff,0xcf,0x00,
    0x00,0x5b,0xff,0xff,0xff,0xff,0x3a,0x00,0x00,0x00,0x00,0x00,0x00,0x00,0x00,0x00,
    0x00,0x00,0x00,0x00,0x11,0xf2,0xff,0xff,0xff,0x83,0x00,0x00,0x09,0xec,0xff,0xff,
    0xff,0xc1,0x01,0x00,0x00,0x00,0x00,0x00,0x00,0x00,0x00,0x00,0x00,0x00,0x00,0x8c,
    0xff,0xff,0xff,0xfc,0x20,0x00,0x00,0x00,0x7e,0xff,0xff,0xff,0xff,0x7b,0x00,0x00,
    0x00,0x00,0x00,0x00,0x00,0x00,0x00,0x00,0x00,0x47,0xfd,0xff,0xff,0xff,0xa3,0x00,
    0x00,0x00,0x00,0x08,0xdd,0xff,0xff,0xff,0xff,0x78,0x00,0x00,0x00,0x00,0x00,0x00,
    0x00,0x00,0x00,0x4e,0xf4,0xff,0xff,0xff,0xf0,0x18,0x00,0x00,0x00,0x00,0x00,0x35,
    0xf7,0xff,0xff,0xff,0xff,0xc2,0x46,0x02,0x00,0x00,0x00,0x00,0x34,0xa6,0xfe,0xff,
    0xff,0xff,0xfe,0x4f,0x00,0x00,0x00,0x00,0x00,0x00,0x00,0x50,0xf8,0xff,0xff,0xff,
    0xff,0xff,0xf2,0xc7,0xb7,0xc2,0xea,0xff,0xff,0xff,0xff,0xff,0xfe,0x6a,0x00,0x00,
    0x00,0x00,0x00,0x00,0x00,0x00,0x00,0x3d,0xe2,0xff,0xff,0xff,0xff,0xff,0xff,0xff,
    0xff,0xff,0xff,0xff,0xff,0xff,0xed,0x52,0x00,0x00,0x00,0x00,0x00,0x00,0x00,0x00,
    0x00,0x00,0x00,0x0f,0x89,0xf3,0xff,0xff,0xff,0xff,0xff,0xff,0xff,0xff,0xff,0xfa,
    0x9a,0x19,0x00,0x00,0x00,0x00,0x00,0x00,0x00,0x00,0x00,0x00,0x00,0x00,0x00,0x00,
    0x0e,0x5d,0xa4,0xd4,0xef,0xfc,0xf2,0xdc,0xad,0x6a,0x17,0x00,0x00,0x00,0x00,0x00,
    0x00,0x00,0x00,0xd0,0xff,0xff,0xff,0xff,0xff,0xff,0xff,0xff,0xf9,0xe9,0xc5,0x8a,
    0x36,0x00,0x00,0x00,0x00,0x00,0x00,0xd0,0xff,0xff,0xff,0xff,0xff,0xff,0xff,0xff,
    0xff,0xff,0xff,0xff,0xff,0xc4,0x34,0x00,0x00,0x00,0x00,0xd0,0xff,0xff,0xff,0xff,
    0xff,0xff,0xff,0xff,0xff,0xff,0xff,0xff,0xff,0xff,0xfa,0x66,0x00,0x00,0x00,0xd0,
    0xff,0xff,0xff,0xa2,0x80,0x80,0x80,0x81,0x90,0xb5,0xf2,0xff,0xff,0xff,0xff,0xfe,
    0x58,0x00,0x00,0xd0,0xff,0xff,0xff,0x44,0x00,0x00,0x00,0x00,0x00,0x00,0x0c,0x7f,
    0xfb,0xff,0xff,0xff,0xf1,0x16,0x00,0xd0,0xff,0xff,0xff,0x44,0x00,0x00,0x00,0x00,
    0x00,0x00,0x00,0x00,0x57,0xff,0xff,0xff,0xff,0x89,0x00,0xd0,0xff,0xff,0xff,0x44,
    0x00,0x00,0x00,0x00,0x00,0x00,0x00,0x00,0x00,0xad,0xff,0xff,0xff,0xe3,0x00,0xd0,
    0xff,0xff,0xff,0x44,0x00,0x00,0x00,0x00,0x00,0x00,0x00,0x00,0x00,0x50,0xff,0xff,
    0xff,0xff,0x19,0xd0,0xff,0xff,0xff,0x44,0x00,0x00,0x00,0x00,0x00,0x00,0x00,0x00,
    0x00,0x28,0xff,0xff,0xff,0xff,0x33,0xd0,0xff,0xff,0xff,0x44,0x00,0x00,0x00,0x00,
    0x00,0x00,0x00,0x00,0x00,0x27,0xff,0xff,0xff,0xff,0x33,0xd0,0xff,0xff,0xff,0x44,
    0x00,0x00,0x00,0x00,0x00,0x00,0x00,0x00,0x00,0x4e,0xff,0xff,0xff,0xff,0x1b,0xd0,
    0xff,0xff,0xff,0x44,0x00,0x00,0x00,0x00,0x00,0x00,0x00,0x00,0x00,0xaa,0xff,0xff,
    0xff,0xe5,0x00,0xd0,0xff,0xff,0xff,0x44,0x00,0x00,0x00,0x00,0x00,0x00,0x00,0x00,
    0x51,0xfe,0xff,0xff,0xff,0x8d,0x00,0xd0,0xff,0xff,0xff,0x44,0x00,0x00,0x00,0x00,
    0x00,0x00,0x0a,0x78,0xf9,0xff,0xff,0xff,0xf4,0x1a,0x00,0xd0,0xff,0xff,0xff,0xa2,
    0x80,0x80,0x80,0x81,0x8e,0xb3,0xf0,0xff,0xff,0xff,0xff,0xff,0x60,0x00,0x00,0xd0,
    0xff,0xff,0xff,0xff,0xff,0xff,0xff,0xff,0xff,0xff,0xff,0xff,0xff,0xff,0xfd,0x70,
    0x00,0x00,0x00,0xd0,0xff,0xff,0xff,0xff,0xff,0xff,0xff,0xff,0xff,0xff,0xff,0xff,
    0xff,0xd0,0x3d,0x00,0x00,0x00,0x00,0xd0,0xff,0xff,0xff,0xff,0xff,0xff,0xff,0xff,
    0xfb,0xec,0xc9,0x91,0x40,0x00,0x00,0x00,0x00,0x00,0x00,0xd0,0xff,0xff,0xff,0x44,
    0x00,0x00,0x00,0x00,0x00,0x00,0x00,0x00,0x00,0x00,0x00,0x00,0x00,0x00,0x00,0xd0,
    0xff,0xff,0xff,0x44,0x00,0x00,0x00,0x00,0x00,0x00,0x00,0x00,0x00,0x00,0x00,0x00,
    0x00,0x00,0x00,0xd0,0xff,0xff,0xff,0x44,0x00,0x00,0x00,0x00,0x00,0x00,0x00,0x00,
    0x00,0x00,0x00,0x00,0x00,0x00,0x00,0xd0,0xff,0xff,0xff,0x44,0x00,0x00,0x00,0x00,
    0x00,0x00,0x00,0x00,0x00,0x00,0x00,0x00,0x00,0x00,0x00,0xd0,0xff,0xff,0xff,0x44,
    0x00,0x00,0x00,0x00,0x00,0x00,0x00,0x00,0x00,0x00,0x00,0x00,0x00,0x00,0x00,0xd0,
    0xff,0xff,0xff,0x44,0x00,0x00,0x00,0x00,0x00,0x00,0x00,0x00,0x00,0x00,0x00,0x00,
    0x00,0x00,0x00,0xd0,0xff,0xff,0xff,0x44,0x00,0x00,0x00,0x00,0x00,0x00,0x00,0x00,
    0x00,0x00,0x00,0x00,0x00,0x00,0x00,0xd0,0xff,0xff,0xff,0x44,0x00,0x00,0x00,0x00,
    0x00,0x00,0x00,0x00,0x00,0x00,0x00,0x00,0x00,0x00,0x00,0xd0,0xff,0xff,0xff,0x44,
    0x00,0x00,0x00,0x00,0x00,0x00,0x00,0x00,0x00,0x00,0x00,0x00,0x00,0x00,0x00,0xd0,
    0xff,0xff,0xff,0x44,0x00,0x00,0x00,0x00,0x00,0x00,0x00,0x00,0x00,0x00,0x00,0x00,
    0x00,0x00,0x00,0x00,0x00,0x00,0x00,0x00,0x00,0x00,0x00,0x0d,0x5a,0xa2,0xd3,0xee,
    0xfb,0xf1,0xda,0xac,0x6a,0x17,0x00,0x00,0x00,0x00,0x00,0x00,0x00,0x00,0x00,0x00,
    0x00,0x00,0x00,0x00,0x00,0x00,0x0d,0x84,0xf1,0xff,0xff,0xff,0xff,0xff,0xff,0xff,
    0xff,0xff,0xfa,0x9a,0x1a,0x00,0x00,0x00,0x00,0x00,0x00,0x00,0x00,0x00,0x00,0x00,
    0x00,0x00,0x39,0xdf,0xff,0xff,0xff,0xff,0xff,0xff,0xff,0xff,0xff,0xff,0xff,0xff,
    0xff,0xee,0x55,0x00,0x00,0x00,0x00,0x00,0x00,0x00,0x00,0x00,0x00,0x00,0x4b,0xf6,
    0xff,0xff,0xff,0xff,0xff,0xf1,0xc5,0xb4,0xc0,0xe9,0xff,0xff,0xff,0xff,0xff,0xfe,
    0x6f,0x00,0x00,0x00,0x00,0x00,0x00,0x00,0x00,0x00,0x31,0xf6,0xff,0xff,0xff,0xff,
    0xc5,0x47,0x02,0x00,0x00,0x00,0x00,0x35,0xa9,0xff,0xff,0xff,0xff,0xfe,0x54,0x00,
    0x00,0x00,0x00,0x00,0x00,0x00,0x07,0xda,0xff,0xff,0xff,0xff,0x7a,0x01,0x00,0x00,
    0x00,0x00,0x00,0x00,0x00,0x00,0x50,0xf5,0xff,0xff,0xff,0xf2,0x1b,0x00,0x00,0x00,
    0x00,0x00,0x00,0x7c,0xff,0xff,0xff,0xff,0x79,0x00,0x00,0x00,0x00,0x00,0x00,0x00,
    0x00,0x00,0x00,0x00,0x45,0xfd,0xff,0xff,0xff,0xa7,0x00,0x00,0x00,0x00,0x00,0x09,
    0xeb,0xff,0xff,0xff,0xbf,0x01,0x00,0x00,0x00,0x00,0x00,0x00,0x00,0x00,0x00,0x00,
    0x00,0x00,0x8a,0xff,0xff,0xff,0xfd,0x22,0x00,0x00,0x00,0x00,0x5b,0xff,0xff,0xff,
    0xff,0x37,0x00,0x00,0x00,0x00,0x00,0x00,0x00,0x00,0x00,0x00,0x00,0x00,0x00,0x0f,
    0xf0,0xff,0xff,0xff,0x86,0x00,0x00,0x00,0x00,0xa7,0xff,0xff,0xff,0xd1,0x00,0x00,
    0x00,0x00,0x00,0x00,0x00,0x00,0x00,0x00,0x00,0x00,0x00,0x00,0x00,0x99,0xff,0xff,
    0xff,0xd2,0x00,0x00,0x00,0x00,0xe1,0xff,0xff,0xff,0x87,0x00,0x00,0x00,0x00,0x00,
    0x00,0x00,0x00,0x00,0x00,0x00,0x00,0x00,0x00,0x00,0x4e,0xff,0xff,0xff,0xff,0x0e,
    0x00,0x00,0x0c,0xfe,0xff,0xff,0xff,0x53,0x00,0x00,0x00,0x00,0x00,0x00,0x00,0x00,
    0x00,0x00,0x00,0x00,0x00,0x00,0x00,0x19,0xff,0xff,0xff,0xff,0x37,0x00,0x00,0x25,
    0xff,0xff,0xff,0xff,0x32,0x00,0x00,0x00,0x00,0x00,0x00,0x00,0x00,0x00,0x00,0x00,
    0x00,0x00,0x00,0x00,0x00,0xf7,0xff,0xff,0xff,0x50,0x00,0x00,0x32,0xff,0xff,0xff,
    0xff,0x24,0x00,0x00,0x00,0x00,0x00,0x00,0x00,0x00,0x00,0x00,0x00,0x00,0x00,0x00,
    0x00,0x00,0xe9,0xff,0xff,0xff,0x5d,0x00,0x00,0x32,0xff,0xff,0xff,0xff,0x25,0x00,
    0x00,0x00,0x00,0x00,0x00,0x00,0x00,0x00,0x00,0x00,0x00,0x00,0x00,0x00,0x00,0xea,
    0xff,0xff,0xff,0x5c,0x00,0x00,0x25,0xff,0xff,0xff,0xff,0x33,0x00,0x00,0x00,0x00,
    0x00,0x00,0x00,0x00,0x00,0x00,0x00,0x00,0x00,0x00,0x00,0x01,0xf8,0xff,0xff,0xff,
    0x4f,0x00,0x00,0x0c,0xfe,0xff,0xff,0xff,0x55,0x00,0x00,0x00,0x00,0x00,0x00,0x00,
    0x00,0x00,0x00,0x00,0x00,0x00,0x00,0x00,0x1a,0xff,0xff,0xff,0xff,0x35,0x00,0x00,
    0x00,0xe0,0xff,0xff,0xff,0x8a,0x00,0x00,0x00,0x00,0x00,0x00,0x00,0x00,0x00,0x00,
    0x00,0x00,0x00,0x00,0x00,0x51,0xff,0xff,0xff,0xfe,0x0c,0x00,0x00,0x00,0xa6,0xff,
    0xff,0xff,0xd4,0x00,0x00,0x00,0x00,0x00,0x00,0x00,0x00,0x00,0x00,0x00,0x00,0x00,
    0x00,0x00,0x9c,0xff,0xff,0xff,0xd0,0x00,0x00,0x00,0x00,0x5b,0xff,0xff,0xff,0xff,
    0x3a,0x00,0x00,0x00,0x00,0x00,0x00,0x00,0x00,0x00,0x00,0x00,0x00,0x00,0x11,0xf2,
    0xff,0xff,0xff,0x84,0x00,0x00,0x00,0x00,0x09,0xec,0xff,0xff,0xff,0xc1,0x01,0x00,
    0x00,0x00,0x00,0x00,0x00,0x00,0x00,0x00,0x00,0x00,0x00,0x8c,0xff,0xff,0xff,0xfd,
    0x22,0x00,0x00,0x00,0x00,0x00,0x7e,0xff,0xff,0xff,0xff,0x7b,0x00,0x00,0x00,0x00,
    0x00,0x00,0x00,0x00,0x00,0x00,0x00,0x47,0xfd,0xff,0xff,0xff,0xa7,0x00,0x00,0x00,
    0x00,0x00,0x00,0x08,0xdd,0xff,0xff,0xff,0xff,0x78,0x00,0x00,0x00,0x00,0x00,0x00,
    0x00,0x00,0x00,0x4e,0xf4,0xff,0xff,0xff,0xf3,0x1c,0x00,0x00,0x00,0x00,0x00,0x00,
    0x00,0x35,0xf7,0xff,0xff,0xff,0xff,0xc2,0x46,0x02,0x00,0x00,0x00,0x00,0x34,0xa6,
    0xfe,0xff,0xff,0xff,0xff,0x57,0x00,0x00,0x00,0x00,0x00,0x00,0x00,0x00,0x00,0x50,
    0xf8,0xff,0xff,0xff,0xff,0xff,0xf2,0xc7,0xb7,0xc2,0xea,0xff,0xff,0xff,0xff,0xff,
    0xfe,0x71,0x00,0x00,0x00,0x00,0x00,0x00,0x00,0x00,0x00,0x00,0x00,0x3d,0xe2,0xff,
    0xff,0xff,0xff,0xff,0xff,0xff,0xff,0xff,0xff,0xff,0xff,0xff,0xee,0x56,0x00,0x00,
    0x00,0x00,0x00,0x00,0x00,0x00,0x00,0x00,0x00,0x00,0x00,0x0f,0x89,0xf3,0xff,0xff,
    0xff,0xff,0xff,0xff,0xff,0xff,0xff,0xff,0xff,0x51,0x00,0x00,0x00,0x00,0x00,0x00,
    0x00,0x00,0x00,0x00,0x00,0x00,0x00,0x00,0x00,0x00,0x0e,0x5d,0xa4,0xd4,0xef,0xfb,
    0xef,0xe5,0xff,0xff,0xff,0xff,0xf9,0x63,0x00,0x00,0x00,0x00,0x00,0x00,0x00,0x00,
    0x00,0x00,0x00,0x00,0x00,0x00,0x00,0x00,0x00,0x00,0x00,0x00,0x00,0x00,0x01,0x7c,
    0xfd,0xff,0xff,0xff,0xff,0x94,0x04,0x00,0x00,0x00,0x00,0x00,0x00,0x00,0x00,0x00,
    0x00,0x00,0x00,0x00,0x00,0x00,0x00,0x00,0x00,0x00,0x00,0x00,0x00,0x48,0xee,0xff,
    0xff,0xff,0xff,0xc1,0x15,0x00,0x00,0x00,0x00,0x00,0x00,0x00,0x00,0x00,0x00,0x00,
    0x00,0x00,0x00,0x00,0x00,0x00,0x00,0x00,0x00,0x00,0x00,0x22,0xd0,0xff,0xff,0xff,
    0xff,0xe1,0x32,0x00,0x00,0x00,0x00,0x00,0x00,0x00,0x00,0x00,0x00,0x00,0x00,0x00,
    0x00,0x00,0x00,0x00,0x00,0x00,0x00,0x00,0x00,0x09,0xa3,0xff,0xff,0xff,0xff,0xf6,
    0x5a,0x00,0x00,0x00,0x00,0x00,0x00,0x00,0x00,0x00,0x00,0x00,0x00,0x00,0x00,0x00,
    0x00,0x00,0x00,0x00,0x00,0x00,0x00,0x00,0x6e,0xfa,0xff,0xff,0xff,0xff,0x8b,0x03,
    0x00,0x00,0x00,0x00,0x00,0x00,0x00,0x00,0x00,0x00,0x00,0x00,0x00,0x00,0x00,0x00,
    0x00,0x00,0x00,0x00,0x00,0x00,0x3a,0x80,0x80,0x80,0x80,0x80,0x3e,0xd0,0xff,0xff,
    0xff,0xff,0xff,0xff,0xff,0xff,0xfa,0xea,0xc8,0x90,0x40,0x01,0x00,0x00,0x00,0x00,
    0x00,0x00,0x00,0xd0,0xff,0xff,0xff,0xff,0xff,0xff,0xff,0xff,0xff,0xff,0xff,0xff,
    0xff,0xd2,0x44,0x00,0x00,0x00,0x00,0x00,0x00,0xd0,0xff,0xff,0xff,0xff,0xff,0xff,
    0xff,0xff,0xff,0xff,0xff,0xff,0xff,0xff,0xfe,0x80,0x00,0x00,0x00,0x00,0x00,0xd0,
    0xff,0xff,0xff,0xa2,0x80,0x80,0x80,0x81,0x8e,0xb1,0xed,0xff,0xff,0xff,0xff,0xff,
    0x72,0x00,0x00,0x00,0x00,0xd0,0xff,0xff,0xff,0x44,0x00,0x00,0x00,0x00,0x00,0x00,
    0x07,0x68,0xf1,0xff,0xff,0xff,0xfa,0x26,0x00,0x00,0x00,0xd0,0xff,0xff,0xff,0x44,
    0x00,0x00,0x00,0x00,0x00,0x00,0x00,0x00,0x36,0xf8,0xff,0xff,0xff,0x9c,0x00,0x00,
    0x00,0xd0,0xff,0xff,0xff,0x44,0x00,0x00,0x00,0x00,0x00,0x00,0x00,0x00,0x00,0x8c,
    0xff,0xff,0xff,0xed,0x00,0x00,0x00,0xd0,0xff,0xff,0xff,0x44,0x00,0x00,0x00,0x00,
    0x00,0x00,0x00,0x00,0x00,0x3b,0xff,0xff,0xff,0xff,0x1b,0x00,0x00,0xd0,0xff,0xff,
    0xff,0x44,0x00,0x00,0x00,0x00,0x00,0x00,0x00,0x00,0x00,0x22,0xff,0xff,0xff,0xff,
    0x2b,0x00,0x00,0xd0,0xff,0xff,0xff,0x44,0x00,0x00,0x00,0x00,0x00,0x00,0x00,0x00,
    0x00,0x37,0xff,0xff,0xff,0xff,0x1d,0x00,0x00,0xd0,0xff,0xff,0xff,0x44,0x00,0x00,
    0x00,0x00,0x00,0x00,0x00,0x00,0x00,0x84,0xff,0xff,0xff,0xf0,0x02,0x00,0x00,0xd0,
    0xff,0xff,0xff,0x44,0x00,0x00,0x00,0x00,0x00,0x00,0x00,0x00,0x2e,0xf5,0xff,0xff,
    0xff,0xa4,0x00,0x00,0x00,0xd0,0xff,0xff,0xff,0x44,0x00,0x00,0x00,0x00,0x00,0x00,
    0x06,0x63,0xee,0xff,0xff,0xff,0xfc,0x30,0x00,0x00,0x00,0xd0,0xff,0xff,0xff,0xa4,
    0x84,0x84,0x84,0x85,0x91,0xb2,0xed,0xff,0xff,0xff,0xff,0xff,0x80,0x00,0x00,0x00,
    0x00,0xd0,0xff,0xff,0xff,0xff,0xff,0xff,0xff,0xff,0xff,0xff,0xff,0xff,0xff,0xff,
    0xff,0x8d,0x00,0x00,0x00,0x00,0x00,0xd0,0xff,0xff,0xff,0xff,0xff,0xff,0xff,0xff,
    0xff,0xff,0xff,0xff,0xff,0xd7,0x4c,0x00,0x00,0x00,0x00,0x00,0x00,0xd0,0xff,0xff,
    0xff,0xff,0xff,0xff,0xff,0xff,0xff,0xff,0xff,0xff,0xd3,0x02,0x00,0x00,0x00,0x00,
    0x00,0x00,0x00,0xd0,0xff,0xff,0xff,0x44,0x00,0x00,0x00,0x00,0x4f,0xff,0xff,0xff,
    0xff,0x73,0x00,0x00,0x00,0x00,0x00,0x00,0x00,0xd0,0xff,0xff,0xff,0x44,0x00,0x00,
    0x00,0x00,0x00,0x9e,0xff,0xff,0xff,0xf9,0x2f,0x00,0x00,0x00,0x00,0x00,0x00,0xd0,
    0xff,0xff,0xff,0x44,0x00,0x00,0x00,0x00,0x00,0x0d,0xde,0xff,0xff,0xff,0xd5,0x09,
    0x00,0x00,0x00,0x00,0x00,0xd0,0xff,0xff,0xff,0x44,0x00,0x00,0x00,0x00,0x00,0x00,
    0x3c,0xfd,0xff,0xff,0xff,0x95,0x00,0x00,0x00,0x00,0x00,0xd0,0xff,0xff,0xff,0x44,
    0x00,0x00,0x00,0x00,0x00,0x00,0x00,0x88,0xff,0xff,0xff,0xff,0x4c,0x00,0x00,0x00,
    0x00,0xd0,0xff,0xff,0xff,0x44,0x00,0x00,0x00,0x00,0x00,0x00,0x00,0x06,0xd0,0xff,
    0xff,0xff,0xea,0x17,0x00,0x00,0x00,0xd0,0xff,0xff,0xff,0x44,0x00,0x00,0x00,0x00,
    0x00,0x00,0x00,0x00,0x2c,0xf8,0xff,0xff,0xff,0xb7,0x01,0x00,0x00,0xd0,0xff,0xff,
    0xff,0x44,0x00,0x00,0x00,0x00,0x00,0x00,0x00,0x00,0x00,0x73,0xff,0xff,0xff,0xff,
    0x6e,0x00,0x00,0xd0,0xff,0xff,0xff,0x44,0x00,0x00,0x00,0x00,0x00,0x00,0x00,0x00,
    0x00,0x01,0xbe,0xff,0xff,0xff,0xf7,0x2c,0x00,0xd0,0xff,0xff,0xff,0x44,0x00,0x00,
    0x00,0x00,0x00,0x00,0x00,0x00,0x00,0x00,0x1e,0xf0,0xff,0xff,0xff,0xd2,0x07,0xd0,
    0xff,0xff,0xff,0x44,0x00,0x00,0x00,0x00,0x00,0x00,0x00,0x00,0x00,0x00,0x00,0x5d,
    0xff,0xff,0xff,0xff,0x90,0x00,0x00,0x00,0x00,0x00,0x00,0x1e,0x6a,0xb2,0xd7,0xed,
    0xfb,0xef,0xd4,0xa3,0x56,0x08,0x00,0x00,0x00,0x00,0x00,0x00,0x00,0x00,0x00,0x16,
    0x96,0xfb,0xff,0xff,0xff,0xff,0xff,0xff,0xff,0xff,0xff,0xe4,0x59,0x00,0x00,0x00,
    0x00,0x00,0x00,0x00,0x22,0xe2,0xff,0xff,0xff,0xff,0xff,0xff,0xff,0xff,0xff,0xff,
    0xff,0xff,0xff,0x90,0x00,0x00,0x00,0x00,0x00,0x15,0xe2,0xff,0xff,0xff,0xff,0xff,
    0xd6,0xb3,0xb2,0xd1,0xf6,0xff,0xff,0xff,0xff,0xff,0x79,0x00,0x00,0x00,0x00,0x98,
    0xff,0xff,0xff,0xff,0xaa,0x22,0x00,0x00,0x00,0x00,0x10,0x74,0xf2,0xff,0xff,0xff,
    0xf9,0x23,0x00,0x00,0x06,0xf4,0xff,0xff,0xff,0xa1,0x00,0x00,0x00,0x00,0x00,0x00,
    0x00,0x00,0x33,0xeb,0xff,0xff,0xff,0x81,0x00,0x00,0x33,0xff,0xff,0xff,0xff,0x25,
    0x00,0x00,0x00,0x00,0x00,0x00,0x00,0x00,0x00,0x53,0xff,0xf1,0x76,0x07,0x00,0x00,
    0x47,0xff,0xff,0xff,0xff,0x09,0x00,0x00,0x00,0x00,0x00,0x00,0x00,0x00,0x00,0x00,
    0x72,0x15,0x00,0x00,0x00,0x00,0x3d,0xff,0xff,0xff,0xff,0x39,0x00,0x00,0x00,0x00,
    0x00,0x00,0x00,0x00,0x00,0x00,0x00,0x00,0x00,0x00,0x00,0x00,0x11,0xfd,0xff,0xff,
    0xff,0xcb,0x10,0x00,0x00,0x00,0x00,0x00,0x00,0x00,0x00,0x00,0x00,0x00,0x00,0x00,
    0x00,0x00,0x00,0xb1,0xff,0xff,0xff,0xff,0xde,0x59,0x04,0x00,0x00,0x00,0x00,0x00,
    0x00,0x00,0x00,0x00,0x00,0x00,0x00,0x00,0x00,0x20,0xe6,0xff,0xff,0xff,0xff,0xff,
    0xe9,0x95,0x47,0x07,0x00,0x00,0x00,0x00,0x00,0x00,0x00,0x00,0x00,0x00,0x00,0x00,
    0x25,0xd9,0xff,0xff,0xff,0xff,0xff,0xff,0xff,0xf3,0xac,0x59,0x0a,0x00,0x00,0x00,
    0x00,0x00,0x00,0x00,0x00,0x00,0x00,0x06,0x75,0xe4,0xff,0xff,0xff,0xff,0xff,0xff,
    0xff,0xff,0xf3,0x97,0x1b,0x00,0x00,0x00,0x00,0x00,0x00,0x00,0x00,0x00,0x00,0x03,
    0x46,0x9c,0xea,0xff,0xff,0xff,0xff,0xff,0xff,0xff,0xf4,0x69,0x00,0x00,0x00,0x00,
    0x00,0x00,0x00,0x00,0x00,0x00,0x00,0x00,0x02,0x3a,0x89,0xdd,0xff,0xff,0xff,0xff,
    0xff,0xff,0x75,0x00,0x00,0x00,0x00,0x00,0x00,0x00,0x00,0x00,0x00,0x00,0x00,0x00,
    0x00,0x00,0x3e,0xbb,0xff,0xff,0xff,0xff,0xfe,0x3d,0x00,0x00,0x00,0x00,0x00,0x00,
    0x00,0x00,0x00,0x00,0x00,0x00,0x00,0x00,0x00,0x00,0x76,0xff,0xff,0xff,0xff,0xb2,
    0x00,0x00,0x00,0x00,0x00,0x00,0x00,0x00,0x00,0x00,0x00,0x00,0x00,0x00,0x00,0x00,
    0x00,0xaf,0xff,0xff,0xff,0xf2,0x01,0x00,0x00,0x06,0x6a,0x06,0x00,0x00,0x00,0x00,
    0x00,0x00,0x00,0x00,0x00,0x00,0x00,0x56,0xff,0xff,0xff,0xff,0x0f,0x00,0x55,0xdd,
    0xff,0x6f,0x00,0x00,0x00,0x00,0x00,0x00,0x00,0x00,0x00,0x00,0x00,0x3c,0xff,0xff,
    0xff,0xff,0x0e,0x4d,0xff,0xff,0xff,0xf4,0x2d,0x00,0x00,0x00,0x00,0x00,0x00,0x00,
    0x00,0x00,0x00,0x64,0xff,0xff,0xff,0xf1,0x01,0x06,0xe6,0xff,0xff,0xff,0xe7,0x37,
    0x00,0x00,0x00,0x00,0x00,0x00,0x00,0x00,0x0d,0xd8,0xff,0xff,0xff,0xb2,0x00,0x00,
    0x55,0xff,0xff,0xff,0xff,0xfb,0x95,0x2c,0x00,0x00,0x00,0x00,0x01,0x40,0xd0,0xff,
    0xff,0xff,0xff,0x48,0x00,0x00,0x00,0x88,0xff,0xff,0xff,0xff,0xff,0xff,0xe8,0xc3,
    0xb7,0xc2,0xeb,0xff,0xff,0xff,0xff,0xff,0xa0,0x00,0x00,0x00,0x00,0x00,0x75,0xfb,
    0xff,0xff,0xff,0xff,0xff,0xff,0xff,0xff,0xff,0xff,0xff,0xff,0xff,0xb1,0x04,0x00,
    0x00,0x00,0x00,0x00,0x00,0x30,0xb6,0xff,0xff,0xff,0xff,0xff,0xff,0xff,0xff,0xff,
    0xff,0xec,0x64,0x01,0x00,0x00,0x00,0x00,0x00,0x00,0x00,0x00,0x00,0x24,0x79,0xb3,
    0xdf,0xf2,0xfa,0xe7,0xd0,0xa1,0x52,0x0b,0x00,0x00,0x00,0x00,0x00,0x94,0xff,0xff,
    0xff,0xff,0xff,0xff,0xff,0xff,0xff,0xff,0xff,0xff,0xff,0xff,0xff,0xff,0xff,0xff,
    0xff,0xff,0xa8,0x94,0xff,0xff,0xff,0xff,0xff,0xff,0xff,0xff,0xff,0xff,0xff,0xff,
    0xff,0xff,0xff,0xff,0xff,0xff,0xff,0xff,0xa8,0x94,0xff,0xff,0xff,0xff,0xff,0xff,
    0xff,0xff,0xff,0xff,0xff,0xff,0xff,0xff,0xff,0xff,0xff,0xff,0xff,0xff,0xa8,0x55,
    0x94,0x94,0x94,0x94,0x94,0x94,0x94,0x97,0xff,0xff,0xff,0xff,0x9c,0x94,0x94,0x94,
    0x94,0x94,0x94,0x94,0x61,0x00,0x00,0x00,0x00,0x00,0x00,0x00,0x00,0x08,0xff,0xff,
    0xff,0xff,0x14,0x00,0x00,0x00,0x00,0x00,0x00,0x00,0x00,0x00,0x00,0x00,0x00,0x00,
    0x00,0x00,0x00,0x08,0xff,0xff,0xff,0xff,0x14,0x00,0x00,0x00,0x00,0x00,0x00,0x00,
    0x00,0x00,0x00,0x00,0x00,0x00,0x00,0x00,0x00,0x08,0xff,0xff,0xff,0xff,0x14,0x00,
    0x00,0x00,0x00,0x00,0x00,0x00,0x00,0x00,0x00,0x00,0x00,0x00,0x00,0x00,0x00,0x08,
    0xff,0xff,0xff,0xff,0x14,0x00,0x00,0x00,0x00,0x00,0x00,0x00,0x00,0x00,0x00,0x00,
    0x00,0x00,0x00,0x00,0x00,0x08,0xff,0xff,0xff,0xff,0x14,0x00,0x00,0x00,0x00,0x00,
    0x00,0x00,0x00,0x00,0x00,0x00,0x00,0x00,0x00,0x00,0x00,0x08,0xff,0xff,0xff,0xff,
    0x14,0x00,0x00,0x00,0x00,0x00,0x00,0x00,0x00,0x00,0x00,0x00,0x00,0x00,0x00,0x00,
    0x00,0x08,0xff,0xff,0xff,0xff,0x14,0x00,0x00,0x00,0x00,0x00,0x00,0x00,0x00,0x00,
    0x00,0x00,0x00,0x00,0x00,0x00,0x00,0x08,0xff,0xff,0xff,0xff,0x14,0x00,0x00,0x00,
    0x00,0x00,0x00,0x00,0x00,0x00,0x00,0x00,0x00,0x00,0x00,0x00,0x00,0x08,0xff,0xff,
    0xff,0xff,0x14,0x00,0x00,0x00,0x00,0x00,0x00,0x00,0x00,0x00,0x00,0x00,0x00,0x00,
    0x00,0x00,0x00,0x08,0xff,0xff,0xff,0xff,0x14,0x00,0x00,0x00,0x00,0x00,0x00,0x00,
    0x00,0x00,0x00,0x00,0x00,0x00,0x00,0x00,0x00,0x08,0xff,0xff,0xff,0xff,0x14,0x00,
    0x00,0x00,0x00,0x00,0x00,0x00,0x00,0x00,0x00,0x00,0x00,0x00,0x00,0x00,0x00,0x08,
    0xff,0xff,0xff,0xff,0x14,0x00,0x00,0x00,0x00,0x00,0x00,0x00,0x00,0x00,0x00,0x00,
    0x00,0x00,0x00,0x00,0x00,0x08,0xff,0xff,0xff,0xff,0x14,0x00,0x00,0x00,0x00,0x00,
    0x00,0x00,0x00,0x00,0x00,0x00,0x00,0x00,0x00,0x00,0x00,0x08,0xff,0xff,0xff,0xff,
    0x14,0x00,0x00,0x00,0x00,0x00,0x00,0x00,0x00,0x00,0x00,0x00,0x00,0x00,0x00,0x00,
    0x00,0x08,0xff,0xff,0xff,0xff,0x14,0x00,0x00,0x00,0x00,0x00,0x00,0x00,0x00,0x00,
    0x00,0x00,0x00,0x00,0x00,0x00,0x00,0x08,0xff,0xff,0xff,0xff,0x14,0x00,0x00,0x00,
    0x00,0x00,0x00,0x00,0x00,0x00,0x00,0x00,0x00,0x00,0x00,0x00,0x00,0x08,0xff,0xff,
    0xff,0xff,0x14,0x00,0x00,0x00,0x00,0x00,0x00,0x00,0x00,0x00,0x00,0x00,0x00,0x00,
    0x00,0x00,0x00,0x08,0xff,0xff,0xff,0xff,0x14,0x00,0x00,0x00,0x00,0x00,0x00,0x00,
    0x00,0x00,0x00,0x00,0x00,0x00,0x00,0x00,0x00,0x08,0xff,0xff,0xff,0xff,0x14,0x00,
    0x00,0x00,0x00,0x00,0x00,0x00,0x00,0x00,0x00,0x00,0x00,0x00,0x00,0x00,0x00,0x08,
    0xff,0xff,0xff,0xff,0x14,0x00,0x00,0x00,0x00,0x00,0x00,0x00,0x00,0x00,0x00,0x00,
    0x00,0x00,0x00,0x00,0x00,0x08,0xff,0xff,0xff,0xff,0x14,0x00,0x00,0x00,0x00,0x00,
    0x00,0x00,0x00,0x00,0x00,0x00,0x00,0x00,0x00,0x00,0x00,0x08,0xff,0xff,0xff,0xff,
    0x14,0x00,0x00,0x00,0x00,0x00,0x00,0x00,0x00,0x00,0x00,0x00,0x00,0x00,0x00,0x00,
    0x00,0x08,0xff,0xff,0xff,0xff,0x14,0x00,0x00,0x00,0x00,0x00,0x00,0x00,0x00,0x00,
    0x00,0x00,0x00,0x00,0x00,0x00,0x00,0x08,0xff,0xff,0xff,0xff,0x14,0x00,0x00,0x00,
    0x00,0x00,0x00,0x00,0x00,0x1c,0xff,0xff,0xff,0xfc,0x00,0x00,0x00,0x00,0x00,0x00,
    0x00,0x00,0x00,0x00,0x00,0x00,0x00,0x00,0xe0,0xff,0xff,0xff,0x3c,0x1c,0xff,0xff,
    0xff,0xfc,0x00,0x00,0x00,0x00,0x00,0x00,0x00,0x00,0x00,0x00,0x00,0x00,0x00,0x00,
    0xe0,0xff,0xff,0xff,0x3c,0x1c,0xff,0xff,0xff,0xfc,0x00,0x00,0x00,0x00,0x00,0x00,
    0x00,0x00,0x00,0x00,0x00,0x00,0x00,0x00,0xe0,0xff,0xff,0xff,0x3c,0x1c,0xff,0xff,
    0xff,0xfc,0x00,0x00,0x00,0x00,0x00,0x00,0x00,0x00,0x00,0x00,0x00,0x00,0x00,0x00,
    0xe0,0xff,0xff,0xff,0x3c,0x1c,0xff,0xff,0xff,0xfc,0x00,0x00,0x00,0x00,0x00,0x00,
    0x00,0x00,0x00,0x00,0x00,0x00,0x00,0x00,0xe0,0xff,0xff,0xff,0x3c,0x1c,0xff,0xff,
    0xff,0xfc,0x00,0x00,0x00,0x00,0x00,0x00,0x00,0x00,0x00,0x00,0x00,0x00,0x00,0x00,
    0xe0,0xff,0xff,0xff,0x3c,0x1c,0xff,0xff,0xff,0xfc,0x00,0x00,0x00,0x00,0x00,0x00,
    0x00,0x00,0x00,0x00,0x00,0x00,0x00,0x00,0xe0,0xff,0xff,0xff,0x3c,0x1c,0xff,0xff,
    0xff,0xfc,0x00,0x00,0x00,0x00,0x00,0x00,0x00,0x00,0x00,0x00,0x00,0x00,0x00,0x00,
    0xe0,0xff,0xff,0xff,0x3c,0x1c,0xff,0xff,0xff,0xfc,0x00,0x00,0x00,0x00,0x00,0x00,
    0x00,0x00,0x00,0x00,0x00,0x00,0x00,0x00,0xe0,0xff,0xff,0xff,0x3c,0x1c,0xff,0xff,
    0xff,0xfc,0x00,0x00,0x00,0x00,0x00,0x00,0x00,0x00,0x00,0x00,0x00,0x00,0x00,0x00,
    0xe0,0xff,0xff,0xff,0x3c,0x1c,0xff,0xff,0xff,0xfc,0x00,0x00,0x00,0x00,0x00,0x00,
    0x00,0x00,0x00,0x00,0x00,0x00,0x00,0x00,0xe0,0xff,0xff,0xff,0x3c,0x1c,0xff,0xff,
    0xff,0xfc,0x00,0x00,0x00,0x00,0x00,0x00,0x00,0x00,0x00,0x00,0x00,0x00,0x00,0x00,
    0xe0,0xff,0xff,0xff,0x3c,0x1c,0xff,0xff,0xff,0xfc,0x00,0x00,0x00,0x00,0x00,0x00,
    0x00,0x00,0x00,0x00,0x00,0x00,0x00,0x00,0xe0,0xff,0xff,0xff,0x3c,0x1c,0xff,0xff,
    0xff,0xfc,0x00,0x00,0x00,0x00,0x00,0x00,0x00,0x00,0x00,0x00,0x00,0x00,0x00,0x00,
    0xe0,0xff,0xff,0xff,0x3c,0x1c,0xff,0xff,0xff,0xfc,0x00,0x00,0x00,0x00,0x00,0x00,
    0x00,0x00,0x00,0x00,0x00,0x00,0x00,0x00,0xe0,0xff,0xff,0xff,0x3c,0x1c,0xff,0xff,
    0xff,0xfc,0x00,0x00,0x00,0x00,0x00,0x00,0x00,0x00,0x00,0x00,0x00,0x00,0x00,0x00,
    0xe1,0xff,0xff,0xff,0x3c,0x19,0xff,0xff,0xff,0xff,0x08,0x00,0x00,0x00,0x00,0x00,
    0x00,0x00,0x00,0x00,0x00,0x00,0x00,0x00,0xed,0xff,0xff,0xff,0x39,0x0f,0xff,0xff,
    0xff,0xff,0x19,0x00,0x00,0x00,0x00,0x00,0x00,0x00,0x00,0x00,0x00,0x00,0x00,0x02,
    0xfb,0xff,0xff,0xff,0x2d,0x01,0xf6,0xff,0xff,0xff,0x44,0x00,0x00,0x00,0x00,0x00,
    0x00,0x00,0x00,0x00,0x00,0x00,0x00,0x29,0xff,0xff,0xff,0xff,0x17,0x00,0xcf,0xff,
    0xff,0xff,0x7f,0x00,0x00,0x00,0x00,0x00,0x00,0x00,0x00,0x00,0x00,0x00,0x00,0x64,
    0xff,0xff,0xff,0xef,0x00,0x00,0x91,0xff,0xff,0xff,0xdd,0x01,0x00,0x00,0x00,0x00,
    0x00,0x00,0x00,0x00,0x00,0x00,0x00,0xc4,0xff,0xff,0xff,0xb0,0x00,0x00,0x3e,0xff,
    0xff,0xff,0xff,0x6c,0x00,0x00,0x00,0x00,0x00,0x00,0x00,0x00,0x00,0x00,0x51,0xff,
    0xff,0xff,0xff,0x5d,0x00,0x00,0x00,0xce,0xff,0xff,0xff,0xf6,0x46,0x00,0x00,0x00,
    0x00,0x00,0x00,0x00,0x00,0x33,0xed,0xff,0xff,0xff,0xe6,0x07,0x00,0x00,0x00,0x3e,
    0xfe,0xff,0xff,0xff,0xfa,0x8e,0x1e,0x00,0x00,0x00,0x00,0x16,0x7d,0xf5,0xff,0xff,
    0xff,0xff,0x5b,0x00,0x00,0x00,0x00,0x00,0x7d,0xff,0xff,0xff,0xff,0xff,0xff,0xdb,
    0xc0,0xbd,0xd5,0xfe,0xff,0xff,0xff,0xff,0xff,0x9c,0x00,0x00,0x00,0x00,0x00,0x00,
    0x00,0x7f,0xfe,0xff,0xff,0xff,0xff,0xff,0xff,0xff,0xff,0xff,0xff,0xff,0xff,0xff,
    0x98,0x03,0x00,0x00,0x00,0x00,0x00,0x00,0x00,0x00,0x41,0xd0,0xff,0xff,0xff,0xff,
    0xff,0xff,0xff,0xff,0xff,0xff,0xdc,0x52,0x00,0x00,0x00,0x00,0x00,0x00,0x00,0x00,
    0x00,0x00,0x00,0x00,0x3f,0x8e,0xc5,0xea,0xf9,0xfa,0xec,0xca,0x96,0x4a,0x02,0x00,
    0x00,0x00,0x00,0x00,0x00,0x8a,0xff,0xff,0xff,0xf5,0x0d,0x00,0x00,0x00,0x00,0x00,
    0x00,0x00,0x00,0x00,0x00,0x00,0x00,0x00,0x00,0x05,0xec,0xff,0xff,0xff,0x42,0x25,
    0xfe,0xff,0xff,0xff,0x63,0x00,0x00,0x00,0x00,0x00,0x00,0x00,0x00,0x00,0x00,0x00,
    0x00,0x00,0x00,0x4e,0xff,0xff,0xff,0xe0,0x01,0x00,0xbf,0xff,0xff,0xff,0xc3,0x00,
    0x00,0x00,0x00,0x00,0x00,0x00,0x00,0x00,0x00,0x00,0x00,0x00,0x00,0xaa,0xff,0xff,
    0xff,0x80,0x00,0x00,0x59,0xff,0xff,0xff,0xff,0x24,0x00,0x00,0x00,0x00,0x00,0x00,
    0x00,0x00,0x00,0x00,0x00,0x00,0x0e,0xf7,0xff,0xff,0xfe,0x20,0x00,0x00,0x07,0xec,
    0xff,0xff,0xff,0x83,0x00,0x00,0x00,0x00,0x00,0x00,0x00,0x00,0x00,0x00,0x00,0x00,
    0x61,0xff,0xff,0xff,0xbd,0x00,0x00,0x00,0x00,0x8e,0xff,0xff,0xff,0xe1,0x01,0x00,
    0x00,0x00,0x00,0x00,0x00,0x00,0x00,0x00,0x00,0x00,0xbd,0xff,0xff,0xff,0x5c,0x00,
    0x00,0x00,0x00,0x29,0xff,0xff,0xff,0xff,0x43,0x00,0x00,0x00,0x00,0x00,0x00,0x00,
    0x00,0x00,0x00,0x1a,0xfd,0xff,0xff,0xf1,0x0a,0x00,0x00,0x00,0x00,0x00,0xc4,0xff,
    0xff,0xff,0xa3,0x00,0x00,0x00,0x00,0x00,0x00,0x00,0x00,0x00,0x00,0x74,0xff,0xff,
    0xff,0x99,0x00,0x00,0x00,0x00,0x00,0x00,0x5e,0xff,0xff,0xff,0xf5,0x0d,0x00,0x00,
    0x00,0x00,0x00,0x00,0x00,0x00,0x00,0xd0,0xff,0xff,0xff,0x38,0x00,0x00,0x00,0x00,
    0x00,0x00,0x09,0xef,0xff,0xff,0xff,0x63,0x00,0x00,0x00,0x00,0x00,0x00,0x00,0x00,
    0x2b,0xff,0xff,0xff,0xd7,0x00,0x00,0x00,0x00,0x00,0x00,0x00,0x00,0x93,0xff,0xff,
    0xff,0xc3,0x00,0x00,0x00,0x00,0x00,0x00,0x00,0x00,0x87,0xff,0xff,0xff,0x76,0x00,
    0x00,0x00,0x00,0x00,0x00,0x00,0x00,0x2e,0xff,0xff,0xff,0xff,0x24,0x00,0x00,0x00,
    0x00,0x00,0x00,0x01,0xe1,0xff,0xff,0xfc,0x18,0x00,0x00,0x00,0x00,0x00,0x00,0x00,
    0x00,0x00,0xc8,0xff,0xff,0xff,0x83,0x00,0x00,0x00,0x00,0x00,0x00,0x3f,0xff,0xff,
    0xff,0xb3,0x00,0x00,0x00,0x00,0x00,0x00,0x00,0x00,0x00,0x00,0x63,0xff,0xff,0xff,
    0xe1,0x01,0x00,0x00,0x00,0x00,0x00,0x9a,0xff,0xff,0xff,0x52,0x00,0x00,0x00,0x00,
    0x00,0x00,0x00,0x00,0x00,0x00,0x0b,0xf2,0xff,0xff,0xff,0x43,0x00,0x00,0x00,0x00,
    0x06,0xee,0xff,0xff,0xeb,0x05,0x00,0x00,0x00,0x00,0x00,0x00,0x00,0x00,0x00,0x00,
    0x00,0x98,0xff,0xff,0xff,0xa3,0x00,0x00,0x00,0x00,0x52,0xff,0xff,0xff,0x8f,0x00,
    0x00,0x00,0x00,0x00,0x00,0x00,0x00,0x00,0x00,0x00,0x00,0x33,0xff,0xff,0xff,0xf5,
    0x0d,0x00,0x00,0x00,0xae,0xff,0xff,0xff,0x2e,0x00,0x00,0x00,0x00,0x00,0x00,0x00,
    0x00,0x00,0x00,0x00,0x00,0x00,0xcd,0xff,0xff,0xff,0x63,0x00,0x00,0x10,0xf8,0xff,
    0xff,0xcd,0x00,0x00,0x00,0x00,0x00,0x00,0x00,0x00,0x00,0x00,0x00,0x00,0x00,0x00,
    0x68,0xff,0xff,0xff,0xc3,0x00,0x00,0x65,0xff,0xff,0xff,0x6b,0x00,0x00,0x00,0x00,
    0x00,0x00,0x00,0x00,0x00,0x00,0x00,0x00,0x00,0x00,0x0d,0xf4,0xff,0xff,0xff,0x24,
    0x00,0xc1,0xff,0xff,0xf8,0x12,0x00,0x00,0x00,0x00,0x00,0x00,0x00,0x00,0x00,0x00,
    0x00,0x00,0x00,0x00,0x00,0x9d,0xff,0xff,0xff,0x83,0x1d,0xfe,0xff,0xff,0xa9,0x00,
    0x00,0x00,0x00,0x00,0x00,0x00,0x00,0x00,0x00,0x00,0x00,0x00,0x00,0x00,0x00,0x38,
    0xff,0xff,0xff,0xe1,0x79,0xff,0xff,0xff,0x47,0x00,0x00,0x00,0x00,0x00,0x00,0x00,
    0x00,0x00,0x00,0x00,0x00,0x00,0x00,0x00,0x00,0x00,0xd2,0xff,0xff,0xff,0xf2,0xff,
    0xff,0xe4,0x02,0x00,0x00,0x00,0x00,0x00,0x00,0x00,0x00,0x00,0x00,0x00,0x00,0x00,
    0x00,0x00,0x00,0x00,0x6d,0xff,0xff,0xff,0xff,0xff,0xff,0x85,0x00,0x00,0x00,0x00,
    0x00,0x00,0x00,0x00,0x00,0x00,0x00,0x00,0x00,0x00,0x00,0x00,0x00,0x00,0x10,0xf6,
    0xff,0xff,0xff,0xff,0xff,0x25,0x00,0x00,0x00,0x00,0x00,0x00,0x00,0x00,0x00,0x00,
    0x00,0x00,0x00,0x00,0x00,0x00,0x00,0x00,0x00,0xa2,0xff,0xff,0xff,0xff,0xc2,0x00,
    0x00,0x00,0x00,0x00,0x00,0x00,0x00,0x00,0x00,0x00,0x00,0x00,0x00,0x00,0x00,0x00,
    0x00,0x00,0x00,0x3c,0xff,0xff,0xff,0xff,0x61,0x00,0x00,0x00,0x00,0x00,0x00,0x00,
    0x00,0x00,0x00,0x00,0x00,0x00,0x00,0x00,0x00,0x00,0x00,0x00,0x00,0x00,0xd6,0xff,
    0xff,0xf4,0x0c,0x00,0x00,0x00,0x00,0x00,0x00,0x00,0x00,0x00,0x00,0x8c,0xff,0xff,
    0xff,0xbe,0x00,0x00,0x00,0x00,0x00,0x00,0x00,0x00,0x00,0x00,0x00,0x10,0xfc,0xff,
    0xff,0xa2,0x00,0x00,0x00,0x00,0x00,0x00,0x00,0x00,0x00,0x00,0x00,0x30,0xff,0xff,
    0xff,0xbc,0x3a,0xff,0xff,0xff,0xfb,0x10,0x00,0x00,0x00,0x00,0x00,0x00,0x00,0x00,
    0x00,0x00,0x55,0xff,0xff,0xff,0xed,0x03,0x00,0x00,0x00,0x00,0x00,0x00,0x00,0x00,
    0x00,0x00,0x78,0xff,0xff,0xff,0x6f,0x01,0xe5,0xff,0xff,0xff,0x5a,0x00,0x00,0x00,
    0x00,0x00,0x00,0x00,0x00,0x00,0x00,0x9e,0xff,0xff,0xff,0xff,0x3f,0x00,0x00,0x00,
    0x00,0x00,0x00,0x00,0x00,0x00,0x00,0xc0,0xff,0xff,0xff,0x21,0x00,0x96,0xff,0xff,
    0xff,0xa8,0x00,0x00,0x00,0x00,0x00,0x00,0x00,0x00,0x00,0x00,0xe6,0xff,0xff,0xff,
    0xff,0x8e,0x00,0x00,0x00,0x00,0x00,0x00,0x00,0x00,0x00,0x0d,0xfa,0xff,0xff,0xd3,
    0x00,0x00,0x44,0xff,0xff,0xff,0xf0,0x05,0x00,0x00,0x00,0x00,0x00,0x00,0x00,0x00,
    0x2f,0xff,0xff,0xff,0xff,0xff,0xdc,0x00,0x00,0x00,0x00,0x00,0x00,0x00,0x00,0x00,
    0x50,0xff,0xff,0xff,0x86,0x00,0x00,0x04,0xed,0xff,0xff,0xff,0x44,0x00,0x00,0x00,
    0x00,0x00,0x00,0x00,0x00,0x78,0xff,0xff,0xff,0xff,0xff,0xff,0x2a,0x00,0x00,0x00,
    0x00,0x00,0x00,0x00,0x00,0x98,0xff,0xff,0xff,0x38,0x00,0x00,0x00,0xa0,0xff,0xff,
    0xff,0x92,0x00,0x00,0x00,0x00,0x00,0x00,0x00,0x00,0xc1,0xff,0xff,0xff,0xff,0xff,
    0xff,0x79,0x00,0x00,0x00,0x00,0x00,0x00,0x00,0x00,0xdf,0xff,0xff,0xe8,0x01,0x00,
    0x00,0x00,0x4e,0xff,0xff,0xff,0xdf,0x00,0x00,0x00,0x00,0x00,0x00,0x00,0x0e,0xfa,
    0xff,0xff,0xe5,0xff,0xff,0xff,0xc7,0x00,0x00,0x00,0x00,0x00,0x00,0x00,0x28,0xff,
    0xff,0xff,0x9c,0x00,0x00,0x00,0x00,0x08,0xf3,0xff,0xff,0xff,0x2e,0x00,0x00,0x00,
    0x00,0x00,0x00,0x52,0xff,0xff,0xff,0x64,0xef,0xff,0xff,0xfe,0x17,0x00,0x00,0x00,
    0x00,0x00,0x00,0x70,0xff,0xff,0xff,0x4f,0x00,0x00,0x00,0x00,0x00,0xaa,0xff,0xff,
    0xff,0x7c,0x00,0x00,0x00,0x00,0x00,0x00,0x9b,0xff,0xff,0xfc,0x14,0xa5,0xff,0xff,
    0xff,0x64,0x00,0x00,0x00,0x00,0x00,0x00,0xb8,0xff,0xff,0xf6,0x0a,0x00,0x00,0x00,
    0x00,0x00,0x58,0xff,0xff,0xff,0xca,0x00,0x00,0x00,0x00,0x00,0x00,0xe3,0xff,0xff,
    0xc3,0x00,0x54,0xff,0xff,0xff,0xb2,0x00,0x00,0x00,0x00,0x00,0x08,0xf6,0xff,0xff,
    0xb3,0x00,0x00,0x00,0x00,0x00,0x00,0x0d,0xf8,0xff,0xff,0xfe,0x19,0x00,0x00,0x00,
    0x00,0x2c,0xff,0xff,0xff,0x75,0x00,0x0b,0xf7,0xff,0xff,0xf6,0x0a,0x00,0x00,0x00,
    0x00,0x48,0xff,0xff,0xff,0x66,0x00,0x00,0x00,0x00,0x00,0x00,0x00,0xb4,0xff,0xff,
    0xff,0x66,0x00,0x00,0x00,0x00,0x75,0xff,0xff,0xff,0x27,0x00,0x00,0xb3,0xff,0xff,
    0xff,0x4f,0x00,0x00,0x00,0x00,0x90,0xff,0xff,0xfe,0x19,0x00,0x00,0x00,0x00,0x00,
    0x00,0x00,0x62,0xff,0xff,0xff,0xb4,0x00,0x00,0x00,0x00,0xbe,0xff,0xff,0xd8,0x00,
    0x00,0x00,0x62,0xff,0xff,0xff,0x9d,0x00,0x00,0x00,0x00,0xd8,0xff,0xff,0xca,0x00,
    0x00,0x00,0x00,0x00,0x00,0x00,0x00,0x13,0xfc,0xff,0xff,0xf7,0x0a,0x00,0x00,0x0c,
    0xf9,0xff,0xff,0x8a,0x00,0x00,0x00,0x14,0xfc,0xff,0xff,0xe9,0x02,0x00,0x00,0x1f,
    0xff,0xff,0xff,0x7c,0x00,0x00,0x00,0x00,0x00,0x00,0x00,0x00,0x00,0xbe,0xff,0xff,
    0xff,0x50,0x00,0x00,0x4f,0xff,0xff,0xff,0x3c,0x00,0x00,0x00,0x00,0xc1,0xff,0xff,
    0xff,0x3a,0x00,0x00,0x68,0xff,0xff,0xff,0x2f,0x00,0x00,0x00,0x00,0x00,0x00,0x00,
    0x00,0x00,0x6c,0xff,0xff,0xff,0x9e,0x00,0x00,0x98,0xff,0xff,0xeb,0x02,0x00,0x00,
    0x00,0x00,0x70,0xff,0xff,0xff,0x88,0x00,0x00,0xb0,0xff,0xff,0xe0,0x00,0x00,0x00,
    0x00,0x00,0x00,0x00,0x00,0x00,0x00,0x1b,0xfe,0xff,0xff,0xe9,0x02,0x00,0xe0,0xff,
    0xff,0xa0,0x00,0x00,0x00,0x00,0x00,0x1f,0xff,0xff,0xff,0xd7,0x00,0x05,0xf2,0xff,
    0xff,0x93,0x00,0x00,0x00,0x00,0x00,0x00,0x00,0x00,0x00,0x00,0x00,0xc8,0xff,0xff,
    0xff,0x3a,0x29,0xff,0xff,0xff,0x52,0x00,0x00,0x00,0x00,0x00,0x00,0xcf,0xff,0xff,
    0xff,0x25,0x40,0xff,0xff,0xff,0x46,0x00,0x00,0x00,0x00,0x00,0x00,0x00,0x00,0x00,
    0x00,0x00,0x76,0xff,0xff,0xff,0x88,0x72,0xff,0xff,0xf8,0x0b,0x00,0x00,0x00,0x00,
    0x00,0x00,0x7e,0xff,0xff,0xff,0x73,0x88,0xff,0xff,0xf2,0x06,0x00,0x00,0x00,0x00,
    0x00,0x00,0x00,0x00,0x00,0x00,0x00,0x23,0xff,0xff,0xff,0xd6,0xbb,0xff,0xff,0xb5,
    0x00,0x00,0x00,0x00,0x00,0x00,0x00,0x2d,0xff,0xff,0xff,0xc2,0xd0,0xff,0xff,0xaa,
    0x00,0x00,0x00,0x00,0x00,0x00,0x00,0x00,0x00,0x00,0x00,0x00,0x00,0xd2,0xff,0xff,
    0xff,0xfb,0xff,0xff,0x67,0x00,0x00,0x00,0x00,0x00,0x00,0x00,0x00,0xdc,0xff,0xff,
    0xfc,0xfe,0xff,0xff,0x5c,0x00,0x00,0x00,0x00,0x00,0x00,0x00,0x00,0x00,0x00,0x00,
    0x00,0x00,0x80,0xff,0xff,0xff,0xff,0xff,0xfe,0x1a,0x00,0x00,0x00,0x00,0x00,0x00,
    0x00,0x00,0x8c,0xff,0xff,0xff,0xff,0xff,0xfc,0x12,0x00,0x00,0x00,0x00,0x00,0x00,
    0x00,0x00,0x00,0x00,0x00,0x00,0x00,0x2e,0xff,0xff,0xff,0xff,0xff,0xcb,0x00,0x00,
    0x00,0x00,0x00,0x00,0x00,0x00,0x00,0x3b,0xff,0xff,0xff,0xff,0xff,0xc1,0x00,0x00,
    0x00,0x00,0x00,0x00,0x00,0x00,0x00,0x00,0x00,0x00,0x00,0x00,0x00,0xdb,0xff,0xff,
    0xff,0xff,0x7d,0x00,0x00,0x00,0x00,0x00,0x00,0x00,0x00,0x00,0x02,0xe8,0xff,0xff,
    0xff,0xff,0x73,0x00,0x00,0x00,0x00,0x00,0x00,0x00,0x00,0x00,0x00,0x00,0x00,0x00,
    0x00,0x00,0x8a,0xff,0xff,0xff,0xff,0x2f,0x00,0x00,0x00,0x00,0x00,0x00,0x00,0x00,
    0x00,0x00,0x9a,0xff,0xff,0xff,0xff,0x26,0x00,0x00,0x00,0x00,0x00,0x00,0x00,0x00,
    0x00,0x00,0x00,0x00,0x00,0x00,0x00,0x38,0xff,0xff,0xff,0xe0,0x00,0x00,0x00,0x00,
    0x00,0x00,0x00,0x00,0x00,0x00,0x00,0x49,0xff,0xff,0xff,0xd8,0x00,0x00,0x00,0x00,
    0x00,0x00,0x00,0x00,0x00,0x00,0x00,0x00,0x00,0x00,0x00,0x00,0x01,0xe3,0xff,0xff,
    0x93,0x00,0x00,0x00,0x00,0x00,0x00,0x00,0x00,0x00,0x00,0x00,0x06,0xf1,0xff,0xff,
    0x8a,0x00,0x00,0x00,0x00,0x00,0x00,0x00,0x00,0x11,0xe3,0xff,0xff,0xff,0xef,0x1c,
    0x00,0x00,0x00,0x00,0x00,0x00,0x00,0x00,0x00,0x00,0x00,0x00,0x1d,0xef,0xff,0xff,
    0xff,0xa4,0x00,0x00,0x41,0xfd,0xff,0xff,0xff,0xbc,0x01,0x00,0x00,0x00,0x00,0x00,
    0x00,0x00,0x00,0x00,0x00,0x01,0xbc,0xff,0xff,0xff,0xdf,0x0e,0x00,0x00,0x00,0x8a,
    0xff,0xff,0xff,0xff,0x6f,0x00,0x00,0x00,0x00,0x00,0x00,0x00,0x00,0x00,0x00,0x70,
    0xff,0xff,0xff,0xfc,0x3b,0x00,0x00,0x00,0x00,0x06,0xce,0xff,0xff,0xff,0xf7,0x29,
    0x00,0x00,0x00,0x00,0x00,0x00,0x00,0x00,0x2a,0xf7,0xff,0xff,0xff,0x82,0x00,0x00,
    0x00,0x00,0x00,0x00,0x28,0xf6,0xff,0xff,0xff,0xcd,0x05,0x00,0x00,0x00,0x00,0x00,
    0x00,0x05,0xcd,0xff,0xff,0xff,0xc8,0x04,0x00,0x00,0x00,0x00,0x00,0x00,0x00,0x6a,
    0xff,0xff,0xff,0xff,0x84,0x00,0x00,0x00,0x00,0x00,0x00,0x85,0xff,0xff,0xff,0xf2,
    0x23,0x00,0x00,0x00,0x00,0x00,0x00,0x00,0x00,0x00,0xb3,0xff,0xff,0xff,0xfc,0x39,
    0x00,0x00,0x00,0x00,0x39,0xfc,0xff,0xff,0xff,0x5f,0x00,0x00,0x00,0x00,0x00,0x00,
    0x00,0x00,0x00,0x00,0x15,0xe8,0xff,0xff,0xff,0xdc,0x0b,0x00,0x00,0x0b,0xdc,0xff,
    0xff,0xff,0xa9,0x00,0x00,0x00,0x00,0x00,0x00,0x00,0x00,0x00,0x00,0x00,0x00,0x49,
    0xff,0xff,0xff,0xff,0x99,0x00,0x00,0x9a,0xff,0xff,0xff,0xe2,0x10,0x00,0x00,0x00,
    0x00,0x00,0x00,0x00,0x00,0x00,0x00,0x00,0x00,0x00,0x93,0xff,0xff,0xff,0xff,0x4b,
    0x4c,0xff,0xff,0xff,0xfd,0x3f,0x00,0x00,0x00,0x00,0x00,0x00,0x00,0x00,0x00,0x00,
    0x00,0x00,0x00,0x00,0x08,0xd5,0xff,0xff,0xff,0xe8,0xe8,0xff,0xff,0xff,0x86,0x00,
    0x00,0x00,0x00,0x00,0x00,0x00,0x00,0x00,0x00,0x00,0x00,0x00,0x00,0x00,0x00,0x2f,
    0xf9,0xff,0xff,0xff,0xff,0xff,0xff,0xcb,0x05,0x00,0x00,0x00,0x00,0x00,0x00,0x00,
    0x00,0x00,0x00,0x00,0x00,0x00,0x00,0x00,0x00,0x00,0x73,0xff,0xff,0xff,0xff,0xff,
    0xf4,0x25,0x00,0x00,0x00,0x00,0x00,0x00,0x00,0x00,0x00,0x00,0x00,0x00,0x00,0x00,
    0x00,0x00,0x00,0x00,0x01,0xc1,0xff,0xff,0xff,0xff,0x6e,0x00,0x00,0x00,0x00,0x00,
    0x00,0x00,0x00,0x00,0x00,0x00,0x00,0x00,0x00,0x00,0x00,0x00,0x00,0x00,0x17,0xe9,
    0xff,0xff,0xff,0xff,0xb8,0x01,0x00,0x00,0x00,0x00,0x00,0x00,0x00,0x00,0x00,0x00,
    0x00,0x00,0x00,0x00,0x00,0x00,0x00,0x01,0xb6,0xff,0xff,0xff,0xff,0xff,0xff,0x70,
    0x00,0x00,0x00,0x00,0x00,0x00,0x00,0x00,0x00,0x00,0x00,0x00,0x00,0x00,0x00,0x00,
    0x00,0x6f,0xff,0xff,0xff,0xff,0xff,0xff,0xff,0xf8,0x2d,0x00,0x00,0x00,0x00,0x00,
    0x00,0x00,0x00,0x00,0x00,0x00,0x00,0x00,0x00,0x00,0x2c,0xf7,0xff,0xff,0xff,0x80,
    0xed,0xff,0xff,0xff,0xd3,0x08,0x00,0x00,0x00,0x00,0x00,0x00,0x00,0x00,0x00,0x00,
    0x00,0x00,0x00,0x08,0xd3,0xff,0xff,0xff,0xb4,0x00,0x54,0xff,0xff,0xff,0xff,0x93,
    0x00,0x00,0x00,0x00,0x00,0x00,0x00,0x00,0x00,0x00,0x00,0x00,0x00,0x92,0xff,0xff,
    0xff,0xeb,0x17,0x00,0x00,0xa1,0xff,0xff,0xff,0xff,0x49,0x00,0x00,0x00,0x00,0x00,
    0x00,0x00,0x00,0x00,0x00,0x00,0x49,0xfe,0xff,0xff,0xff,0x50,0x00,0x00,0x00,0x0e,
    0xdf,0xff,0xff,0xff,0xe9,0x16,0x00,0x00,0x00,0x00,0x00,0x00,0x00,0x00,0x00,0x15,
    0xe8,0xff,0xff,0xff,0x9e,0x00,0x00,0x00,0x00,0x00,0x3c,0xfd,0xff,0xff,0xff,0xb5,
    0x00,0x00,0x00,0x00,0x00,0x00,0x00,0x00,0x00,0xb4,0xff,0xff,0xff,0xde,0x0d,0x00,
    0x00,0x00,0x00,0x00,0x00,0x87,0xff,0xff,0xff,0xff,0x6c,0x00,0x00,0x00,0x00,0x00,
    0x00,0x00,0x6b,0xff,0xff,0xff,0xfd,0x3c,0x00,0x00,0x00,0x00,0x00,0x00,0x00,0x05,
    0xcd,0xff,0xff,0xff,0xf7,0x2b,0x00,0x00,0x00,0x00,0x00,0x2a,0xf6,0xff,0xff,0xff,
    0x87,0x00,0x00,0x00,0x00,0x00,0x00,0x00,0x00,0x00,0x29,0xf6,0xff,0xff,0xff,0xd1,
    0x07,0x00,0x00,0x00,0x07,0xd0,0xff,0xff,0xff,0xcf,0x06,0x00,0x00,0x00,0x00,0x00,
    0x00,0x00,0x00,0x00,0x00,0x6d,0xff,0xff,0xff,0xff,0x8f,0x00,0x00,0x00,0x8f,0xff,
    0xff,0xff,0xf7,0x2b,0x00,0x00,0x00,0x00,0x00,0x00,0x00,0x00,0x00,0x00,0x00,0x01,
    0xb8,0xff,0xff,0xff,0xfe,0x47,0x00,0x46,0xfe,0xff,0xff,0xff,0x71,0x00,0x00,0x00,
    0x00,0x00,0x00,0x00,0x00,0x00,0x00,0x00,0x00,0x00,0x19,0xec,0xff,0xff,0xff,0xe7,
    0x15,0x6e,0xff,0xff,0xff,0xff,0x65,0x00,0x00,0x00,0x00,0x00,0x00,0x00,0x00,0x00,
    0x00,0x00,0x00,0x01,0xc8,0xff,0xff,0xff,0xa4,0x03,0xce,0xff,0xff,0xff,0xed,0x14,
    0x00,0x00,0x00,0x00,0x00,0x00,0x00,0x00,0x00,0x00,0x00,0x5d,0xff,0xff,0xff,0xf4,
    0x1b,0x00,0x36,0xfd,0xff,0xff,0xff,0x9d,0x00,0x00,0x00,0x00,0x00,0x00,0x00,0x00,
    0x00,0x00,0x0b,0xe5,0xff,0xff,0xff,0x79,0x00,0x00,0x00,0x98,0xff,0xff,0xff,0xfe,
    0x3a,0x00,0x00,0x00,0x00,0x00,0x00,0x00,0x00,0x00,0x84,0xff,0xff,0xff,0xdc,0x07,
    0x00,0x00,0x00,0x11,0xea,0xff,0xff,0xff,0xd1,0x03,0x00,0x00,0x00,0x00,0x00,0x00,
    0x00,0x20,0xf7,0xff,0xff,0xff,0x4d,0x00,0x00,0x00,0x00,0x00,0x5f,0xff,0xff,0xff,
    0xff,0x71,0x00,0x00,0x00,0x00,0x00,0x00,0x00,0xab,0xff,0xff,0xff,0xb8,0x00,0x00,
    0x00,0x00,0x00,0x00,0x00,0xc1,0xff,0xff,0xff,0xf2,0x1a,0x00,0x00,0x00,0x00,0x00,
    0x3e,0xff,0xff,0xff,0xfa,0x27,0x00,0x00,0x00,0x00,0x00,0x00,0x00,0x2a,0xfa,0xff,
    0xff,0xff,0xa9,0x00,0x00,0x00,0x00,0x02,0xcf,0xff,0xff,0xff,0x8c,0x00,0x00,0x00,
    0x00,0x00,0x00,0x00,0x00,0x00,0x89,0xff,0xff,0xff,0xff,0x45,0x00,0x00,0x00,0x65,
    0xff,0xff,0xff,0xe8,0x0e,0x00,0x00,0x00,0x00,0x00,0x00,0x00,0x00,0x00,0x0b,0xe1,
    0xff,0xff,0xff,0xda,0x07,0x00,0x0e,0xe9,0xff,0xff,0xff,0x60,0x00,0x00,0x00,0x00,
    0x00,0x00,0x00,0x00,0x00,0x00,0x00,0x50,0xff,0xff,0xff,0xff,0x7d,0x00,0x8c,0xff,
    0xff,0xff,0xc9,0x01,0x00,0x00,0x00,0x00,0x00,0x00,0x00,0x00,0x00,0x00,0x00,0x00,
    0xb3,0xff,0xff,0xff,0xf7,0x47,0xf9,0xff,0xff,0xfe,0x37,0x00,0x00,0x00,0x00,0x00,
    0x00,0x00,0x00,0x00,0x00,0x00,0x00,0x00,0x20,0xf6,0xff,0xff,0xff,0xfc,0xff,0xff,
    0xff,0x9f,0x00,0x00,0x00,0x00,0x00,0x00,0x00,0x00,0x00,0x00,0x00,0x00,0x00,0x00,
    0x00,0x7a,0xff,0xff,0xff,0xff,0xff,0xff,0xf1,0x17,0x00,0x00,0x00,0x00,0x00,0x00,
    0x00,0x00,0x00,0x00,0x00,0x00,0x00,0x00,0x00,0x06,0xd7,0xff,0xff,0xff,0xff,0xff,
    0x73,0x00,0x00,0x00,0x00,0x00,0x00,0x00,0x00,0x00,0x00,0x00,0x00,0x00,0x00,0x00,
    0x00,0x00,0x41,0xff,0xff,0xff,0xff,0xd8,0x05,0x00,0x00,0x00,0x00,0x00,0x00,0x00,
    0x00,0x00,0x00,0x00,0x00,0x00,0x00,0x00,0x00,0x00,0x00,0xc5,0xff,0xff,0xff,0x61,
    0x00,0x00,0x00,0x00,0x00,0x00,0x00,0x00,0x00,0x00,0x00,0x00,0x00,0x00,0x00,0x00,
    0x00,0x00,0x00,0xbc,0xff,0xff,0xff,0x54,0x00,0x00,0x00,0x00,0x00,0x00,0x00,0x00,
    0x00,0x00,0x00,0x00,0x00,0x00,0x00,0x00,0x00,0x00,0x00,0xbc,0xff,0xff,0xff,0x54,
    0x00,0x00,0x00,0x00,0x00,0x00,0x00,0x00,0x00,0x00,0x00,0x00,0x00,0x00,0x00,0x00,
    0x00,0x00,0x00,0xbc,0xff,0xff,0xff,0x54,0x00,0x00,0x00,0x00,0x00,0x00,0x00,0x00,
    0x00,0x00,0x00,0x00,0x00,0x00,0x00,0x00,0x00,0x00,0x00,0xbc,0xff,0xff,0xff,0x54,
    0x00,0x00,0x00,0x00,0x00,0x00,0x00,0x00,0x00,0x00,0x00,0x00,0x00,0x00,0x00,0x00,
    0x00,0x00,0x00,0xbc,0xff,0xff,0xff,0x54,0x00,0x00,0x00,0x00,0x00,0x00,0x00,0x00,
    0x00,0x00,0x00,0x00,0x00,0x00,0x00,0x00,0x00,0x00,0x00,0xbc,0xff,0xff,0xff,0x54,
    0x00,0x00,0x00,0x00,0x00,0x00,0x00,0x00,0x00,0x00,0x00,0x00,0x00,0x00,0x00,0x00,
    0x00,0x00,0x00,0xbc,0xff,0xff,0xff,0x54,0x00,0x00,0x00,0x00,0x00,0x00,0x00,0x00,
    0x00,0x00,0x00,0x00,0x00,0x00,0x00,0x00,0x00,0x00,0x00,0xbc,0xff,0xff,0xff,0x54,
    0x00,0x00,0x00,0x00,0x00,0x00,0x00,0x00,0x00,0x00,0x00,0x00,0x00,0x00,0x00,0x00,
    0x00,0x00,0x00,0xbc,0xff,0xff,0xff,0x54,0x00,0x00,0x00,0x00,0x00,0x00,0x00,0x00,
    0x00,0x00,0x00,0x00,0x00,0x00,0x00,0x00,0x00,0x00,0x00,0xbc,0xff,0xff,0xff,0x54,
    0x00,0x00,0x00,0x00,0x00,0x00,0x00,0x00,0x00,0x00,0x00,0x00,0x00,0x00,0x00,0x00,
    0x00,0x00,0x00,0xbc,0xff,0xff,0xff,0x54,0x00,0x00,0x00,0x00,0x00,0x00,0x00,0x00,
    0x00,0x00,0x00,0xfc,0xff,0xff,0xff,0xff,0xff,0xff,0xff,0xff,0xff,0xff,0xff,0xff,
    0xff,0xff,0xff,0xff,0xff,0xc0,0x00,0x00,0x00,0xfc,0xff,0xff,0xff,0xff,0xff,0xff,
    0xff,0xff,0xff,0xff,0xff,0xff,0xff,0xff,0xff,0xff,0xff,0xc0,0x00,0x00,0x00,0xfc,
    0xff,0xff,0xff,0xff,0xff,0xff,0xff,0xff,0xff,0xff,0xff,0xff,0xff,0xff,0xff,0xff,
    0xff,0x7a,0x00,0x00,0x00,0x91,0x94,0x94,0x94,0x94,0x94,0x94,0x94,0x94,0x94,0x94,
    0x94,0x98,0xfc,0xff,0xff,0xff,0xd2,0x05,0x00,0x00,0x00,0x00,0x00,0x00,0x00,0x00,
    0x00,0x00,0x00,0x00,0x00,0x00,0x00,0x77,0xff,0xff,0xff,0xfd,0x36,0x00,0x00,0x00,
    0x00,0x00,0x00,0x00,0x00,0x00,0x00,0x00,0x00,0x00,0x00,0x00,0x24,0xf6,0xff,0xff,
    0xff,0x90,0x00,0x00,0x00,0x00,0x00,0x00,0x00,0x00,0x00,0x00,0x00,0x00,0x00,0x00,
    0x00,0x00,0xbd,0xff,0xff,0xff,0xe1,0x0b,0x00,0x00,0x00,0x00,0x00,0x00,0x00,0x00,
    0x00,0x00,0x00,0x00,0x00,0x00,0x00,0x63,0xff,0xff,0xff,0xff,0x49,0x00,0x00,0x00,
    0x00,0x00,0x00,0x00,0x00,0x00,0x00,0x00,0x00,0x00,0x00,0x00,0x17,0xee,0xff,0xff,
    0xff,0xa5,0x00,0x00,0x00,0x00,0x00,0x00,0x00,0x00,0x00,0x00,0x00,0x00,0x00,0x00,
    0x00,0x00,0xab,0xff,0xff,0xff,0xec,0x15,0x00,0x00,0x00,0x00,0x00,0x00,0x00,0x00,
    0x00,0x00,0x00,0x00,0x00,0x00,0x00,0x4e,0xff,0xff,0xff,0xff,0x5e,0x00,0x00,0x00,
    0x00,0x00,0x00,0x00,0x00,0x00,0x00,0x00,0x00,0x00,0x00,0x00,0x0e,0xe4,0xff,0xff,
    0xff,0xba,0x00,0x00,0x00,0x00,0x00,0x00,0x00,0x00,0x00,0x00,0x00,0x00,0x00,0x00,
    0x00,0x00,0x96,0xff,0xff,0xff,0xf5,0x22,0x00,0x00,0x00,0x00,0x00,0x00,0x00,0x00,
    0x00,0x00,0x00,0x00,0x00,0x00,0x00,0x3b,0xfe,0xff,0xff,0xff,0x74,0x00,0x00,0x00,
    0x00,0x00,0x00,0x00,0x00,0x00,0x00,0x00,0x00,0x00,0x00,0x00,0x06,0xd6,0xff,0xff,
    0xff,0xcd,0x03,0x00,0x00,0x00,0x00,0x00,0x00,0x00,0x00,0x00,0x00,0x00,0x00,0x00,
    0x00,0x00,0x82,0xff,0xff,0xff,0xfb,0x31,0x00,0x00,0x00,0x00,0x00,0x00,0x00,0x00,
    0x00,0x00,0x00,0x00,0x00,0x00,0x00,0x2b,0xf9,0xff,0xff,0xff,0x89,0x00,0x00,0x00,
    0x00,0x00,0x00,0x00,0x00,0x00,0x00,0x00,0x00,0x00,0x00,0x00,0x02,0xc7,0xff,0xff,
    0xff,0xdc,0x09,0x00,0x00,0x00,0x00,0x00,0x00,0x00,0x00,0x00,0x00,0x00,0x00,0x00,
    0x00,0x00,0x6d,0xff,0xff,0xff,0xff,0x43,0x00,0x00,0x00,0x00,0x00,0x00,0x00,0x00,
    0x00,0x00,0x00,0x00,0x00,0x00,0x00,0x1d,0xf3,0xff,0xff,0xff,0x9f,0x00,0x00,0x00,
    0x00,0x00,0x00,0x00,0x00,0x00,0x00,0x00,0x00,0x00,0x00,0x00,0x00,0xb4,0xff,0xff,
    0xff,0xe9,0x12,0x00,0x00,0x00,0x00,0x00,0x00,0x00,0x00,0x00,0x00,0x00,0x00,0x00,
    0x00,0x00,0x59,0xff,0xff,0xff,0xff,0x58,0x00,0x00,0x00,0x00,0x00,0x00,0x00,0x00,
    0x00,0x00,0x00,0x00,0x00,0x00,0x00,0x12,0xe9,0xff,0xff,0xff,0xb4,0x00,0x00,0x00,
    0x00,0x00,0x00,0x00,0x00,0x00,0x00,0x00,0x00,0x00,0x00,0x00,0x00,0xa1,0xff,0xff,
    0xff,0xf3,0x1e,0x00,0x00,0x00,0x00,0x00,0x00,0x00,0x00,0x00,0x00,0x00,0x00,0x00,
    0x00,0x00,0x45,0xff,0xff,0xff,0xff,0xda,0x9c,0x9c,0x9c,0x9c,0x9c,0x9c,0x9c,0x9c,
    0x9c,0x9c,0x9c,0x9c,0x9c,0x9c,0x2b,0x09,0xdd,0xff,0xff,0xff,0xff,0xff,0xff,0xff,
    0xff,0xff,0xff,0xff,0xff,0xff,0xff,0xff,0xff,0xff,0xff,0xff,0x48,0x28,0xff,0xff,
    0xff,0xff,0xff,0xff,0xff,0xff,0xff,0xff,0xff,0xff,0xff,0xff,0xff,0xff,0xff,0xff,
    0xff,0xff,0x48,0x28,0xff,0xff,0xff,0xff,0xff,0xff,0xff,0xff,0xff,0xff,0xff,0xff,
    0xff,0xff,0xff,0xff,0xff,0xff,0xff,0xff,0x48,0xd0,0xff,0xff,0xff,0xff,0xff,0xff,
    0xff,0xff,0xc4,0xd0,0xff,0xff,0xff,0xff,0xff,0xff,0xff,0xff,0xc4,0xd0,0xff,0xff,
    0xff,0xff,0xff,0xff,0xff,0xff,0xc4,0xd0,0xff,0xff,0xff,0x8f,0x88,0x88,0x88,0x88,
    0x68,0xd0,0xff,0xff,0xff,0x10,0x00,0x00,0x00,0x00,0x00,0xd0,0xff,0xff,0xff,0x10,
    0x00,0x00,0x00,0x00,0x00,0xd0,0xff,0xff,0xff,0x10,0x00,0x00,0x00,0x00,0x00,0xd0,
    0xff,0xff,0xff,0x10,0x00,0x00,0x00,0x00,0x00,0xd0,0xff,0xff,0xff,0x10,0x00,0x00,
    0x00,0x00,0x00,0xd0,0xff,0xff,0xff,0x10,0x00,0x00,0x00,0x00,0x00,0xd0,0xff,0xff,
    0xff,0x10,0x00,0x00,0x00,0x00,0x00,0xd0,0xff,0xff,0xff,0x10,0x00,0x00,0x00,0x00,
    0x00,0xd0,0xff,0xff,0xff,0x10,0x00,0x00,0x00,0x00,0x00,0xd0,0xff,0xff,0xff,0x10,
    0x00,0x00,0x00,0x00,0x00,0xd0,0xff,0xff,0xff,0x10,0x00,0x00,0x00,0x00,0x00,0xd0,
    0xff,0xff,0xff,0x10,0x00,0x00,0x00,0x00,0x00,0xd0,0xff,0xff,0xff,0x10,0x00,0x00,
    0x00,0x00,0x00,0xd0,0xff,0xff,0xff,0x10,0x00,0x00,0x00,0x00,0x00,0xd0,0xff,0xff,
    0xff,0x10,0x00,0x00,0x00,0x00,0x00,0xd0,0xff,0xff,0xff,0x10,0x00,0x00,0x00,0x00,
    0x00,0xd0,0xff,0xff,0xff,0x10,0x00,0x00,0x00,0x00,0x00,0xd0,0xff,0xff,0xff,0x10,
    0x00,0x00,0x00,0x00,0x00,0xd0,0xff,0xff,0xff,0x10,0x00,0x00,0x00,0x00,0x00,0xd0,
    0xff,0xff,0xff,0x10,0x00,0x00,0x00,0x00,0x00,0xd0,0xff,0xff,0xff,0x10,0x00,0x00,
    0x00,0x00,0x00,0xd0,0xff,0xff,0xff,0x10,0x00,0x00,0x00,0x00,0x00,0xd0,0xff,0xff,
    0xff,0x10,0x00,0x00,0x00,0x00,0x00,0xd0,0xff,0xff,0xff,0x10,0x00,0x00,0x00,0x00,
    0x00,0xd0,0xff,0xff,0xff,0x10,0x00,0x00,0x00,0x00,0x00,0xd0,0xff,0xff,0xff,0x10,
    0x00,0x00,0x00,0x00,0x00,0xd0,0xff,0xff,0xff,0x10,0x00,0x00,0x00,0x00,0x00,0xd0,
    0xff,0xff,0xff,0x93,0x8c,0x8c,0x8c,0x8c,0x6b,0xd0,0xff,0xff,0xff,0xff,0xff,0xff,
    0xff,0xff,0xc4,0xd0,0xff,0xff,0xff,0xff,0xff,0xff,0xff,0xff,0xc4,0xd0,0xff,0xff,
    0xff,0xff,0xff,0xff,0xff,0xff,0xc4,0x49,0xff,0xff,0xff,0x8f,0x00,0x00,0x00,0x00,
    0x00,0x00,0x00,0x00,0x00,0x00,0x03,0xe6,0xff,0xff,0xe9,0x04,0x00,0x00,0x00,0x00,
    0x00,0x00,0x00,0x00,0x00,0x00,0x8a,0xff,0xff,0xff,0x4d,0x00,0x00,0x00,0x00,0x00,
    0x00,0x00,0x00,0x00,0x00,0x2b,0xff,0xff,0xff,0xac,0x00,0x00,0x00,0x00,0x00,0x00,
    0x00,0x00,0x00,0x00,0x00,0xcc,0xff,0xff,0xf9,0x12,0x00,0x00,0x00,0x00,0x00,0x00,
    0x00,0x00,0x00,0x00,0x6d,0xff,0xff,0xff,0x6a,0x00,0x00,0x00,0x00,0x00,0x00,0x00,
    0x00,0x00,0x00,0x13,0xfa,0xff,0xff,0xc9,0x00,0x00,0x00,0x00,0x00,0x00,0x00,0x00,
    0x00,0x00,0x00,0xaf,0xff,0xff,0xff,0x29,0x00,0x00,0x00,0x00,0x00,0x00,0x00,0x00,
    0x00,0x00,0x4f,0xff,0xff,0xff,0x88,0x00,0x00,0x00,0x00,0x00,0x00,0x00,0x00,0x00,
    0x00,0x05,0xeb,0xff,0xff,0xe4,0x02,0x00,0x00,0x00,0x00,0x00,0x00,0x00,0x00,0x00,
    0x00,0x91,0xff,0xff,0xff,0x46,0x00,0x00,0x00,0x00,0x00,0x00,0x00,0x00,0x00,0x00,
    0x32,0xff,0xff,0xff,0xa5,0x00,0x00,0x00,0x00,0x00,0x00,0x00,0x00,0x00,0x00,0x00,
    0xd3,0xff,0xff,0xf6,0x0e,0x00,0x00,0x00,0x00,0x00,0x00,0x00,0x00,0x00,0x00,0x74,
    0xff,0xff,0xff,0x63,0x00,0x00,0x00,0x00,0x00,0x00,0x00,0x00,0x00,0x00,0x18,0xfc,
    0xff,0xff,0xc3,0x00,0x00,0x00,0x00,0x00,0x00,0x00,0x00,0x00,0x00,0x00,0xb5,0xff,
    0xff,0xff,0x23,0x00,0x00,0x00,0x00,0x00,0x00,0x00,0x00,0x00,0x00,0x56,0xff,0xff,
    0xff,0x81,0x00,0x00,0x00,0x00,0x00,0x00,0x00,0x00,0x00,0x00,0x07,0xef,0xff,0xff,
    0xdf,0x01,0x00,0x00,0x00,0x00,0x00,0x00,0x00,0x00,0x00,0x00,0x98,0xff,0xff,0xff,
    0x3f,0x00,0x00,0x00,0x00,0x00,0x00,0x00,0x00,0x00,0x00,0x39,0xff,0xff,0xff,0x9e,
    0x00,0x00,0x00,0x00,0x00,0x00,0x00,0x00,0x00,0x00,0x00,0xd9,0xff,0xff,0xf3,0x0a,
    0x00,0x00,0x00,0x00,0x00,0x00,0x00,0x00,0x00,0x00,0x7b,0xff,0xff,0xff,0x5d,0x00,
    0x00,0x00,0x00,0x00,0x00,0x00,0x00,0x00,0x00,0x1d,0xfd,0xff,0xff,0xbc,0x00,0x00,
    0x00,0x00,0x00,0x00,0x00,0x00,0x00,0x00,0x00,0xbc,0xff,0xff,0xfd,0x1d,0x00,0x00,
    0x00,0x00,0x00,0x00,0x00,0x00,0x00,0x00,0x5d,0xff,0xff,0xff,0x7a,0x00,0x00,0x00,
    0x00,0x00,0x00,0x00,0x00,0x00,0x00,0x0b,0xf3,0xff,0xff,0xd9,0x00,0x00,0x00,0x00,
    0x00,0x00,0x00,0x00,0x00,0x00,0x00,0x9f,0xff,0xff,0xff,0x38,0x00,0x00,0x00,0x00,
    0x00,0x00,0x00,0x00,0x00,0x00,0x40,0xff,0xff,0xff,0x98,0x48,0xff,0xff,0xff,0xff,
    0xff,0xff,0xff,0xff,0xff,0x4c,0x48,0xff,0xff,0xff,0xff,0xff,0xff,0xff,0xff,0xff,
    0x4c,0x48,0xff,0xff,0xff,0xff,0xff,0xff,0xff,0xff,0xff,0x4c,0x26,0x88,0x88,0x88,
    0x88,0x88,0xcd,0xff,0xff,0xff,0x4c,0x00,0x00,0x00,0x00,0x00,0x00,0x94,0xff,0xff,
    0xff,0x4c,0x00,0x00,0x00,0x00,0x00,0x00,0x94,0xff,0xff,0xff,0x4c,0x00,0x00,0x00,
    0x00,0x00,0x00,0x94,0xff,0xff,0xff,0x4c,0x00,0x00,0x00,0x00,0x00,0x00,0x94,0xff,
    0xff,0xff,0x4c,0x00,0x00,0x00,0x00,0x00,0x00,0x94,0xff,0xff,0xff,0x4c,0x00,0x00,
    0x00,0x00,0x00,0x00,0x94,0xff,0xff,0xff,0x4c,0x00,0x00,0x00,0x00,0x00,0x00,0x94,
    0xff,0xff,0xff,0x4c,0x00,0x00,0x00,0x00,0x00,0x00,0x94,0xff,0xff,0xff,0x4c,0x00,
    0x00,0x00,0x00,0x00,0x00,0x94,0xff,0xff,0xff,0x4c,0x00,0x00,0x00,0x00,0x00,0x00,
    0x94,0xff,0xff,0xff,0x4c,0x00,0x00,0x00,0x00,0x00,0x00,0x94,0xff,0xff,0xff,0x4c,
    0x00,0x00,0x00,0x00,0x00,0x00,0x94,0xff,0xff,0xff,0x4c,0x00,0x00,0x00,0x00,0x00,
    0x00,0x94,0xff,0xff,0xff,0x4c,0x00,0x00,0x00,0x00,0x00,0x00,0x94,0xff,0xff,0xff,
    0x4c,0x00,0x00,0x00,0x00,0x00,0x00,0x94,0xff,0xff,0xff,0x4c,0x00,0x00,0x00,0x00,
    0x00,0x00,0x94,0xff,0xff,0xff,0x4c,0x00,0x00,0x00,0x00,0x00,0x00,0x94,0xff,0xff,
    0xff,0x4c,0x00,0x00,0x00,0x00,0x00,0x00,0x94,0xff,0xff,0xff,0x4c,0x00,0x00,0x00,
    0x00,0x00,0x00,0x94,0xff,0xff,0xff,0x4c,0x00,0x00,0x00,0x00,0x00,0x00,0x94,0xff,
    0xff,0xff,0x4c,0x00,0x00,0x00,0x00,0x00,0x00,0x94,0xff,0xff,0xff,0x4c,0x00,0x00,
    0x00,0x00,0x00,0x00,0x94,0xff,0xff,0xff,0x4c,0x00,0x00,0x00,0x00,0x00,0x00,0x94,
    0xff,0xff,0xff,0x4c,0x00,0x00,0x00,0x00,0x00,0x00,0x94,0xff,0xff,0xff,0x4c,0x00,
    0x00,0x00,0x00,0x00,0x00,0x94,0xff,0xff,0xff,0x4c,0x00,0x00,0x00,0x00,0x00,0x00,
    0x94,0xff,0xff,0xff,0x4c,0x00,0x00,0x00,0x00,0x00,0x00,0x94,0xff,0xff,0xff,0x4c,
    0x27,0x8c,0x8c,0x8c,0x8c,0x8c,0xcf,0xff,0xff,0xff,0x4c,0x48,0xff,0xff,0xff,0xff,
    0xff,0xff,0xff,0xff,0xff,0x4c,0x48,0xff,0xff,0xff,0xff,0xff,0xff,0xff,0xff,0xff,
    0x4c,0x48,0xff,0xff,0xff,0xff,0xff,0xff,0xff,0xff,0xff,0x4c,0x00,0x00,0x00,0x00,
    0x00,0x00,0x46,0x80,0x80,0x80,0x1a,0x00,0x00,0x00,0x00,0x00,0x00,0x00,0x00,0x00,
    0x00,0x00,0x03,0xde,0xff,0xff,0xff,0x8a,0x00,0x00,0x00,0x00,0x00,0x00,0x00,0x00,
    0x00,0x00,0x00,0x54,0xff,0xff,0xff,0xff,0xef,0x0c,0x00,0x00,0x00,0x00,0x00,0x00,
    0x00,0x00,0x00,0x00,0xc6,0xff,0xff,0xff,0xff,0xff,0x6e,0x00,0x00,0x00,0x00,0x00,
    0x00,0x00,0x00,0x00,0x37,0xff,0xff,0xff,0xff,0xff,0xff,0xdd,0x02,0x00,0x00,0x00,
    0x00,0x00,0x00,0x00,0x00,0xaa,0xff,0xff,0xfe,0xa1,0xff,0xff,0xff,0x52,0x00,0x00,
    0x00,0x00,0x00,0x00,0x00,0x1f,0xfc,0xff,0xff,0xb6,0x11,0xf4,0xff,0xff,0xc5,0x00,
    0x00,0x00,0x00,0x00,0x00,0x00,0x8e,0xff,0xff,0xff,0x44,0x00,0x95,0xff,0xff,0xff,
    0x37,0x00,0x00,0x00,0x00,0x00,0x0e,0xf1,0xff,0xff,0xd2,0x00,0x00,0x25,0xfd,0xff,
    0xff,0xa9,0x00,0x00,0x00,0x00,0x00,0x72,0xff,0xff,0xff,0x61,0x00,0x00,0x00,0xb2,
    0xff,0xff,0xfc,0x1f,0x00,0x00,0x00,0x03,0xdf,0xff,0xff,0xe8,0x07,0x00,0x00,0x00,
    0x40,0xff,0xff,0xff,0x8d,0x00,0x00,0x00,0x56,0xff,0xff,0xff,0x7d,0x00,0x00,0x00,
    0x00,0x00,0xce,0xff,0xff,0xf1,0x0e,0x00,0x00,0xc7,0xff,0xff,0xf7,0x15,0x00,0x00,
    0x00,0x00,0x00,0x5d,0xff,0xff,0xff,0x72,0x00,0x3a,0xff,0xff,0xff,0x9a,0x00,0x00,
    0x00,0x00,0x00,0x00,0x05,0xe5,0xff,0xff,0xe0,0x03,0xab,0xff,0xff,0xfe,0x29,0x00,
    0x00,0x00,0x00,0x00,0x00,0x00,0x79,0xff,0xff,0xff,0x56,0x3c,0x3c,0x3c,0x3c,0x3c,
    0x3c,0x3c,0x3c,0x3c,0x3c,0x3c,0x3c,0x3c,0x3c,0x3c,0x3c,0x21,0xff,0xff,0xff,0xff,
    0xff,0xff,0xff,0xff,0xff,0xff,0xff,0xff,0xff,0xff,0xff,0xff,0x90,0xff,0xff,0xff,
    0xff,0xff,0xff,0xff,0xff,0xff,0xff,0xff,0xff,0xff,0xff,0xff,0xff,0x90,0xff,0xff,
    0xff,0xff,0xff,0xff,0xff,0xff,0xff,0xff,0xff,0xff,0xff,0xff,0xff,0xff,0x90,0x4d,
    0xff,0xff,0xff,0xc4,0x00,0x00,0x00,0x00,0x9e,0xff,0xff,0xff,0x4e,0x00,0x00,0x00,
    0x0e,0xe1,0xff,0xff,0xd5,0x03,0x00,0x00,0x00,0x42,0xfe,0xff,0xff,0x62,0x00,0x00,
    0x00,0x00,0x92,0xff,0xff,0xe3,0x08,0x00,0x00,0x00,0x09,0xd9,0xff,0xff,0x76,0x00,
    0x00,0x00,0x00,0x00,0x26,0x85,0xc7,0xed,0xfb,0xed,0xce,0x8d,0x26,0x00,0x00,0x00,
    0x00,0x00,0x00,0x00,0x0d,0x99,0xfd,0xff,0xff,0xff,0xff,0xff,0xff,0xff,0xfd,0x8b,
    0x04,0x00,0x00,0x00,0x00,0x14,0xcf,0xff,0xff,0xff,0xff,0xff,0xff,0xff,0xff,0xff,
    0xff,0xff,0xa8,0x01,0x00,0x00,0x00,0xba,0xff,0xff,0xff,0xfa,0xa9,0x72,0x5e,0x78,
    0xcd,0xff,0xff,0xff,0xff,0x66,0x00,0x00,0x23,0xef,0xff,0xff,0xd8,0x26,0x00,0x00,
    0x00,0x00,0x01,0x93,0xff,0xff,0xff,0xe1,0x01,0x00,0x00,0x13,0x94,0xe9,0x1c,0x00,
    0x00,0x00,0x00,0x00,0x00,0x06,0xe4,0xff,0xff,0xff,0x2f,0x00,0x00,0x00,0x00,0x09,
    0x00,0x00,0x00,0x00,0x00,0x00,0x00,0x00,0x96,0xff,0xff,0xff,0x61,0x00,0x00,0x00,
    0x00,0x00,0x00,0x00,0x00,0x00,0x00,0x00,0x00,0x00,0x6e,0xff,0xff,0xff,0x75,0x00,
    0x00,0x00,0x00,0x15,0x6c,0xb0,0xde,0xf2,0xfb,0xeb,0xd5,0xa7,0xb1,0xff,0xff,0xff,
    0x7f,0x00,0x00,0x03,0x7e,0xf5,0xff,0xff,0xff,0xff,0xff,0xff,0xff,0xff,0xff,0xff,
    0xff,0xff,0x80,0x00,0x04,0xb4,0xff,0xff,0xff,0xff,0xff,0xfd,0xf4,0xfd,0xff,0xff,
    0xff,0xff,0xff,0xff,0x80,0x00,0x7b,0xff,0xff,0xff,0xfc,0x91,0x31,0x05,0x00,0x02,
    0x16,0x43,0xa1,0xff,0xff,0xff,0x80,0x02,0xe7,0xff,0xff,0xff,0x5e,0x00,0x00,0x00,
    0x00,0x00,0x00,0x00,0x61,0xff,0xff,0xff,0x80,0x1b,0xff,0xff,0xff,0xed,0x01,0x00,
    0x00,0x00,0x00,0x00,0x00,0x00,0x7b,0xff,0xff,0xff,0x80,0x1d,0xff,0xff,0xff,0xeb,
    0x00,0x00,0x00,0x00,0x00,0x00,0x00,0x03,0xd1,0xff,0xff,0xff,0x80,0x01,0xf6,0xff,
    0xff,0xff,0x54,0x00,0x00,0x00,0x00,0x00,0x05,0x98,0xff,0xff,0xff,0xff,0x80,0x00,
    0x97,0xff,0xff,0xff,0xf9,0x98,0x46,0x2a,0x37,0x6f,0xd7,0xff,0xff,0xff,0xff,0xff,
    0x80,0x00,0x18,0xde,0xff,0xff,0xff,0xff,0xff,0xff,0xff,0xff,0xff,0xff,0xb1,0xff,
    0xff,0xff,0x80,0x00,0x00,0x1e,0xc3,0xff,0xff,0xff,0xff,0xff,0xff,0xff,0xff,0xad,
    0x09,0xf3,0xff,0xff,0x80,0x00,0x00,0x00,0x00,0x4c,0xa0,0xda,0xf3,0xf6,0xde,0xa6,
    0x49,0x00,0x00,0xe6,0xff,0xff,0x80,0x38,0xff,0xff,0xff,0xb0,0x00,0x00,0x00,0x00,
    0x00,0x00,0x00,0x00,0x00,0x00,0x00,0x00,0x00,0x00,0x00,0x38,0xff,0xff,0xff,0xb0,
    0x00,0x00,0x00,0x00,0x00,0x00,0x00,0x00,0x00,0x00,0x00,0x00,0x00,0x00,0x00,0x38,
    0xff,0xff,0xff,0xb0,0x00,0x00,0x00,0x00,0x00,0x00,0x00,0x00,0x00,0x00,0x00,0x00,
    0x00,0x00,0x00,0x38,0xff,0xff,0xff,0xb0,0x00,0x00,0x00,0x00,0x00,0x00,0x00,0x00,
    0x00,0x00,0x00,0x00,0x00,0x00,0x00,0x38,0xff,0xff,0xff,0xb0,0x00,0x00,0x00,0x00,
    0x00,0x00,0x00,0x00,0x00,0x00,0x00,0x00,0x00,0x00,0x00,0x38,0xff,0xff,0xff,0xb0,
    0x00,0x00,0x00,0x00,0x00,0x00,0x00,0x00,0x00,0x00,0x00,0x00,0x00,0x00,0x00,0x38,
    0xff,0xff,0xff,0xb0,0x00,0x00,0x00,0x00,0x00,0x00,0x00,0x00,0x00,0x00,0x00,0x00,
    0x00,0x00,0x00,0x38,0xff,0xff,0xff,0xb0,0x00,0x00,0x00,0x00,0x00,0x00,0x00,0x00,
    0x00,0x00,0x00,0x00,0x00,0x00,0x00,0x38,0xff,0xff,0xff,0xb0,0x00,0x00,0x2f,0x90,
    0xd4,0xf1,0xf7,0xd7,0x96,0x31,0x00,0x00,0x00,0x00,0x00,0x38,0xff,0xff,0xff,0xb0,
    0x06,0x8c,0xfd,0xff,0xff,0xff,0xff,0xff,0xff,0xfe,0xa0,0x0d,0x00,0x00,0x00,0x38,
    0xff,0xff,0xff,0xb0,0xa1,0xff,0xff,0xff,0xff,0xff,0xff,0xff,0xff,0xff,0xff,0xce,
    0x12,0x00,0x00,0x38,0xff,0xff,0xff,0xf5,0xff,0xff,0xff,0xdf,0xa7,0x9a,0xb8,0xf6,
    0xff,0xff,0xff,0xff,0xb9,0x00,0x00,0x38,0xff,0xff,0xff,0xff,0xff,0xe8,0x50,0x00,
    0x00,0x00,0x00,0x13,0xa7,0xff,0xff,0xff,0xff,0x5e,0x00,0x38,0xff,0xff,0xff,0xff,
    0xeb,0x22,0x00,0x00,0x00,0x00,0x00,0x00,0x01,0xac,0xff,0xff,0xff,0xd8,0x01,0x38,
    0xff,0xff,0xff,0xff,0x65,0x00,0x00,0x00,0x00,0x00,0x00,0x00,0x00,0x18,0xfa,0xff,
    0xff,0xff,0x35,0x38,0xff,0xff,0xff,0xfa,0x0a,0x00,0x00,0x00,0x00,0x00,0x00,0x00,
    0x00,0x00,0xb4,0xff,0xff,0xff,0x74,0x38,0xff,0xff,0xff,0xcd,0x00,0x00,0x00,0x00,
    0x00,0x00,0x00,0x00,0x00,0x00,0x7e,0xff,0xff,0xff,0x9b,0x38,0xff,0xff,0xff,0xb8,
    0x00,0x00,0x00,0x00,0x00,0x00,0x00,0x00,0x00,0x00,0x68,0xff,0xff,0xff,0xad,0x38,
    0xff,0xff,0xff,0xb7,0x00,0x00,0x00,0x00,0x00,0x00,0x00,0x00,0x00,0x00,0x69,0xff,
    0xff,0xff,0xac,0x38,0xff,0xff,0xff,0xcd,0x00,0x00,0x00,0x00,0x00,0x00,0x00,0x00,
    0x00,0x00,0x7e,0xff,0xff,0xff,0x9b,0x38,0xff,0xff,0xff,0xf9,0x09,0x00,0x00,0x00,
    0x00,0x00,0x00,0x00,0x00,0x00,0xb3,0xff,0xff,0xff,0x75,0x38,0xff,0xff,0xff,0xff,
    0x61,0x00,0x00,0x00,0x00,0x00,0x00,0x00,0x00,0x16,0xf9,0xff,0xff,0xff,0x37,0x38,
    0xff,0xff,0xff,0xff,0xe7,0x1a,0x00,0x00,0x00,0x00,0x00,0x00,0x00,0xa6,0xff,0xff,
    0xff,0xdc,0x01,0x38,0xff,0xff,0xff,0xff,0xff,0xdf,0x3a,0x00,0x00,0x00,0x00,0x0a,
    0x97,0xff,0xff,0xff,0xff,0x62,0x00,0x38,0xff,0xff,0xff,0xd6,0xff,0xff,0xff,0xc6,
    0x8a,0x7e,0x9c,0xe9,0xff,0xff,0xff,0xff,0xbd,0x01,0x00,0x38,0xff,0xff,0xff,0x5f,
    0xab,0xff,0xff,0xff,0xff,0xff,0xff,0xff,0xff,0xff,0xff,0xd1,0x13,0x00,0x00,0x38,
    0xff,0xff,0xff,0x4e,0x06,0x8c,0xfe,0xff,0xff,0xff,0xff,0xff,0xff,0xff,0xa4,0x0f,
    0x00,0x00,0x00,0x38,0xff,0xff,0xff,0x42,0x00,0x00,0x2d,0x8f,0xd2,0xf1,0xf8,0xd8,
    0x98,0x34,0x00,0x00,0x00,0x00,0x00,0x00,0x00,0x00,0x00,0x00,0x00,0x45,0x9d,0xd5,
    0xf3,0xfb,0xe9,0xbd,0x6f,0x0e,0x00,0x00,0x00,0x00,0x00,0x00,0x00,0x32,0xcc,0xff,
    0xff,0xff,0xff,0xff,0xff,0xff,0xff,0xec,0x53,0x00,0x00,0x00,0x00,0x00,0x56,0xf8,
    0xff,0xff,0xff,0xff,0xff,0xff,0xff,0xff,0xff,0xff,0xfe,0x5d,0x00,0x00,0x00,0x42,
    0xfb,0xff,0xff,0xff,0xff,0xd1,0x9a,0x91,0xb6,0xfa,0xff,0xff,0xff,0xf7,0x22,0x00,
    0x0c,0xe3,0xff,0xff,0xff,0xe6,0x43,0x00,0x00,0x00,0x00,0x1a,0xbe,0xff,0xff,0xbe,
    0x27,0x00,0x75,0xff,0xff,0xff,0xf3,0x26,0x00,0x00,0x00,0x00,0x00,0x00,0x08,0xa4,
    0x4e,0x00,0x00,0x00,0xd6,0xff,0xff,0xff,0x77,0x00,0x00,0x00,0x00,0x00,0x00,0x00,
    0x00,0x00,0x00,0x00,0x00,0x18,0xff,0xff,0xff,0xff,0x15,0x00,0x00,0x00,0x00,0x00,
    0x00,0x00,0x00,0x00,0x00,0x00,0x00,0x43,0xff,0xff,0xff,0xdb,0x00,0x00,0x00,0x00,
    0x00,0x00,0x00,0x00,0x00,0x00,0x00,0x00,0x00,0x55,0xff,0xff,0xff,0xc4,0x00,0x00,
    0x00,0x00,0x00,0x00,0x00,0x00,0x00,0x00,0x00,0x00,0x00,0x56,0xff,0xff,0xff,0xc3,
    0x00,0x00,0x00,0x00,0x00,0x00,0x00,0x00,0x00,0x00,0x00,0x00,0x00,0x43,0xff,0xff,
    0xff,0xdb,0x00,0x00,0x00,0x00,0x00,0x00,0x00,0x00,0x00,0x00,0x00,0x00,0x00,0x18,
    0xff,0xff,0xff,0xfe,0x15,0x00,0x00,0x00,0x00,0x00,0x00,0x00,0x00,0x00,0x00,0x00,
    0x00,0x00,0xd5,0xff,0xff,0xff,0x76,0x00,0x00,0x00,0x00,0x00,0x00,0x00,0x00,0x00,
    0x00,0x00,0x00,0x00,0x73,0xff,0xff,0xff,0xf1,0x24,0x00,0x00,0x00,0x00,0x00,0x00,
    0x08,0xab,0x53,0x00,0x00,0x00,0x0b,0xe2,0xff,0xff,0xff,0xe4,0x3f,0x00,0x00,0x00,
    0x00,0x1a,0xbe,0xff,0xff,0xc2,0x28,0x00,0x00,0x40,0xfa,0xff,0xff,0xff,0xff,0xcc,
    0x95,0x8c,0xb1,0xf9,0xff,0xff,0xff,0xf6,0x21,0x00,0x00,0x00,0x55,0xf8,0xff,0xff,
    0xff,0xff,0xff,0xff,0xff,0xff,0xff,0xff,0xfe,0x5b,0x00,0x00,0x00,0x00,0x00,0x32,
    0xcc,0xff,0xff,0xff,0xff,0xff,0xff,0xff,0xff,0xec,0x52,0x00,0x00,0x00,0x00,0x00,
    0x00,0x00,0x00,0x47,0x9d,0xd6,0xf5,0xfc,0xeb,0xbd,0x71,0x0f,0x00,0x00,0x00,0x00,
    0x00,0x00,0x00,0x00,0x00,0x00,0x00,0x00,0x00,0x00,0x00,0x00,0x00,0x00,0x50,0xff,
    0xff,0xff,0x90,0x00,0x00,0x00,0x00,0x00,0x00,0x00,0x00,0x00,0x00,0x00,0x00,0x00,
    0x00,0x00,0x50,0xff,0xff,0xff,0x90,0x00,0x00,0x00,0x00,0x00,0x00,0x00,0x00,0x00,
    0x00,0x00,0x00,0x00,0x00,0x00,0x50,0xff,0xff,0xff,0x90,0x00,0x00,0x00,0x00,0x00,
    0x00,0x00,0x00,0x00,0x00,0x00,0x00,0x00,0x00,0x00,0x50,0xff,0xff,0xff,0x90,0x00,
    0x00,0x00,0x00,0x00,0x00,0x00,0x00,0x00,0x00,0x00,0x00,0x00,0x00,0x00,0x50,0xff,
    0xff,0xff,0x90,0x00,0x00,0x00,0x00,0x00,0x00,0x00,0x00,0x00,0x00,0x00,0x00,0x00,
    0x00,0x00,0x50,0xff,0xff,0xff,0x90,0x00,0x00,0x00,0x00,0x00,0x00,0x00,0x00,0x00,
    0x00,0x00,0x00,0x00,0x00,0x00,0x50,0xff,0xff,0xff,0x90,0x00,0x00,0x00,0x00,0x00,
    0x00,0x00,0x00,0x00,0x00,0x00,0x00,0x00,0x00,0x00,0x50,0xff,0xff,0xff,0x90,0x00,
    0x00,0x00,0x00,0x00,0x11,0x75,0xc3,0xee,0xf9,0xdf,0xad,0x4f,0x01,0x00,0x50,0xff,
    0xff,0xff,0x90,0x00,0x00,0x00,0x00,0x65,0xf1,0xff,0xff,0xff,0xff,0xff,0xff,0xff,
    0xc2,0x21,0x50,0xff,0xff,0xff,0x90,0x00,0x00,0x00,0x8c,0xff,0xff,0xff,0xff,0xff,
    0xff,0xff,0xff,0xff,0xff,0xe3,0x6b,0xff,0xff,0xff,0x90,0x00,0x00,0x66,0xff,0xff,
    0xff,0xff,0xff,0xce,0xa1,0x9e,0xc5,0xfc,0xff,0xff,0xf7,0xff,0xff,0xff,0x90,0x00,
    0x18,0xf2,0xff,0xff,0xff,0xda,0x37,0x00,0x00,0x00,0x00,0x23,0xb8,0xff,0xff,0xff,
    0xff,0xff,0x90,0x00,0x86,0xff,0xff,0xff,0xe9,0x18,0x00,0x00,0x00,0x00,0x00,0x00,
    0x02,0xac,0xff,0xff,0xff,0xff,0x90,0x00,0xdf,0xff,0xff,0xff,0x65,0x00,0x00,0x00,
    0x00,0x00,0x00,0x00,0x00,0x12,0xf4,0xff,0xff,0xff,0x90,0x1e,0xff,0xff,0xff,0xfb,
    0x0b,0x00,0x00,0x00,0x00,0x00,0x00,0x00,0x00,0x00,0xa5,0xff,0xff,0xff,0x90,0x45,
    0xff,0xff,0xff,0xd1,0x00,0x00,0x00,0x00,0x00,0x00,0x00,0x00,0x00,0x00,0x6f,0xff,
    0xff,0xff,0x90,0x56,0xff,0xff,0xff,0xbb,0x00,0x00,0x00,0x00,0x00,0x00,0x00,0x00,
    0x00,0x00,0x59,0xff,0xff,0xff,0x90,0x56,0xff,0xff,0xff,0xbb,0x00,0x00,0x00,0x00,
    0x00,0x00,0x00,0x00,0x00,0x00,0x59,0xff,0xff,0xff,0x90,0x45,0xff,0xff,0xff,0xd0,
    0x00,0x00,0x00,0x00,0x00,0x00,0x00,0x00,0x00,0x00,0x6e,0xff,0xff,0xff,0x90,0x1e,
    0xff,0xff,0xff,0xfa,0x0a,0x00,0x00,0x00,0x00,0x00,0x00,0x00,0x00,0x00,0xa3,0xff,
    0xff,0xff,0x90,0x00,0xe1,0xff,0xff,0xff,0x5f,0x00,0x00,0x00,0x00,0x00,0x00,0x00,
    0x00,0x10,0xf2,0xff,0xff,0xff,0x90,0x00,0x89,0xff,0xff,0xff,0xe2,0x10,0x00,0x00,
    0x00,0x00,0x00,0x00,0x00,0xa2,0xff,0xff,0xff,0xff,0x90,0x00,0x1a,0xf4,0xff,0xff,
    0xff,0xcd,0x23,0x00,0x00,0x00,0x00,0x13,0xa6,0xff,0xff,0xff,0xff,0xff,0x90,0x00,
    0x00,0x6c,0xff,0xff,0xff,0xff,0xf9,0xb3,0x84,0x81,0xaa,0xf3,0xff,0xff,0xd6,0xff,
    0xff,0xff,0x90,0x00,0x00,0x00,0x91,0xff,0xff,0xff,0xff,0xff,0xff,0xff,0xff,0xff,
    0xff,0xe7,0x22,0xff,0xff,0xff,0x90,0x00,0x00,0x00,0x00,0x6a,0xf2,0xff,0xff,0xff,
    0xff,0xff,0xff,0xff,0xc6,0x20,0x00,0xf6,0xff,0xff,0x90,0x00,0x00,0x00,0x00,0x00,
    0x13,0x78,0xc5,0xf0,0xf9,0xdf,0xaf,0x51,0x03,0x00,0x00,0xe5,0xff,0xff,0x90,0x00,
    0x00,0x00,0x00,0x00,0x02,0x4d,0xa2,0xd9,0xf5,0xfa,0xe6,0xb5,0x63,0x07,0x00,0x00,
    0x00,0x00,0x00,0x00,0x00,0x00,0x3d,0xd5,0xff,0xff,0xff,0xff,0xff,0xff,0xff,0xff,
    0xe0,0x34,0x00,0x00,0x00,0x00,0x00,0x00,0x66,0xfc,0xff,0xff,0xff,0xff,0xff,0xff,
    0xff,0xff,0xff,0xff,0xf7,0x50,0x00,0x00,0x00,0x00,0x50,0xfe,0xff,0xff,0xff,0xf2,
    0x9d,0x6e,0x6e,0x9d,0xf4,0xff,0xff,0xff,0xf1,0x21,0x00,0x00,0x12,0xeb,0xff,0xff,
    0xff,0xb6,0x14,0x00,0x00,0x00,0x00,0x1c,0xd0,0xff,0xff,0xff,0xbb,0x00,0x00,0x81,
    0xff,0xff,0xff,0xcf,0x06,0x00,0x00,0x00,0x00,0x00,0x00,0x1e,0xf7,0xff,0xff,0xff,
    0x2d,0x00,0xdd,0xff,0xff,0xff,0x4a,0x00,0x00,0x00,0x00,0x00,0x00,0x00,0x00,0xa3,
    0xff,0xff,0xff,0x7a,0x1e,0xff,0xff,0xff,0xf5,0x04,0x00,0x00,0x00,0x00,0x00,0x00,
    0x00,0x00,0x6a,0xff,0xff,0xff,0xa8,0x46,0xff,0xff,0xff,0xff,0xff,0xff,0xff,0xff,
    0xff,0xff,0xff,0xff,0xff,0xff,0xff,0xff,0xff,0xbd,0x56,0xff,0xff,0xff,0xff,0xff,
    0xff,0xff,0xff,0xff,0xff,0xff,0xff,0xff,0xff,0xff,0xff,0xff,0xbb,0x54,0xff,0xff,
    0xff,0xfb,0xf0,0xf0,0xf0,0xf0,0xf0,0xf0,0xf0,0xf0,0xf0,0xf0,0xf0,0xf0,0xf0,0x96,
    0x42,0xff,0xff,0xff,0xd1,0x00,0x00,0x00,0x00,0x00,0x00,0x00,0x00,0x00,0x00,0x00,
    0x00,0x00,0x00,0x19,0xff,0xff,0xff,0xf8,0x0c,0x00,0x00,0x00,0x00,0x00,0x00,0x00,
    0x00,0x00,0x00,0x00,0x00,0x00,0x00,0xd8,0xff,0xff,0xff,0x60,0x00,0x00,0x00,0x00,
    0x00,0x00,0x00,0x00,0x00,0x00,0x00,0x00,0x00,0x00,0x7b,0xff,0xff,0xff,0xe3,0x16,
    0x00,0x00,0x00,0x00,0x00,0x00,0x00,0x35,0x9a,0x18,0x00,0x00,0x00,0x10,0xe9,0xff,
    0xff,0xff,0xd4,0x2c,0x00,0x00,0x00,0x00,0x00,0x37,0xe4,0xff,0xf4,0x7b,0x00,0x00,
    0x00,0x4e,0xfd,0xff,0xff,0xff,0xfd,0xb8,0x7b,0x69,0x7d,0xba,0xfd,0xff,0xff,0xff,
    0xa2,0x00,0x00,0x00,0x00,0x65,0xfc,0xff,0xff,0xff,0xff,0xff,0xff,0xff,0xff,0xff,
    0xff,0xff,0xd8,0x12,0x00,0x00,0x00,0x00,0x00,0x3e,0xd6,0xff,0xff,0xff,0xff,0xff,
    0xff,0xff,0xff,0xff,0xa9,0x13,0x00,0x00,0x00,0x00,0x00,0x00,0x00,0x02,0x4c,0x9f,
    0xd6,0xf4,0xfc,0xef,0xc9,0x8a,0x2d,0x00,0x00,0x00,0x00,0x00,0x00,0x00,0x00,0x00,
    0x00,0x00,0x3f,0xa6,0xe1,0xf8,0xf2,0xce,0x82,0x15,0x00,0x00,0x00,0x00,0x00,0x00,
    0x07,0x9f,0xff,0xff,0xff,0xff,0xff,0xff,0xff,0xd0,0x00,0x00,0x00,0x00,0x00,0x00,
    0x9d,0xff,0xff,0xff,0xff,0xff,0xff,0xff,0xff,0x68,0x00,0x00,0x00,0x00,0x00,0x33,
    0xff,0xff,0xff,0xff,0xe2,0xa3,0x9c,0xd0,0xdb,0x04,0x00,0x00,0x00,0x00,0x00,0x93,
    0xff,0xff,0xff,0xbb,0x0c,0x00,0x00,0x00,0x13,0x00,0x00,0x00,0x00,0x00,0x00,0xcd,
    0xff,0xff,0xff,0x36,0x00,0x00,0x00,0x00,0x00,0x00,0x00,0x00,0x00,0x00,0x00,0xe8,
    0xff,0xff,0xfd,0x05,0x00,0x00,0x00,0x00,0x00,0x00,0x00,0x00,0x00,0x00,0x00,0xf6,
    0xff,0xff,0xf2,0x00,0x00,0x00,0x00,0x00,0x00,0x00,0x00,0x00,0x00,0x00,0x00,0xf8,
    0xff,0xff,0xf0,0x00,0x00,0x00,0x00,0x00,0x00,0x00,0x00,0x64,0xff,0xff,0xff,0xff,
    0xff,0xff,0xff,0xff,0xff,0xff,0xff,0xff,0x14,0x00,0x00,0x64,0xff,0xff,0xff,0xff,
    0xff,0xff,0xff,0xff,0xff,0xff,0xff,0xff,0x14,0x00,0x00,0x64,0xff,0xff,0xff,0xff,
    0xff,0xff,0xff,0xff,0xff,0xff,0xff,0xff,0x14,0x00,0x00,0x1a,0x44,0x44,0x44,0xfa,
    0xff,0xff,0xf4,0x44,0x44,0x44,0x44,0x44,0x05,0x00,0x00,0x00,0x00,0x00,0x00,0xf8,
    0xff,0xff,0xf0,0x00,0x00,0x00,0x00,0x00,0x00,0x00,0x00,0x00,0x00,0x00,0x00,0xf8,
    0xff,0xff,0xf0,0x00,0x00,0x00,0x00,0x00,0x00,0x00,0x00,0x00,0x00,0x00,0x00,0xf8,
    0xff,0xff,0xf0,0x00,0x00,0x00,0x00,0x00,0x00,0x00,0x00,0x00,0x00,0x00,0x00,0xf8,
    0xff,0xff,0xf0,0x00,0x00,0x00,0x00,0x00,0x00,0x00,0x00,0x00,0x00,0x00,0x00,0xf8,
    0xff,0xff,0xf0,0x00,0x00,0x00,0x00,0x00,0x00,0x00,0x00,0x00,0x00,0x00,0x00,0xf8,
    0xff,0xff,0xf0,0x00,0x00,0x00,0x00,0x00,0x00,0x00,0x00,0x00,0x00,0x00,0x00,0xf8,
    0xff,0xff,0xf0,0x00,0x00,0x00,0x00,0x00,0x00,0x00,0x00,0x00,0x00,0x00,0x00,0xf8,
    0xff,0xff,0xf0,0x00,0x00,0x00,0x00,0x00,0x00,0x00,0x00,0x00,0x00,0x00,0x00,0xf8,
    0xff,0xff,0xf0,0x00,0x00,0x00,0x00,0x00,0x00,0x00,0x00,0x00,0x00,0x00,0x00,0xf8,
    0xff,0xff,0xf0,0x00,0x00,0x00,0x00,0x00,0x00,0x00,0x00,0x00,0x00,0x00,0x00,0xf8,
    0xff,0xff,0xf0,0x00,0x00,0x00,0x00,0x00,0x00,0x00,0x00,0x00,0x00,0x00,0x00,0xf8,
    0xff,0xff,0xf0,0x00,0x00,0x00,0x00,0x00,0x00,0x00,0x00,0x00,0x00,0x00,0x00,0xf8,
    0xff,0xff,0xf0,0x00,0x00,0x00,0x00,0x00,0x00,0x00,0x00,0x00,0x00,0x00,0x00,0xf8,
    0xff,0xff,0xf0,0x00,0x00,0x00,0x00,0x00,0x00,0x00,0x00,0x00,0x00,0x00,0x00,0xf8,
    0xff,0xff,0xf0,0x00,0x00,0x00,0x00,0x00,0x00,0x00,0x00,0x00,0x00,0x00,0x00,0xf8,
    0xff,0xff,0xf0,0x00,0x00,0x00,0x00,0x00,0x00,0x00,0x00,0x00,0x00,0x00,0x00,0x00,
    0x0f,0x71,0xc0,0xed,0xf9,0xe0,0xb3,0x55,0x05,0x00,0x00,0xe3,0xff,0xff,0x90,0x00,
    0x00,0x00,0x00,0x5f,0xee,0xff,0xff,0xff,0xff,0xff,0xff,0xff,0xcc,0x25,0x00,0xf4,
    0xff,0xff,0x90,0x00,0x00,0x00,0x86,0xff,0xff,0xff,0xff,0xff,0xff,0xff,0xff,0xff,
    0xff,0xeb,0x24,0xff,0xff,0xff,0x90,0x00,0x00,0x62,0xff,0xff,0xff,0xff,0xff,0xce,
    0xa1,0x9e,0xc5,0xfc,0xff,0xff,0xd7,0xff,0xff,0xff,0x90,0x00,0x16,0xf0,0xff,0xff,
    0xff,0xda,0x37,0x00,0x00,0x00,0x00,0x23,0xb8,0xff,0xff,0xff,0xff,0xff,0x90,0x00,
    0x84,0xff,0xff,0xff,0xe9,0x18,0x00,0x00,0x00,0x00,0x00,0x00,0x02,0xac,0xff,0xff,
    0xff,0xff,0x90,0x00,0xde,0xff,0xff,0xff,0x65,0x00,0x00,0x00,0x00,0x00,0x00,0x00,
    0x00,0x12,0xf4,0xff,0xff,0xff,0x90,0x1d,0xff,0xff,0xff,0xfb,0x0b,0x00,0x00,0x00,
    0x00,0x00,0x00,0x00,0x00,0x00,0xa5,0xff,0xff,0xff,0x90,0x45,0xff,0xff,0xff,0xd1,
    0x00,0x00,0x00,0x00,0x00,0x00,0x00,0x00,0x00,0x00,0x6f,0xff,0xff,0xff,0x90,0x56,
    0xff,0xff,0xff,0xbb,0x00,0x00,0x00,0x00,0x00,0x00,0x00,0x00,0x00,0x00,0x59,0xff,
    0xff,0xff,0x90,0x56,0xff,0xff,0xff,0xbb,0x00,0x00,0x00,0x00,0x00,0x00,0x00,0x00,
    0x00,0x00,0x59,0xff,0xff,0xff,0x90,0x44,0xff,0xff,0xff,0xd0,0x00,0x00,0x00,0x00,
    0x00,0x00,0x00,0x00,0x00,0x00,0x6e,0xff,0xff,0xff,0x90,0x1c,0xff,0xff,0xff,0xfa,
    0x0a,0x00,0x00,0x00,0x00,0x00,0x00,0x00,0x00,0x00,0xa3,0xff,0xff,0xff,0x90,0x00,
    0xdc,0xff,0xff,0xff,0x5f,0x00,0x00,0x00,0x00,0x00,0x00,0x00,0x00,0x10,0xf2,0xff,
    0xff,0xff,0x90,0x00,0x80,0xff,0xff,0xff,0xe2,0x10,0x00,0x00,0x00,0x00,0x00,0x00,
    0x00,0xa2,0xff,0xff,0xff,0xff,0x90,0x00,0x14,0xee,0xff,0xff,0xff,0xcd,0x23,0x00,
    0x00,0x00,0x00,0x13,0xa6,0xff,0xff,0xff,0xff,0xff,0x90,0x00,0x00,0x5c,0xff,0xff,
    0xff,0xff,0xf9,0xb3,0x84,0x81,0xaa,0xf3,0xff,0xff,0xee,0xff,0xff,0xff,0x90,0x00,
    0x00,0x00,0x7e,0xff,0xff,0xff,0xff,0xff,0xff,0xff,0xff,0xff,0xff,0xec,0x68,0xff,
    0xff,0xff,0x90,0x00,0x00,0x00,0x00,0x5a,0xec,0xff,0xff,0xff,0xff,0xff,0xff,0xff,
    0xd2,0x2b,0x58,0xff,0xff,0xff,0x8a,0x00,0x00,0x00,0x00,0x00,0x0e,0x70,0xbf,0xed,
    0xfa,0xe3,0xb8,0x5f,0x07,0x00,0x64,0xff,0xff,0xff,0x79,0x00,0x00,0x00,0x00,0x00,
    0x00,0x00,0x00,0x00,0x00,0x00,0x00,0x00,0x00,0x00,0x87,0xff,0xff,0xff,0x68,0x00,
    0x00,0x00,0x00,0x00,0x00,0x00,0x00,0x00,0x00,0x00,0x00,0x00,0x00,0x00,0xba,0xff,
    0xff,0xff,0x3e,0x00,0x00,0x00,0x32,0x72,0x00,0x00,0x00,0x00,0x00,0x00,0x00,0x00,
    0x00,0x17,0xfb,0xff,0xff,0xfa,0x09,0x00,0x11,0x96,0xfd,0xfe,0x45,0x00,0x00,0x00,
    0x00,0x00,0x00,0x00,0x00,0xa6,0xff,0xff,0xff,0xb3,0x00,0x00,0x6f,0xff,0xff,0xff,
    0xf9,0x6b,0x08,0x00,0x00,0x00,0x00,0x13,0xa1,0xff,0xff,0xff,0xff,0x3a,0x00,0x00,
    0x09,0xd7,0xff,0xff,0xff,0xff,0xed,0xaf,0x93,0x93,0xb6,0xf5,0xff,0xff,0xff,0xff,
    0x95,0x00,0x00,0x00,0x00,0x25,0xe2,0xff,0xff,0xff,0xff,0xff,0xff,0xff,0xff,0xff,
    0xff,0xff,0xff,0xa8,0x03,0x00,0x00,0x00,0x00,0x00,0x15,0xa4,0xfd,0xff,0xff,0xff,
    0xff,0xff,0xff,0xff,0xff,0xea,0x67,0x00,0x00,0x00,0x00,0x00,0x00,0x00,0x00,0x00,
    0x26,0x7f,0xc0,0xe9,0xfa,0xf5,0xdf,0xad,0x64,0x0a,0x00,0x00,0x00,0x00,0x00,0x38,
    0xff,0xff,0xff,0xb0,0x00,0x00,0x00,0x00,0x00,0x00,0x00,0x00,0x00,0x00,0x00,0x00,
    0x00,0x38,0xff,0xff,0xff,0xb0,0x00,0x00,0x00,0x00,0x00,0x00,0x00,0x00,0x00,0x00,
    0x00,0x00,0x00,0x38,0xff,0xff,0xff,0xb0,0x00,0x00,0x00,0x00,0x00,0x00,0x00,0x00,
    0x00,0x00,0x00,0x00,0x00,0x38,0xff,0xff,0xff,0xb0,0x00,0x00,0x00,0x00,0x00,0x00,
    0x00,0x00,0x00,0x00,0x00,0x00,0x00,0x38,0xff,0xff,0xff,0xb0,0x00,0x00,0x00,0x00,
    0x00,0x00,0x00,0x00,0x00,0x00,0x00,0x00,0x00,0x38,0xff,0xff,0xff,0xb0,0x00,0x00,
    0x00,0x00,0x00,0x00,0x00,0x00,0x00,0x00,0x00,0x00,0x00,0x38,0xff,0xff,0xff,0xb0,
    0x00,0x00,0x00,0x00,0x00,0x00,0x00,0x00,0x00,0x00,0x00,0x00,0x00,0x38,0xff,0xff,
    0xff,0xb0,0x00,0x00,0x00,0x00,0x00,0x00,0x00,0x00,0x00,0x00,0x00,0x00,0x00,0x38,
    0xff,0xff,0xff,0xb0,0x00,0x00,0x39,0x9b,0xd8,0xf4,0xf1,0xd0,0x87,0x18,0x00,0x00,
    0x00,0x38,0xff,0xff,0xff,0xb0,0x0a,0x9a,0xff,0xff,0xff,0xff,0xff,0xff,0xff,0xf3,
    0x50,0x00,0x00,0x38,0xff,0xff,0xff,0xb1,0xad,0xff,0xff,0xff,0xff,0xff,0xff,0xff,
    0xff,0xff,0xfd,0x41,0x00,0x38,0xff,0xff,0xff,0xf7,0xff,0xff,0xfc,0xc3,0x9c,0xa6,
    0xe5,0xff,0xff,0xff,0xff,0xe0,0x04,0x38,0xff,0xff,0xff,0xff,0xff,0xc6,0x26,0x00,
    0x00,0x00,0x06,0x99,0xff,0xff,0xff,0xff,0x53,0x38,0xff,0xff,0xff,0xff,0xce,0x09,
    0x00,0x00,0x00,0x00,0x00,0x02,0xd2,0xff,0xff,0xff,0x96,0x38,0xff,0xff,0xff,0xff,
    0x3d,0x00,0x00,0x00,0x00,0x00,0x00,0x00,0x6a,0xff,0xff,0xff,0xc4,0x38,0xff,0xff,
    0xff,0xe7,0x00,0x00,0x00,0x00,0x00,0x00,0x00,0x00,0x30,0xff,0xff,0xff,0xd6,0x38,
    0xff,0xff,0xff,0xbe,0x00,0x00,0x00,0x00,0x00,0x00,0x00,0x00,0x16,0xff,0xff,0xff,
    0xdf,0x38,0xff,0xff,0xff,0xb0,0x00,0x00,0x00,0x00,0x00,0x00,0x00,0x00,0x0c,0xff,
    0xff,0xff,0xe0,0x38,0xff,0xff,0xff,0xb0,0x00,0x00,0x00,0x00,0x00,0x00,0x00,0x00,
    0x0c,0xff,0xff,0xff,0xe0,0x38,0xff,0xff,0xff,0xb0,0x00,0x00,0x00,0x00,0x00,0x00,
    0x00,0x00,0x0c,0xff,0xff,0xff,0xe0,0x38,0xff,0xff,0xff,0xb0,0x00,0x00,0x00,0x00,
    0x00,0x00,0x00,0x00,0x0c,0xff,0xff,0xff,0xe0,0x38,0xff,0xff,0xff,0xb0,0x00,0x00,
    0x00,0x00,0x00,0x00,0x00,0x00,0x0c,0xff,0xff,0xff,0xe0,0x38,0xff,0xff,0xff,0xb0,
    0x00,0x00,0x00,0x00,0x00,0x00,0x00,0x00,0x0c,0xff,0xff,0xff,0xe0,0x38,0xff,0xff,
    0xff,0xb0,0x00,0x00,0x00,0x00,0x00,0x00,0x00,0x00,0x0c,0xff,0xff,0xff,0xe0,0x38,
    0xff,0xff,0xff,0xb0,0x00,0x00,0x00,0x00,0x00,0x00,0x00,0x00,0x0c,0xff,0xff,0xff,
    0xe0,0x38,0xff,0xff,0xff,0xb0,0x00,0x00,0x00,0x00,0x00,0x00,0x00,0x00,0x0c,0xff,
    0xff,0xff,0xe0,0x38,0xff,0xff,0xff,0xb0,0x00,0x00,0x00,0x00,0x00,0x00,0x00,0x00,
    0x0c,0xff,0xff,0xff,0xe0,0x38,0xff,0xff,0xff,0xb0,0x00,0x00,0x00,0x00,0x00,0x00,
    0x00,0x00,0x0c,0xff,0xff,0xff,0xe0,0x06,0x9a,0xf0,0xd4,0x3d,0x00,0x76,0xff,0xff,
    0xff,0xeb,0x09,0xac,0xff,0xff,0xff,0xff,0x2b,0x75,0xff,0xff,0xff,0xe9,0x08,0x06,
    0x9c,0xf4,0xd5,0x39,0x00,0x00,0x00,0x00,0x00,0x00,0x00,0x00,0x00,0x00,0x00,0x00,
    0x00,0x00,0x00,0x00,0x00,0x00,0x00,0x38,0xff,0xff,0xff,0xb0,0x00,0x38,0xff,0xff,
    0xff,0xb0,0x00,0x38,0xff,0xff,0xff,0xb0,0x00,0x38,0xff,0xff,0xff,0xb0,0x00,0x38,
    0xff,0xff,0xff,0xb0,0x00,0x38,0xff,0xff,0xff,0xb0,0x00,0x38,0xff,0xff,0xff,0xb0,
    0x00,0x38,0xff,0xff,0xff,0xb0,0x00,0x38,0xff,0xff,0xff,0xb0,0x00,0x38,0xff,0xff,
    0xff,0xb0,0x00,0x38,0xff,0xff,0xff,0xb0,0x00,0x38,0xff,0xff,0xff,0xb0,0x00,0x38,
    0xff,0xff,0xff,0xb0,0x00,0x38,0xff,0xff,0xff,0xb0,0x00,0x38,0xff,0xff,0xff,0xb0,
    0x00,0x38,0xff,0xff,0xff,0xb0,0x00,0x38,0xff,0xff,0xff,0xb0,0x00,0x38,0xff,0xff,
    0xff,0xb0,0x00,0x38,0xff,0xff,0xff,0xb0,0x00,0x38,0xff,0xff,0xff,0xb0,0x00,0x00,
    0x00,0x00,0x00,0x00,0x00,0x00,0x09,0xa0,0xf1,0xd0,0x36,0x00,0x00,0x00,0x00,0x00,
    0x00,0x00,0x00,0x82,0xff,0xff,0xff,0xe6,0x05,0x00,0x00,0x00,0x00,0x00,0x00,0x00,
    0xb8,0xff,0xff,0xff,0xff,0x23,0x00,0x00,0x00,0x00,0x00,0x00,0x00,0x81,0xff,0xff,
    0xff,0xe5,0x04,0x00,0x00,0x00,0x00,0x00,0x00,0x00,0x09,0xa3,0xf5,0xd1,0x34,0x00,
    0x00,0x00,0x00,0x00,0x00,0x00,0x00,0x00,0x00,0x00,0x00,0x00,0x00,0x00,0x00,0x00,
    0x00,0x00,0x00,0x00,0x00,0x00,0x00,0x00,0x00,0x00,0x00,0x00,0x00,0x00,0x00,0x00,
    0x00,0x00,0x00,0x00,0x00,0x00,0x00,0x00,0x00,0x00,0x00,0x00,0x00,0x00,0x38,0xff,
    0xff,0xff,0xb0,0x00,0x00,0x00,0x00,0x00,0x00,0x00,0x00,0x38,0xff,0xff,0xff,0xb0,
    0x00,0x00,0x00,0x00,0x00,0x00,0x00,0x00,0x38,0xff,0xff,0xff,0xb0,0x00,0x00,0x00,
    0x00,0x00,0x00,0x00,0x00,0x38,0xff,0xff,0xff,0xb0,0x00,0x00,0x00,0x00,0x00,0x00,
    0x00,0x00,0x38,0xff,0xff,0xff,0xb0,0x00,0x00,0x00,0x00,0x00,0x00,0x00,0x00,0x38,
    0xff,0xff,0xff,0xb0,0x00,0x00,0x00,0x00,0x00,0x00,0x00,0x00,0x38,0xff,0xff,0xff,
    0xb0,0x00,0x00,0x00,0x00,0x00,0x00,0x00,0x00,0x38,0xff,0xff,0xff,0xb0,0x00,0x00,
    0x00,0x00,0x00,0x00,0x00,0x00,0x38,0xff,0xff,0xff,0xb0,0x00,0x00,0x00,0x00,0x00,
    0x00,0x00,0x00,0x38,0xff,0xff,0xff,0xb0,0x00,0x00,0x00,0x00,0x00,0x00,0x00,0x00,
    0x38,0xff,0xff,0xff,0xb0,0x00,0x00,0x00,0x00,0x00,0x00,0x00,0x00,0x38,0xff,0xff,
    0xff,0xb0,0x00,0x00,0x00,0x00,0x00,0x00,0x00,0x00,0x38,0xff,0xff,0xff,0xb0,0x00,
    0x00,0x00,0x00,0x00,0x00,0x00,0x00,0x38,0xff,0xff,0xff,0xb0,0x00,0x00,0x00,0x00,
    0x00,0x00,0x00,0x00,0x38,0xff,0xff,0xff,0xb0,0x00,0x00,0x00,0x00,0x00,0x00,0x00,
    0x00,0x38,0xff,0xff,0xff,0xb0,0x00,0x00,0x00,0x00,0x00,0x00,0x00,0x00,0x38,0xff,
    0xff,0xff,0xb0,0x00,0x00,0x00,0x00,0x00,0x00,0x00,0x00,0x38,0xff,0xff,0xff,0xb0,
    0x00,0x00,0x00,0x00,0x00,0x00,0x00,0x00,0x38,0xff,0xff,0xff,0xb0,0x00,0x00,0x00,
    0x00,0x00,0x00,0x00,0x00,0x38,0xff,0xff,0xff,0xb0,0x00,0x00,0x00,0x00,0x00,0x00,
    0x00,0x00,0x38,0xff,0xff,0xff,0xb0,0x00,0x00,0x00,0x00,0x00,0x00,0x00,0x00,0x40,
    0xff,0xff,0xff,0xa3,0x00,0x00,0x00,0x00,0x00,0x00,0x00,0x00,0x5d,0xff,0xff,0xff,
    0x8a,0x00,0x00,0x00,0x00,0x00,0x00,0x00,0x00,0xa0,0xff,0xff,0xff,0x69,0x00,0x00,
    0x02,0x4a,0x00,0x00,0x00,0x37,0xfa,0xff,0xff,0xfc,0x18,0x00,0x00,0x87,0xff,0xbf,
    0x8a,0xa4,0xf8,0xff,0xff,0xff,0xae,0x00,0x00,0x58,0xff,0xff,0xff,0xff,0xff,0xff,
    0xff,0xff,0xe9,0x18,0x00,0x00,0x82,0xff,0xff,0xff,0xff,0xff,0xff,0xff,0xda,0x2e,
    0x00,0x00,0x00,0x00,0x38,0xa2,0xdf,0xf9,0xea,0xc4,0x6c,0x0d,0x00,0x00,0x00,0x00,
    0x38,0xff,0xff,0xff,0xb0,0x00,0x00,0x00,0x00,0x00,0x00,0x00,0x00,0x00,0x00,0x00,
    0x00,0x00,0x00,0x38,0xff,0xff,0xff,0xb0,0x00,0x00,0x00,0x00,0x00,0x00,0x00,0x00,
    0x00,0x00,0x00,0x00,0x00,0x00,0x38,0xff,0xff,0xff,0xb0,0x00,0x00,0x00,0x00,0x00,
    0x00,0x00,0x00,0x00,0x00,0x00,0x00,0x00,0x00,0x38,0xff,0xff,0xff,0xb0,0x00,0x00,
    0x00,0x00,0x00,0x00,0x00,0x00,0x00,0x00,0x00,0x00,0x00,0x00,0x38,0xff,0xff,0xff,
    0xb0,0x00,0x00,0x00,0x00,0x00,0x00,0x00,0x00,0x00,0x00,0x00,0x00,0x00,0x00,0x38,
    0xff,0xff,0xff,0xb0,0x00,0x00,0x00,0x00,0x00,0x00,0x00,0x00,0x00,0x00,0x00,0x00,
    0x00,0x00,0x38,0xff,0xff,0xff,0xb0,0x00,0x00,0x00,0x00,0x00,0x00,0x00,0x00,0x00,
    0x00,0x00,0x00,0x00,0x00,0x38,0xff,0xff,0xff,0xb0,0x00,0x00,0x00,0x00,0x00,0x00,
    0x00,0x00,0x00,0x00,0x00,0x00,0x00,0x00,0x38,0xff,0xff,0xff,0xb0,0x00,0x00,0x00,
    0x00,0x00,0x00,0x00,0x3f,0xf9,0xff,0xff,0xff,0x6e,0x00,0x38,0xff,0xff,0xff,0xb0,
    0x00,0x00,0x00,0x00,0x00,0x00,0x26,0xee,0xff,0xff,0xff,0x8b,0x00,0x00,0x38,0xff,
    0xff,0xff,0xb0,0x00,0x00,0x00,0x00,0x00,0x14,0xdc,0xff,0xff,0xff,0xa7,0x01,0x00,
    0x00,0x38,0xff,0xff,0xff,0xb0,0x00,0x00,0x00,0x00,0x07,0xc4,0xff,0xff,0xff,0xbf,
    0x06,0x00,0x00,0x00,0x38,0xff,0xff,0xff,0xb0,0x00,0x00,0x00,0x00,0xa6,0xff,0xff,
    0xff,0xd3,0x10,0x00,0x00,0x00,0x00,0x38,0xff,0xff,0xff,0xb0,0x00,0x00,0x00,0x83,
    0xff,0xff,0xff,0xe4,0x1c,0x00,0x00,0x00,0x00,0x00,0x38,0xff,0xff,0xff,0xb0,0x00,
    0x00,0x5e,0xff,0xff,0xff,0xf0,0x2d,0x00,0x00,0x00,0x00,0x00,0x00,0x38,0xff,0xff,
    0xff,0xb0,0x00,0x3f,0xf9,0xff,0xff,0xf9,0x41,0x00,0x00,0x00,0x00,0x00,0x00,0x00,
    0x38,0xff,0xff,0xff,0xb0,0x26,0xed,0xff,0xff,0xff,0xd3,0x04,0x00,0x00,0x00,0x00,
    0x00,0x00,0x00,0x38,0xff,0xff,0xff,0xc3,0xdc,0xff,0xff,0xff,0xff,0xff,0x7f,0x00,
    0x00,0x00,0x00,0x00,0x00,0x00,0x38,0xff,0xff,0xff,0xff,0xff,0xff,0xff,0xff,0xff,
    0xff,0xfb,0x33,0x00,0x00,0x00,0x00,0x00,0x00,0x38,0xff,0xff,0xff,0xff,0xff,0xff,
    0xb1,0xd4,0xff,0xff,0xff,0xd6,0x08,0x00,0x00,0x00,0x00,0x00,0x38,0xff,0xff,0xff,
    0xff,0xff,0xc7,0x09,0x32,0xfb,0xff,0xff,0xff,0x8e,0x00,0x00,0x00,0x00,0x00,0x38,
    0xff,0xff,0xff,0xff,0xda,0x14,0x00,0x00,0x80,0xff,0xff,0xff,0xfe,0x3f,0x00,0x00,
    0x00,0x00,0x38,0xff,0xff,0xff,0xea,0x22,0x00,0x00,0x00,0x04,0xcc,0xff,0xff,0xff,
    0xdf,0x0d,0x00,0x00,0x00,0x38,0xff,0xff,0xff,0xb0,0x00,0x00,0x00,0x00,0x00,0x2b,
    0xf8,0xff,0xff,0xff,0x9d,0x00,0x00,0x00,0x38,0xff,0xff,0xff,0xb0,0x00,0x00,0x00,
    0x00,0x00,0x00,0x76,0xff,0xff,0xff,0xff,0x4d,0x00,0x00,0x38,0xff,0xff,0xff,0xb0,
    0x00,0x00,0x00,0x00,0x00,0x00,0x02,0xc5,0xff,0xff,0xff,0xe8,0x14,0x00,0x38,0xff,
    0xff,0xff,0xb0,0x00,0x00,0x00,0x00,0x00,0x00,0x00,0x24,0xf5,0xff,0xff,0xff,0xac,
    0x00,0x38,0xff,0xff,0xff,0xb0,0x00,0x00,0x00,0x00,0x00,0x00,0x00,0x00,0x6b,0xff,
    0xff,0xff,0xff,0x5c,0x38,0xff,0xff,0xff,0xb0,0x38,0xff,0xff,0xff,0xb0,0x38,0xff,
    0xff,0xff,0xb0,0x38,0xff,0xff,0xff,0xb0,0x38,0xff,0xff,0xff,0xb0,0x38,0xff,0xff,
    0xff,0xb0,0x38,0xff,0xff,0xff,0xb0,0x38,0xff,0xff,0xff,0xb0,0x38,0xff,0xff,0xff,
    0xb0,0x38,0xff,0xff,0xff,0xb0,0x38,0xff,0xff,0xff,0xb0,0x38,0xff,0xff,0xff,0xb0,
    0x38,0xff,0xff,0xff,0xb0,0x38,0xff,0xff,0xff,0xb0,0x38,0xff,0xff,0xff,0xb0,0x38,
    0xff,0xff,0xff,0xb0,0x38,0xff,0xff,0xff,0xb0,0x38,0xff,0xff,0xff,0xb0,0x38,0xff,
    0xff,0xff,0xb0,0x38,0xff,0xff,0xff,0xb0,0x38,0xff,0xff,0xff,0xb0,0x38,0xff,0xff,
    0xff,0xb0,0x38,0xff,0xff,0xff,0xb0,0x38,0xff,0xff,0xff,0xb0,0x38,0xff,0xff,0xff,
    0xb0,0x38,0xff,0xff,0xff,0xb0,0x38,0xff,0xff,0xff,0xb0,0x38,0xff,0xff,0xff,0xb0,
    0x38,0xff,0xff,0xff,0x35,0x00,0x0a,0x6a,0xc6,0xec,0xf8,0xd7,0x88,0x15,0x00,0x00,
    0x00,0x00,0x1b,0x8d,0xd8,0xf8,0xef,0xc5,0x69,0x04,0x00,0x00,0x00,0x38,0xff,0xff,
    0xff,0x43,0x28,0xd5,0xff,0xff,0xff,0xff,0xff,0xff,0xe7,0x2a,0x00,0x00,0x4f,0xf2,
    0xff,0xff,0xff,0xff,0xff,0xff,0xc7,0x11,0x00,0x00,0x38,0xff,0xff,0xff,0x67,0xe2,
    0xff,0xff,0xff,0xff,0xff,0xff,0xff,0xff,0xe9,0x11,0x3d,0xfa,0xff,0xff,0xff,0xff,
    0xff,0xff,0xff,0xff,0xbd,0x01,0x00,0x38,0xff,0xff,0xff,0xf2,0xff,0xff,0xe1,0xa1,
    0xa3,0xe7,0xff,0xff,0xff,0xff,0x8c,0xda,0xff,0xff,0xcd,0x9c,0xad,0xf4,0xff,0xff,
    0xff,0xff,0x54,0x00,0x38,0xff,0xff,0xff,0xff,0xff,0x84,0x03,0x00,0x00,0x0b,0xba,
    0xff,0xff,0xff,0xff,0xff,0xf7,0x53,0x00,0x00,0x00,0x1e,0xdf,0xff,0xff,0xff,0xb9,
    0x00,0x38,0xff,0xff,0xff,0xff,0xa0,0x00,0x00,0x00,0x00,0x00,0x1b,0xf9,0xff,0xff,
    0xff,0xff,0x62,0x00,0x00,0x00,0x00,0x00,0x4a,0xff,0xff,0xff,0xf3,0x02,0x38,0xff,
    0xff,0xff,0xfe,0x20,0x00,0x00,0x00,0x00,0x00,0x00,0xba,0xff,0xff,0xff,0xe1,0x02,
    0x00,0x00,0x00,0x00,0x00,0x02,0xea,0xff,0xff,0xff,0x1c,0x38,0xff,0xff,0xff,0xd6,
    0x00,0x00,0x00,0x00,0x00,0x00,0x00,0x88,0xff,0xff,0xff,0x9d,0x00,0x00,0x00,0x00,
    0x00,0x00,0x00,0xb8,0xff,0xff,0xff,0x2c,0x38,0xff,0xff,0xff,0xb3,0x00,0x00,0x00,
    0x00,0x00,0x00,0x00,0x71,0xff,0xff,0xff,0x7b,0x00,0x00,0x00,0x00,0x00,0x00,0x00,
    0xa1,0xff,0xff,0xff,0x34,0x38,0xff,0xff,0xff,0xa8,0x00,0x00,0x00,0x00,0x00,0x00,
    0x00,0x68,0xff,0xff,0xff,0x70,0x00,0x00,0x00,0x00,0x00,0x00,0x00,0x98,0xff,0xff,
    0xff,0x34,0x38,0xff,0xff,0xff,0xa8,0x00,0x00,0x00,0x00,0x00,0x00,0x00,0x68,0xff,
    0xff,0xff,0x70,0x00,0x00,0x00,0x00,0x00,0x00,0x00,0x98,0xff,0xff,0xff,0x34,0x38,
    0xff,0xff,0xff,0xa8,0x00,0x00,0x00,0x00,0x00,0x00,0x00,0x68,0xff,0xff,0xff,0x70,
    0x00,0x00,0x00,0x00,0x00,0x00,0x00,0x98,0xff,0xff,0xff,0x34,0x38,0xff,0xff,0xff,
    0xa8,0x00,0x00,0x00,0x00,0x00,0x00,0x00,0x68,0xff,0xff,0xff,0x70,0x00,0x00,0x00,
    0x00,0x00,0x00,0x00,0x98,0xff,0xff,0xff,0x34,0x38,0xff,0xff,0xff,0xa8,0x00,0x00,
    0x00,0x00,0x00,0x00,0x00,0x68,0xff,0xff,0xff,0x70,0x00,0x00,0x00,0x00,0x00,0x00,
    0x00,0x98,0xff,0xff,0xff,0x34,0x38,0xff,0xff,0xff,0xa8,0x00,0x00,0x00,0x00,0x00,
    0x00,0x00,0x68,0xff,0xff,0xff,0x70,0x00,0x00,0x00,0x00,0x00,0x00,0x00,0x98,0xff,
    0xff,0xff,0x34,0x38,0xff,0xff,0xff,0xa8,0x00,0x00,0x00,0x00,0x00,0x00,0x00,0x68,
    0xff,0xff,0xff,0x70,0x00,0x00,0x00,0x00,0x00,0x00,0x00,0x98,0xff,0xff,0xff,0x34,
    0x38,0xff,0xff,0xff,0xa8,0x00,0x00,0x00,0x00,0x00,0x00,0x00,0x68,0xff,0xff,0xff,
    0x70,0x00,0x00,0x00,0x00,0x00,0x00,0x00,0x98,0xff,0xff,0xff,0x34,0x38,0xff,0xff,
    0xff,0xa8,0x00,0x00,0x00,0x00,0x00,0x00,0x00,0x68,0xff,0xff,0xff,0x70,0x00,0x00,
    0x00,0x00,0x00,0x00,0x00,0x98,0xff,0xff,0xff,0x34,0x38,0xff,0xff,0xff,0xa8,0x00,
    0x00,0x00,0x00,0x00,0x00,0x00,0x68,0xff,0xff,0xff,0x70,0x00,0x00,0x00,0x00,0x00,
    0x00,0x00,0x98,0xff,0xff,0xff,0x34,0x38,0xff,0xff,0xff,0xa8,0x00,0x00,0x00,0x00,
    0x00,0x00,0x00,0x68,0xff,0xff,0xff,0x70,0x00,0x00,0x00,0x00,0x00,0x00,0x00,0x98,
    0xff,0xff,0xff,0x34,0x38,0xff,0xff,0xff,0x41,0x00,0x00,0x3b,0x9f,0xd7,0xf4,0xf1,
    0xd1,0x8a,0x1b,0x00,0x00,0x00,0x38,0xff,0xff,0xff,0x4e,0x08,0x9e,0xff,0xff,0xff,
    0xff,0xff,0xff,0xff,0xf6,0x57,0x00,0x00,0x38,0xff,0xff,0xff,0x5e,0xb2,0xff,0xff,
    0xff,0xff,0xff,0xff,0xff,0xff,0xff,0xfe,0x46,0x00,0x38,0xff,0xff,0xff,0xd3,0xff,
    0xff,0xfc,0xc3,0x9c,0xa6,0xe5,0xff,0xff,0xff,0xff,0xe3,0x05,0x38,0xff,0xff,0xff,
    0xff,0xff,0xc6,0x26,0x00,0x00,0x00,0x06,0x99,0xff,0xff,0xff,0xff,0x55,0x38,0xff,
    0xff,0xff,0xff,0xce,0x09,0x00,0x00,0x00,0x00,0x00,0x02,0xd2,0xff,0xff,0xff,0x98,
    0x38,0xff,0xff,0xff,0xff,0x3d,0x00,0x00,0x00,0x00,0x00,0x00,0x00,0x6a,0xff,0xff,
    0xff,0xc4,0x38,0xff,0xff,0xff,0xe7,0x00,0x00,0x00,0x00,0x00,0x00,0x00,0x00,0x30,
    0xff,0xff,0xff,0xd6,0x38,0xff,0xff,0xff,0xbe,0x00,0x00,0x00,0x00,0x00,0x00,0x00,
    0x00,0x16,0xff,0xff,0xff,0xdf,0x38,0xff,0xff,0xff,0xb0,0x00,0x00,0x00,0x00,0x00,
    0x00,0x00,0x00,0x0c,0xff,0xff,0xff,0xe0,0x38,0xff,0xff,0xff,0xb0,0x00,0x00,0x00,
    0x00,0x00,0x00,0x00,0x00,0x0c,0xff,0xff,0xff,0xe0,0x38,0xff,0xff,0xff,0xb0,0x00,
    0x00,0x00,0x00,0x00,0x00,0x00,0x00,0x0c,0xff,0xff,0xff,0xe0,0x38,0xff,0xff,0xff,
    0xb0,0x00,0x00,0x00,0x00,0x00,0x00,0x00,0x00,0x0c,0xff,0xff,0xff,0xe0,0x38,0xff,
    0xff,0xff,0xb0,0x00,0x00,0x00,0x00,0x00,0x00,0x00,0x00,0x0c,0xff,0xff,0xff,0xe0,
    0x38,0xff,0xff,0xff,0xb0,0x00,0x00,0x00,0x00,0x00,0x00,0x00,0x00,0x0c,0xff,0xff,
    0xff,0xe0,0x38,0xff,0xff,0xff,0xb0,0x00,0x00,0x00,0x00,0x00,0x00,0x00,0x00,0x0c,
    0xff,0xff,0xff,0xe0,0x38,0xff,0xff,0xff,0xb0,0x00,0x00,0x00,0x00,0x00,0x00,0x00,
    0x00,0x0c,0xff,0xff,0xff,0xe0,0x38,0xff,0xff,0xff,0xb0,0x00,0x00,0x00,0x00,0x00,
    0x00,0x00,0x00,0x0c,0xff,0xff,0xff,0xe0,0x38,0xff,0xff,0xff,0xb0,0x00,0x00,0x00,
    0x00,0x00,0x00,0x00,0x00,0x0c,0xff,0xff,0xff,0xe0,0x38,0xff,0xff,0xff,0xb0,0x00,
    0x00,0x00,0x00,0x00,0x00,0x00,0x00,0x0c,0xff,0xff,0xff,0xe0,0x00,0x00,0x00,0x00,
    0x00,0x00,0x34,0x91,0xcf,0xf2,0xfa,0xe9,0xbc,0x70,0x11,0x00,0x00,0x00,0x00,0x00,
    0x00,0x00,0x00,0x00,0x1e,0xb4,0xff,0xff,0xff,0xff,0xff,0xff,0xff,0xff,0xf2,0x74,
    0x02,0x00,0x00,0x00,0x00,0x00,0x00,0x3b,0xed,0xff,0xff,0xff,0xff,0xff,0xff,0xff,
    0xff,0xff,0xff,0xff,0xb3,0x09,0x00,0x00,0x00,0x00,0x2b,0xf0,0xff,0xff,0xff,0xff,
    0xd0,0x93,0x87,0xa6,0xee,0xff,0xff,0xff,0xff,0xae,0x01,0x00,0x00,0x04,0xcf,0xff,
    0xff,0xff,0xec,0x49,0x00,0x00,0x00,0x00,0x0d,0x97,0xff,0xff,0xff,0xff,0x67,0x00,
    0x00,0x60,0xff,0xff,0xff,0xf6,0x2e,0x00,0x00,0x00,0x00,0x00,0x00,0x00,0x95,0xff,
    0xff,0xff,0xe9,0x0a,0x00,0xc9,0xff,0xff,0xff,0x7e,0x00,0x00,0x00,0x00,0x00,0x00,
    0x00,0x00,0x08,0xe7,0xff,0xff,0xff,0x5b,0x13,0xfe,0xff,0xff,0xff,0x18,0x00,0x00,
    0x00,0x00,0x00,0x00,0x00,0x00,0x00,0x88,0xff,0xff,0xff,0xa5,0x40,0xff,0xff,0xff,
    0xdc,0x00,0x00,0x00,0x00,0x00,0x00,0x00,0x00,0x00,0x00,0x4e,0xff,0xff,0xff,0xd3,
    0x55,0xff,0xff,0xff,0xc4,0x00,0x00,0x00,0x00,0x00,0x00,0x00,0x00,0x00,0x00,0x35,
    0xff,0xff,0xff,0xe8,0x55,0xff,0xff,0xff,0xc4,0x00,0x00,0x00,0x00,0x00,0x00,0x00,
    0x00,0x00,0x00,0x35,0xff,0xff,0xff,0xe7,0x40,0xff,0xff,0xff,0xdd,0x00,0x00,0x00,
    0x00,0x00,0x00,0x00,0x00,0x00,0x00,0x4e,0xff,0xff,0xff,0xd3,0x13,0xff,0xff,0xff,
    0xff,0x19,0x00,0x00,0x00,0x00,0x00,0x00,0x00,0x00,0x00,0x88,0xff,0xff,0xff,0xa5,
    0x00,0xc9,0xff,0xff,0xff,0x80,0x00,0x00,0x00,0x00,0x00,0x00,0x00,0x00,0x08,0xe6,
    0xff,0xff,0xff,0x5b,0x00,0x60,0xff,0xff,0xff,0xf7,0x30,0x00,0x00,0x00,0x00,0x00,
    0x00,0x00,0x94,0xff,0xff,0xff,0xe9,0x0a,0x00,0x04,0xd0,0xff,0xff,0xff,0xed,0x4c,
    0x00,0x00,0x00,0x00,0x0d,0x97,0xff,0xff,0xff,0xff,0x67,0x00,0x00,0x00,0x2b,0xf1,
    0xff,0xff,0xff,0xff,0xd3,0x97,0x8a,0xa9,0xef,0xff,0xff,0xff,0xff,0xaf,0x01,0x00,
    0x00,0x00,0x00,0x3c,0xee,0xff,0xff,0xff,0xff,0xff,0xff,0xff,0xff,0xff,0xff,0xff,
    0xb5,0x0a,0x00,0x00,0x00,0x00,0x00,0x00,0x20,0xb8,0xff,0xff,0xff,0xff,0xff,0xff,
    0xff,0xff,0xf4,0x78,0x03,0x00,0x00,0x00,0x00,0x00,0x00,0x00,0x00,0x00,0x37,0x93,
    0xd1,0xf3,0xfb,0xea,0xbd,0x72,0x13,0x00,0x00,0x00,0x00,0x00,0x38,0xff,0xff,0xff,
    0x41,0x00,0x00,0x2b,0x8e,0xd2,0xf0,0xf7,0xd7,0x96,0x31,0x00,0x00,0x00,0x00,0x00,
    0x38,0xff,0xff,0xff,0x4e,0x05,0x88,0xfe,0xff,0xff,0xff,0xff,0xff,0xff,0xfe,0xa0,
    0x0d,0x00,0x00,0x00,0x38,0xff,0xff,0xff,0x5d,0xa7,0xff,0xff,0xff,0xff,0xff,0xff,
    0xff,0xff,0xff,0xff,0xce,0x12,0x00,0x00,0x38,0xff,0xff,0xff,0xd2,0xff,0xff,0xff,
    0xce,0x94,0x87,0xa5,0xee,0xff,0xff,0xff,0xff,0xb9,0x00,0x00,0x38,0xff,0xff,0xff,
    0xff,0xff,0xe3,0x42,0x00,0x00,0x00,0x00,0x0d,0x9f,0xff,0xff,0xff,0xff,0x5e,0x00,
    0x38,0xff,0xff,0xff,0xff,0xe9,0x1e,0x00,0x00,0x00,0x00,0x00,0x00,0x00,0xab,0xff,
    0xff,0xff,0xd8,0x01,0x38,0xff,0xff,0xff,0xff,0x63,0x00,0x00,0x00,0x00,0x00,0x00,
    0x00,0x00,0x19,0xfa,0xff,0xff,0xff,0x35,0x38,0xff,0xff,0xff,0xfa,0x09,0x00,0x00,
    0x00,0x00,0x00,0x00,0x00,0x00,0x00,0xb4,0xff,0xff,0xff,0x74,0x38,0xff,0xff,0xff,
    0xcd,0x00,0x00,0x00,0x00,0x00,0x00,0x00,0x00,0x00,0x00,0x7f,0xff,0xff,0xff,0x9b,
    0x38,0xff,0xff,0xff,0xb7,0x00,0x00,0x00,0x00,0x00,0x00,0x00,0x00,0x00,0x00,0x68,
    0xff,0xff,0xff,0xad,0x38,0xff,0xff,0xff,0xb8,0x00,0x00,0x00,0x00,0x00,0x00,0x00,
    0x00,0x00,0x00,0x69,0xff,0xff,0xff,0xac,0x38,0xff,0xff,0xff,0xcd,0x00,0x00,0x00,
    0x00,0x00,0x00,0x00,0x00,0x00,0x00,0x7e,0xff,0xff,0xff,0x9b,0x38,0xff,0xff,0xff,
    0xfa,0x09,0x00,0x00,0x00,0x00,0x00,0x00,0x00,0x00,0x00,0xb2,0xff,0xff,0xff,0x75,
    0x38,0xff,0xff,0xff,0xff,0x63,0x00,0x00,0x00,0x00,0x00,0x00,0x00,0x00,0x15,0xf8,
    0xff,0xff,0xff,0x37,0x38,0xff,0xff,0xff,0xff,0xe9,0x1e,0x00,0x00,0x00,0x00,0x00,
    0x00,0x00,0xa4,0xff,0xff,0xff,0xdc,0x01,0x38,0xff,0xff,0xff,0xff,0xff,0xe4,0x48,
    0x00,0x00,0x00,0x00,0x0e,0x9c,0xff,0xff,0xff,0xff,0x62,0x00,0x38,0xff,0xff,0xff,
    0xf4,0xff,0xff,0xff,0xd8,0x9e,0x92,0xaf,0xf1,0xff,0xff,0xff,0xff,0xbd,0x01,0x00,
    0x38,0xff,0xff,0xff,0xb0,0x9e,0xff,0xff,0xff,0xff,0xff,0xff,0xff,0xff,0xff,0xff,
    0xd1,0x13,0x00,0x00,0x38,0xff,0xff,0xff,0xb0,0x05,0x8a,0xfd,0xff,0xff,0xff,0xff,
    0xff,0xff,0xff,0xa4,0x0f,0x00,0x00,0x00,0x38,0xff,0xff,0xff,0xb0,0x00,0x00,0x2e,
    0x90,0xd4,0xf2,0xf8,0xd8,0x98,0x34,0x00,0x00,0x00,0x00,0x00,0x38,0xff,0xff,0xff,
    0xb0,0x00,0x00,0x00,0x00,0x00,0x00,0x00,0x00,0x00,0x00,0x00,0x00,0x00,0x00,0x00,
    0x38,0xff,0xff,0xff,0xb0,0x00,0x00,0x00,0x00,0x00,0x00,0x00,0x00,0x00,0x00,0x00,
    0x00,0x00,0x00,0x00,0x38,0xff,0xff,0xff,0xb0,0x00,0x00,0x00,0x00,0x00,0x00,0x00,
    0x00,0x00,0x00,0x00,0x00,0x00,0x00,0x00,0x38,0xff,0xff,0xff,0xb0,0x00,0x00,0x00,
    0x00,0x00,0x00,0x00,0x00,0x00,0x00,0x00,0x00,0x00,0x00,0x00,0x38,0xff,0xff,0xff,
    0xb0,0x00,0x00,0x00,0x00,0x00,0x00,0x00,0x00,0x00,0x00,0x00,0x00,0x00,0x00,0x00,
    0x38,0xff,0xff,0xff,0xb0,0x00,0x00,0x00,0x00,0x00,0x00,0x00,0x00,0x00,0x00,0x00,
    0x00,0x00,0x00,0x00,0x38,0xff,0xff,0xff,0xb0,0x00,0x00,0x00,0x00,0x00,0x00,0x00,
    0x00,0x00,0x00,0x00,0x00,0x00,0x00,0x00,0x38,0xff,0xff,0xff,0xb0,0x00,0x00,0x00,
    0x00,0x00,0x00,0x00,0x00,0x00,0x00,0x00,0x00,0x00,0x00,0x00,0x38,0xff,0xff,0xff,
    0xb0,0x00,0x00,0x00,0x00,0x00,0x00,0x00,0x00,0x00,0x00,0x00,0x00,0x00,0x00,0x00,
    0x00,0x00,0x00,0x00,0x00,0x11,0x75,0xc3,0xee,0xf9,0xde,0xb1,0x53,0x04,0x00,0x00,
    0xe3,0xff,0xff,0x90,0x00,0x00,0x00,0x00,0x65,0xf1,0xff,0xff,0xff,0xff,0xff,0xff,
    0xff,0xca,0x24,0x00,0xf4,0xff,0xff,0x90,0x00,0x00,0x00,0x8c,0xff,0xff,0xff,0xff,
    0xff,0xff,0xff,0xff,0xff,0xff,0xea,0x24,0xff,0xff,0xff,0x90,0x00,0x00,0x66,0xff,
    0xff,0xff,0xff,0xfb,0xbc,0x8e,0x8a,0xb3,0xf6,0xff,0xff,0xd7,0xff,0xff,0xff,0x90,
    0x00,0x18,0xf2,0xff,0xff,0xff,0xd2,0x2a,0x00,0x00,0x00,0x00,0x19,0xae,0xff,0xff,
    0xff,0xff,0xff,0x90,0x00,0x86,0xff,0xff,0xff,0xe6,0x13,0x00,0x00,0x00,0x00,0x00,
    0x00,0x01,0xa7,0xff,0xff,0xff,0xff,0x90,0x00,0xdf,0xff,0xff,0xff,0x62,0x00,0x00,
    0x00,0x00,0x00,0x00,0x00,0x00,0x11,0xf3,0xff,0xff,0xff,0x90,0x1e,0xff,0xff,0xff,
    0xfa,0x0b,0x00,0x00,0x00,0x00,0x00,0x00,0x00,0x00,0x00,0xa4,0xff,0xff,0xff,0x90,
    0x45,0xff,0xff,0xff,0xd1,0x00,0x00,0x00,0x00,0x00,0x00,0x00,0x00,0x00,0x00,0x6e,
    0xff,0xff,0xff,0x90,0x56,0xff,0xff,0xff,0xbb,0x00,0x00,0x00,0x00,0x00,0x00,0x00,
    0x00,0x00,0x00,0x58,0xff,0xff,0xff,0x90,0x56,0xff,0xff,0xff,0xbc,0x00,0x00,0x00,
    0x00,0x00,0x00,0x00,0x00,0x00,0x00,0x59,0xff,0xff,0xff,0x90,0x45,0xff,0xff,0xff,
    0xd1,0x00,0x00,0x00,0x00,0x00,0x00,0x00,0x00,0x00,0x00,0x6f,0xff,0xff,0xff,0x90,
    0x1e,0xff,0xff,0xff,0xfb,0x0b,0x00,0x00,0x00,0x00,0x00,0x00,0x00,0x00,0x00,0xa4,
    0xff,0xff,0xff,0x90,0x00,0xe1,0xff,0xff,0xff,0x63,0x00,0x00,0x00,0x00,0x00,0x00,
    0x00,0x00,0x11,0xf3,0xff,0xff,0xff,0x90,0x00,0x89,0xff,0xff,0xff,0xe6,0x15,0x00,
    0x00,0x00,0x00,0x00,0x00,0x01,0xa7,0xff,0xff,0xff,0xff,0x90,0x00,0x1a,0xf4,0xff,
    0xff,0xff,0xd6,0x30,0x00,0x00,0x00,0x00,0x1d,0xb1,0xff,0xff,0xff,0xff,0xff,0x90,
    0x00,0x00,0x6c,0xff,0xff,0xff,0xff,0xfd,0xc6,0x98,0x95,0xbc,0xf9,0xff,0xff,0xf7,
    0xff,0xff,0xff,0x90,0x00,0x00,0x00,0x91,0xff,0xff,0xff,0xff,0xff,0xff,0xff,0xff,
    0xff,0xff,0xe5,0x6d,0xff,0xff,0xff,0x90,0x00,0x00,0x00,0x00,0x6a,0xf2,0xff,0xff,
    0xff,0xff,0xff,0xff,0xff,0xc7,0x25,0x50,0xff,0xff,0xff,0x90,0x00,0x00,0x00,0x00,
    0x00,0x13,0x78,0xc5,0xf0,0xf9,0xe0,0xaf,0x54,0x02,0x00,0x50,0xff,0xff,0xff,0x90,
    0x00,0x00,0x00,0x00,0x00,0x00,0x00,0x00,0x00,0x00,0x00,0x00,0x00,0x00,0x00,0x50,
    0xff,0xff,0xff,0x90,0x00,0x00,0x00,0x00,0x00,0x00,0x00,0x00,0x00,0x00,0x00,0x00,
    0x00,0x00,0x00,0x50,0xff,0xff,0xff,0x90,0x00,0x00,0x00,0x00,0x00,0x00,0x00,0x00,
    0x00,0x00,0x00,0x00,0x00,0x00,0x00,0x50,0xff,0xff,0xff,0x90,0x00,0x00,0x00,0x00,
    0x00,0x00,0x00,0x00,0x00,0x00,0x00,0x00,0x00,0x00,0x00,0x50,0xff,0xff,0xff,0x90,
    0x00,0x00,0x00,0x00,0x00,0x00,0x00,0x00,0x00,0x00,0x00,0x00,0x00,0x00,0x00,0x50,
    0xff,0xff,0xff,0x90,0x00,0x00,0x00,0x00,0x00,0x00,0x00,0x00,0x00,0x00,0x00,0x00,
    0x00,0x00,0x00,0x50,0xff,0xff,0xff,0x90,0x00,0x00,0x00,0x00,0x00,0x00,0x00,0x00,
    0x00,0x00,0x00,0x00,0x00,0x00,0x00,0x50,0xff,0xff,0xff,0x90,0x00,0x00,0x00,0x00,
    0x00,0x00,0x00,0x00,0x00,0x00,0x00,0x00,0x00,0x00,0x00,0x50,0xff,0xff,0xff,0x90,
    0x00,0x00,0x00,0x00,0x00,0x00,0x00,0x00,0x00,0x00,0x00,0x00,0x00,0x00,0x00,0x50,
    0xff,0xff,0xff,0x90,0x38,0xff,0xff,0xff,0x41,0x00,0x0f,0x7a,0xd2,0xf4,0xee,0xd3,
    0x88,0x38,0xff,0xff,0xff,0x4e,0x20,0xda,0xff,0xff,0xff,0xff,0xff,0x94,0x38,0xff,
    0xff,0xff,0x64,0xd4,0xff,0xff,0xff,0xff,0xff,0xfe,0x27,0x38,0xff,0xff,0xff,0xde,
    0xff,0xff,0xf2,0xa6,0x88,0xa7,0xad,0x00,0x38,0xff,0xff,0xff,0xff,0xff,0xbe,0x16,
    0x00,0x00,0x00,0x00,0x00,0x38,0xff,0xff,0xff,0xff,0xdd,0x0b,0x00,0x00,0x00,0x00,
    0x00,0x00,0x38,0xff,0xff,0xff,0xff,0x5c,0x00,0x00,0x00,0x00,0x00,0x00,0x00,0x38,
    0xff,0xff,0xff,0xfb,0x0a,0x00,0x00,0x00,0x00,0x00,0x00,0x00,0x38,0xff,0xff,0xff,
    0xd2,0x00,0x00,0x00,0x00,0x00,0x00,0x00,0x00,0x38,0xff,0xff,0xff,0xba,0x00,0x00,
    0x00,0x00,0x00,0x00,0x00,0x00,0x38,0xff,0xff,0xff,0xb0,0x00,0x00,0x00,0x00,0x00,
    0x00,0x00,0x00,0x38,0xff,0xff,0xff,0xb0,0x00,0x00,0x00,0x00,0x00,0x00,0x00,0x00,
    0x38,0xff,0xff,0xff,0xb0,0x00,0x00,0x00,0x00,0x00,0x00,0x00,0x00,0x38,0xff,0xff,
    0xff,0xb0,0x00,0x00,0x00,0x00,0x00,0x00,0x00,0x00,0x38,0xff,0xff,0xff,0xb0,0x00,
    0x00,0x00,0x00,0x00,0x00,0x00,0x00,0x38,0xff,0xff,0xff,0xb0,0x00,0x00,0x00,0x00,
    0x00,0x00,0x00,0x00,0x38,0xff,0xff,0xff,0xb0,0x00,0x00,0x00,0x00,0x00,0x00,0x00,
    0x00,0x38,0xff,0xff,0xff,0xb0,0x00,0x00,0x00,0x00,0x00,0x00,0x00,0x00,0x38,0xff,
    0xff,0xff,0xb0,0x00,0x00,0x00,0x00,0x00,0x00,0x00,0x00,0x38,0xff,0xff,0xff,0xb0,
    0x00,0x00,0x00,0x00,0x00,0x00,0x00,0x00,0x00,0x00,0x00,0x00,0x02,0x54,0xa4,0xdb,
    0xf2,0xf9,0xe4,0xb6,0x66,0x09,0x00,0x00,0x00,0x00,0x00,0x00,0x31,0xd1,0xff,0xff,
    0xff,0xff,0xff,0xff,0xff,0xff,0xe5,0x44,0x00,0x00,0x00,0x00,0x2d,0xee,0xff,0xff,
    0xff,0xff,0xff,0xff,0xff,0xff,0xff,0xff,0xfa,0x44,0x00,0x00,0x00,0xc2,0xff,0xff,
    0xff,0xf0,0x9a,0x70,0x73,0x9c,0xf1,0xff,0xff,0xff,0xe2,0x05,0x00,0x27,0xff,0xff,
    0xff,0xef,0x22,0x00,0x00,0x00,0x00,0x12,0xba,0xff,0xff,0xb8,0x14,0x00,0x4e,0xff,
    0xff,0xff,0xb6,0x00,0x00,0x00,0x00,0x00,0x00,0x0d,0xb3,0x45,0x00,0x00,0x00,0x44,
    0xff,0xff,0xff,0xe5,0x0f,0x00,0x00,0x00,0x00,0x00,0x00,0x00,0x00,0x00,0x00,0x00,
    0x13,0xf5,0xff,0xff,0xff,0xda,0x5a,0x0a,0x00,0x00,0x00,0x00,0x00,0x00,0x00,0x00,
    0x00,0x00,0x71,0xff,0xff,0xff,0xff,0xff,0xf6,0xb5,0x6a,0x20,0x00,0x00,0x00,0x00,
    0x00,0x00,0x00,0x00,0x63,0xed,0xff,0xff,0xff,0xff,0xff,0xff,0xff,0xc8,0x5e,0x02,
    0x00,0x00,0x00,0x00,0x00,0x00,0x0d,0x61,0xb5,0xf6,0xff,0xff,0xff,0xff,0xff,0xff,
    0xc2,0x10,0x00,0x00,0x00,0x00,0x00,0x00,0x00,0x00,0x09,0x4b,0x99,0xed,0xff,0xff,
    0xff,0xff,0xb7,0x00,0x00,0x00,0x00,0x00,0x00,0x00,0x00,0x00,0x00,0x00,0x0a,0x86,
    0xff,0xff,0xff,0xff,0x36,0x00,0x00,0x00,0x34,0x01,0x00,0x00,0x00,0x00,0x00,0x00,
    0x00,0xb8,0xff,0xff,0xff,0x66,0x00,0x23,0xab,0xff,0x63,0x00,0x00,0x00,0x00,0x00,
    0x00,0x00,0x9a,0xff,0xff,0xff,0x70,0x03,0xe8,0xff,0xff,0xf7,0x56,0x00,0x00,0x00,
    0x00,0x00,0x1d,0xe7,0xff,0xff,0xff,0x48,0x00,0x7c,0xff,0xff,0xff,0xff,0xcc,0x7d,
    0x5f,0x64,0x90,0xee,0xff,0xff,0xff,0xe3,0x05,0x00,0x05,0xb7,0xff,0xff,0xff,0xff,
    0xff,0xff,0xff,0xff,0xff,0xff,0xff,0xf9,0x45,0x00,0x00,0x00,0x06,0x8a,0xfa,0xff,
    0xff,0xff,0xff,0xff,0xff,0xff,0xff,0xe1,0x42,0x00,0x00,0x00,0x00,0x00,0x00,0x1e,
    0x7d,0xc0,0xe9,0xfa,0xf7,0xe1,0xb0,0x61,0x09,0x00,0x00,0x00,0x00,0x00,0x00,0x28,
    0x80,0x80,0x80,0x48,0x00,0x00,0x00,0x00,0x00,0x00,0x00,0x00,0x00,0x00,0x50,0xff,
    0xff,0xff,0x90,0x00,0x00,0x00,0x00,0x00,0x00,0x00,0x00,0x00,0x00,0x50,0xff,0xff,
    0xff,0x90,0x00,0x00,0x00,0x00,0x00,0x00,0x00,0x00,0x00,0x00,0x50,0xff,0xff,0xff,
    0x90,0x00,0x00,0x00,0x00,0x00,0x00,0x00,0x00,0x00,0x00,0x50,0xff,0xff,0xff,0x90,
    0x00,0x00,0x00,0x00,0x00,0x00,0x00,0x00,0x00,0x00,0x50,0xff,0xff,0xff,0x90,0x00,
    0x00,0x00,0x00,0x00,0x00,0x00,0xa8,0xff,0xff,0xff,0xff,0xff,0xff,0xff,0xff,0xff,
    0xff,0xff,0xff,0x60,0x00,0xa8,0xff,0xff,0xff,0xff,0xff,0xff,0xff,0xff,0xff,0xff,
    0xff,0xff,0x60,0x00,0xa8,0xff,0xff,0xff,0xff,0xff,0xff,0xff,0xff,0xff,0xff,0xff,
    0xff,0x60,0x00,0x34,0x50,0x50,0x87,0xff,0xff,0xff,0xb3,0x50,0x50,0x50,0x50,0x50,
    0x1e,0x00,0x00,0x00,0x00,0x50,0xff,0xff,0xff,0x90,0x00,0x00,0x00,0x00,0x00,0x00,
    0x00,0x00,0x00,0x00,0x50,0xff,0xff,0xff,0x90,0x00,0x00,0x00,0x00,0x00,0x00,0x00,
    0x00,0x00,0x00,0x50,0xff,0xff,0xff,0x90,0x00,0x00,0x00,0x00,0x00,0x00,0x00,0x00,
    0x00,0x00,0x50,0xff,0xff,0xff,0x90,0x00,0x00,0x00,0x00,0x00,0x00,0x00,0x00,0x00,
    0x00,0x50,0xff,0xff,0xff,0x90,0x00,0x00,0x00,0x00,0x00,0x00,0x00,0x00,0x00,0x00,
    0x50,0xff,0xff,0xff,0x90,0x00,0x00,0x00,0x00,0x00,0x00,0x00,0x00,0x00,0x00,0x50,
    0xff,0xff,0xff,0x90,0x00,0x00,0x00,0x00,0x00,0x00,0x00,0x00,0x00,0x00,0x50,0xff,
    0xff,0xff,0x90,0x00,0x00,0x00,0x00,0x00,0x00,0x00,0x00,0x00,0x00,0x50,0xff,0xff,
    0xff,0x92,0x00,0x00,0x00,0x00,0x00,0x00,0x00,0x00,0x00,0x00,0x48,0xff,0xff,0xff,
    0xa3,0x00,0x00,0x00,0x00,0x00,0x00,0x00,0x00,0x00,0x00,0x37,0xff,0xff,0xff,0xdb,
    0x00,0x00,0x00,0x00,0x00,0x00,0x00,0x00,0x00,0x00,0x0e,0xfd,0xff,0xff,0xff,0x65,
    0x00,0x00,0x00,0x08,0x0a,0x00,0x00,0x00,0x00,0x00,0xc5,0xff,0xff,0xff,0xff,0xb6,
    0x8a,0xa3,0xea,0x77,0x00,0x00,0x00,0x00,0x00,0x4b,0xff,0xff,0xff,0xff,0xff,0xff,
    0xff,0xff,0xe4,0x05,0x00,0x00,0x00,0x00,0x00,0x71,0xfb,0xff,0xff,0xff,0xff,0xff,
    0xff,0xff,0x4e,0x00,0x00,0x00,0x00,0x00,0x00,0x2c,0x98,0xda,0xf7,0xf9,0xe3,0xaf,
    0x53,0x01,0x7c,0xff,0xff,0xff,0x64,0x00,0x00,0x00,0x00,0x00,0x00,0x00,0x00,0x58,
    0xff,0xff,0xff,0x90,0x7c,0xff,0xff,0xff,0x64,0x00,0x00,0x00,0x00,0x00,0x00,0x00,
    0x00,0x58,0xff,0xff,0xff,0x90,0x7c,0xff,0xff,0xff,0x64,0x00,0x00,0x00,0x00,0x00,
    0x00,0x00,0x00,0x58,0xff,0xff,0xff,0x90,0x7c,0xff,0xff,0xff,0x64,0x00,0x00,0x00,
    0x00,0x00,0x00,0x00,0x00,0x58,0xff,0xff,0xff,0x90,0x7c,0xff,0xff,0xff,0x64,0x00,
    0x00,0x00,0x00,0x00,0x00,0x00,0x00,0x58,0xff,0xff,0xff,0x90,0x7c,0xff,0xff,0xff,
    0x64,0x00,0x00,0x00,0x00,0x00,0x00,0x00,0x00,0x58,0xff,0xff,0xff,0x90,0x7c,0xff,
    0xff,0xff,0x64,0x00,0x00,0x00,0x00,0x00,0x00,0x00,0x00,0x58,0xff,0xff,0xff,0x90,
    0x7c,0xff,0xff,0xff,0x64,0x00,0x00,0x00,0x00,0x00,0x00,0x00,0x00,0x58,0xff,0xff,
    0xff,0x90,0x7c,0xff,0xff,0xff,0x64,0x00,0x00,0x00,0x00,0x00,0x00,0x00,0x00,0x58,
    0xff,0xff,0xff,0x90,0x7c,0xff,0xff,0xff,0x64,0x00,0x00,0x00,0x00,0x00,0x00,0x00,
    0x00,0x58,0xff,0xff,0xff,0x90,0x7c,0xff,0xff,0xff,0x64,0x00,0x00,0x00,0x00,0x00,
    0x00,0x00,0x00,0x59,0xff,0xff,0xff,0x90,0x7b,0xff,0xff,0xff,0x6c,0x00,0x00,0x00,
    0x00,0x00,0x00,0x00,0x00,0x67,0xff,0xff,0xff,0x90,0x73,0xff,0xff,0xff,0x87,0x00,
    0x00,0x00,0x00,0x00,0x00,0x00,0x00,0x91,0xff,0xff,0xff,0x90,0x61,0xff,0xff,0xff,
    0xc0,0x00,0x00,0x00,0x00,0x00,0x00,0x00,0x04,0xe1,0xff,0xff,0xff,0x90,0x35,0xff,
    0xff,0xff,0xfd,0x2a,0x00,0x00,0x00,0x00,0x00,0x00,0x7d,0xff,0xff,0xff,0xff,0x90,
    0x05,0xed,0xff,0xff,0xff,0xd2,0x1b,0x00,0x00,0x00,0x08,0x85,0xfe,0xff,0xff,0xff,
    0xff,0x90,0x00,0x87,0xff,0xff,0xff,0xff,0xf4,0xad,0x91,0xa7,0xea,0xff,0xff,0xdd,
    0xff,0xff,0xff,0x90,0x00,0x0b,0xd9,0xff,0xff,0xff,0xff,0xff,0xff,0xff,0xff,0xff,
    0xf0,0x2d,0xff,0xff,0xff,0x90,0x00,0x00,0x1d,0xd1,0xff,0xff,0xff,0xff,0xff,0xff,
    0xff,0xd9,0x2f,0x00,0xf8,0xff,0xff,0x90,0x00,0x00,0x00,0x04,0x64,0xbb,0xeb,0xfa,
    0xe3,0xbb,0x62,0x0a,0x00,0x00,0xeb,0xff,0xff,0x90,0x7f,0xff,0xff,0xff,0xe5,0x03,
    0x00,0x00,0x00,0x00,0x00,0x00,0x00,0x00,0x00,0x57,0xff,0xff,0xff,0xb3,0x19,0xfa,
    0xff,0xff,0xff,0x4b,0x00,0x00,0x00,0x00,0x00,0x00,0x00,0x00,0x00,0xb3,0xff,0xff,
    0xff,0x4c,0x00,0xa9,0xff,0xff,0xff,0xae,0x00,0x00,0x00,0x00,0x00,0x00,0x00,0x00,
    0x15,0xfb,0xff,0xff,0xe2,0x02,0x00,0x3e,0xff,0xff,0xff,0xfa,0x16,0x00,0x00,0x00,
    0x00,0x00,0x00,0x00,0x6d,0xff,0xff,0xff,0x7d,0x00,0x00,0x00,0xd2,0xff,0xff,0xff,
    0x74,0x00,0x00,0x00,0x00,0x00,0x00,0x00,0xca,0xff,0xff,0xfb,0x19,0x00,0x00,0x00,
    0x68,0xff,0xff,0xff,0xd7,0x00,0x00,0x00,0x00,0x00,0x00,0x27,0xff,0xff,0xff,0xad,
    0x00,0x00,0x00,0x00,0x0b,0xf1,0xff,0xff,0xff,0x3a,0x00,0x00,0x00,0x00,0x00,0x84,
    0xff,0xff,0xff,0x46,0x00,0x00,0x00,0x00,0x00,0x92,0xff,0xff,0xff,0x9d,0x00,0x00,
    0x00,0x00,0x01,0xdf,0xff,0xff,0xdd,0x01,0x00,0x00,0x00,0x00,0x00,0x28,0xff,0xff,
    0xff,0xf3,0x0c,0x00,0x00,0x00,0x3e,0xff,0xff,0xff,0x77,0x00,0x00,0x00,0x00,0x00,
    0x00,0x00,0xbc,0xff,0xff,0xff,0x63,0x00,0x00,0x00,0x9b,0xff,0xff,0xf9,0x15,0x00,
    0x00,0x00,0x00,0x00,0x00,0x00,0x51,0xff,0xff,0xff,0xc5,0x00,0x00,0x08,0xf0,0xff,
    0xff,0xa7,0x00,0x00,0x00,0x00,0x00,0x00,0x00,0x00,0x03,0xe2,0xff,0xff,0xff,0x29,
    0x00,0x55,0xff,0xff,0xff,0x40,0x00,0x00,0x00,0x00,0x00,0x00,0x00,0x00,0x00,0x7b,
    0xff,0xff,0xff,0x8b,0x00,0xb2,0xff,0xff,0xd8,0x00,0x00,0x00,0x00,0x00,0x00,0x00,
    0x00,0x00,0x00,0x16,0xf9,0xff,0xff,0xe9,0x19,0xfa,0xff,0xff,0x71,0x00,0x00,0x00,
    0x00,0x00,0x00,0x00,0x00,0x00,0x00,0x00,0xa5,0xff,0xff,0xff,0xbb,0xff,0xff,0xf7,
    0x12,0x00,0x00,0x00,0x00,0x00,0x00,0x00,0x00,0x00,0x00,0x00,0x3a,0xff,0xff,0xff,
    0xff,0xff,0xff,0xa1,0x00,0x00,0x00,0x00,0x00,0x00,0x00,0x00,0x00,0x00,0x00,0x00,
    0x00,0xce,0xff,0xff,0xff,0xff,0xff,0x3a,0x00,0x00,0x00,0x00,0x00,0x00,0x00,0x00,
    0x00,0x00,0x00,0x00,0x00,0x64,0xff,0xff,0xff,0xff,0xd2,0x00,0x00,0x00,0x00,0x00,
    0x00,0x00,0x00,0x00,0x00,0x00,0x00,0x00,0x00,0x0a,0xef,0xff,0xff,0xff,0x6b,0x00,
    0x00,0x00,0x00,0x00,0x00,0x00,0x00,0x00,0x00,0x00,0x00,0x00,0x00,0x00,0x8e,0xff,
    0xff,0xf4,0x0e,0x00,0x00,0x00,0x00,0x00,0x00,0x00,0x86,0xff,0xff,0xff,0x8a,0x00,
    0x00,0x00,0x00,0x00,0x00,0x00,0x00,0x84,0xff,0xff,0xf0,0x07,0x00,0x00,0x00,0x00,
    0x00,0x00,0x00,0x11,0xfb,0xff,0xff,0xa6,0x27,0xff,0xff,0xff,0xe0,0x00,0x00,0x00,
    0x00,0x00,0x00,0x00,0x00,0xd4,0xff,0xff,0xff,0x4e,0x00,0x00,0x00,0x00,0x00,0x00,
    0x00,0x5d,0xff,0xff,0xff,0x4c,0x00,0xca,0xff,0xff,0xff,0x38,0x00,0x00,0x00,0x00,
    0x00,0x00,0x23,0xff,0xff,0xff,0xff,0xa5,0x00,0x00,0x00,0x00,0x00,0x00,0x00,0xae,
    0xff,0xff,0xed,0x05,0x00,0x6c,0xff,0xff,0xff,0x8e,0x00,0x00,0x00,0x00,0x00,0x00,
    0x73,0xff,0xff,0xff,0xff,0xf3,0x09,0x00,0x00,0x00,0x00,0x00,0x09,0xf5,0xff,0xff,
    0x98,0x00,0x00,0x13,0xfa,0xff,0xff,0xe3,0x01,0x00,0x00,0x00,0x00,0x00,0xc3,0xff,
    0xff,0xff,0xff,0xff,0x53,0x00,0x00,0x00,0x00,0x00,0x50,0xff,0xff,0xff,0x3e,0x00,
    0x00,0x00,0xb0,0xff,0xff,0xff,0x3c,0x00,0x00,0x00,0x00,0x14,0xfd,0xff,0xff,0xff,
    0xff,0xff,0xaa,0x00,0x00,0x00,0x00,0x00,0xa1,0xff,0xff,0xe2,0x01,0x00,0x00,0x00,
    0x52,0xff,0xff,0xff,0x92,0x00,0x00,0x00,0x00,0x62,0xff,0xff,0xf6,0xcb,0xff,0xff,
    0xf5,0x0b,0x00,0x00,0x00,0x04,0xed,0xff,0xff,0x8a,0x00,0x00,0x00,0x00,0x06,0xed,
    0xff,0xff,0xe6,0x02,0x00,0x00,0x00,0xb2,0xff,0xff,0xaa,0x65,0xff,0xff,0xff,0x58,
    0x00,0x00,0x00,0x43,0xff,0xff,0xff,0x30,0x00,0x00,0x00,0x00,0x00,0x96,0xff,0xff,
    0xff,0x40,0x00,0x00,0x0a,0xf6,0xff,0xff,0x51,0x10,0xf8,0xff,0xff,0xb0,0x00,0x00,
    0x00,0x94,0xff,0xff,0xd6,0x00,0x00,0x00,0x00,0x00,0x00,0x38,0xff,0xff,0xff,0x96,
    0x00,0x00,0x51,0xff,0xff,0xf1,0x07,0x00,0xab,0xff,0xff,0xf8,0x0e,0x00,0x01,0xe3,
    0xff,0xff,0x7c,0x00,0x00,0x00,0x00,0x00,0x00,0x00,0xd9,0xff,0xff,0xe9,0x03,0x00,
    0xa0,0xff,0xff,0xa0,0x00,0x00,0x4e,0xff,0xff,0xff,0x5e,0x00,0x36,0xff,0xff,0xff,
    0x23,0x00,0x00,0x00,0x00,0x00,0x00,0x00,0x7c,0xff,0xff,0xff,0x44,0x03,0xec,0xff,
    0xff,0x48,0x00,0x00,0x05,0xeb,0xff,0xff,0xb5,0x00,0x87,0xff,0xff,0xc8,0x00,0x00,
    0x00,0x00,0x00,0x00,0x00,0x00,0x1f,0xfe,0xff,0xff,0x9a,0x40,0xff,0xff,0xeb,0x04,
    0x00,0x00,0x00,0x94,0xff,0xff,0xfa,0x12,0xd7,0xff,0xff,0x6e,0x00,0x00,0x00,0x00,
    0x00,0x00,0x00,0x00,0x00,0xc0,0xff,0xff,0xec,0x94,0xff,0xff,0x97,0x00,0x00,0x00,
    0x00,0x38,0xff,0xff,0xff,0x8b,0xff,0xff,0xfc,0x17,0x00,0x00,0x00,0x00,0x00,0x00,
    0x00,0x00,0x00,0x62,0xff,0xff,0xff,0xfa,0xff,0xff,0x3e,0x00,0x00,0x00,0x00,0x00,
    0xda,0xff,0xff,0xfd,0xff,0xff,0xba,0x00,0x00,0x00,0x00,0x00,0x00,0x00,0x00,0x00,
    0x00,0x0d,0xf6,0xff,0xff,0xff,0xff,0xe4,0x01,0x00,0x00,0x00,0x00,0x00,0x7e,0xff,
    0xff,0xff,0xff,0xff,0x60,0x00,0x00,0x00,0x00,0x00,0x00,0x00,0x00,0x00,0x00,0x00,
    0xa6,0xff,0xff,0xff,0xff,0x8d,0x00,0x00,0x00,0x00,0x00,0x00,0x22,0xff,0xff,0xff,
    0xff,0xf7,0x0e,0x00,0x00,0x00,0x00,0x00,0x00,0x00,0x00,0x00,0x00,0x00,0x48,0xff,
    0xff,0xff,0xff,0x35,0x00,0x00,0x00,0x00,0x00,0x00,0x00,0xc4,0xff,0xff,0xff,0xac,
    0x00,0x00,0x00,0x00,0x00,0x00,0x00,0x00,0x00,0x00,0x00,0x00,0x03,0xe6,0xff,0xff,
    0xdc,0x00,0x00,0x00,0x00,0x00,0x00,0x00,0x00,0x67,0xff,0xff,0xff,0x52,0x00,0x00,
    0x00,0x00,0x00,0x00,0x00,0x00,0x00,0x00,0x00,0x00,0x00,0x8b,0xff,0xff,0x84,0x00,
    0x00,0x00,0x00,0x00,0x00,0x00,0x00,0x11,0xf9,0xff,0xf1,0x07,0x00,0x00,0x00,0x00,
    0x00,0x00,0x4d,0xff,0xff,0xff,0xff,0x66,0x00,0x00,0x00,0x00,0x00,0x00,0x00,0x00,
    0xa7,0xff,0xff,0xff,0xb6,0x01,0x00,0x95,0xff,0xff,0xff,0xf5,0x26,0x00,0x00,0x00,
    0x00,0x00,0x00,0x5f,0xff,0xff,0xff,0xe7,0x16,0x00,0x00,0x09,0xd5,0xff,0xff,0xff,
    0xcb,0x05,0x00,0x00,0x00,0x00,0x23,0xf2,0xff,0xff,0xfe,0x46,0x00,0x00,0x00,0x00,
    0x2e,0xf8,0xff,0xff,0xff,0x85,0x00,0x00,0x00,0x04,0xc9,0xff,0xff,0xff,0x8b,0x00,
    0x00,0x00,0x00,0x00,0x00,0x70,0xff,0xff,0xff,0xfd,0x3d,0x00,0x00,0x86,0xff,0xff,
    0xff,0xcc,0x06,0x00,0x00,0x00,0x00,0x00,0x00,0x01,0xb8,0xff,0xff,0xff,0xe0,0x0f,
    0x3f,0xfd,0xff,0xff,0xf3,0x25,0x00,0x00,0x00,0x00,0x00,0x00,0x00,0x00,0x18,0xea,
    0xff,0xff,0xff,0xad,0xe2,0xff,0xff,0xff,0x60,0x00,0x00,0x00,0x00,0x00,0x00,0x00,
    0x00,0x00,0x00,0x4b,0xff,0xff,0xff,0xff,0xff,0xff,0xff,0xa7,0x00,0x00,0x00,0x00,
    0x00,0x00,0x00,0x00,0x00,0x00,0x00,0x00,0x94,0xff,0xff,0xff,0xff,0xff,0xdf,0x0f,
    0x00,0x00,0x00,0x00,0x00,0x00,0x00,0x00,0x00,0x00,0x00,0x00,0x08,0xd4,0xff,0xff,
    0xff,0xfc,0x39,0x00,0x00,0x00,0x00,0x00,0x00,0x00,0x00,0x00,0x00,0x00,0x00,0x00,
    0x01,0xbb,0xff,0xff,0xff,0xff,0x4b,0x00,0x00,0x00,0x00,0x00,0x00,0x00,0x00,0x00,
    0x00,0x00,0x00,0x00,0x77,0xff,0xff,0xff,0xff,0xff,0xe9,0x17,0x00,0x00,0x00,0x00,
    0x00,0x00,0x00,0x00,0x00,0x00,0x00,0x36,0xfa,0xff,0xff,0xff,0xff,0xff,0xff,0xb7,
    0x01,0x00,0x00,0x00,0x00,0x00,0x00,0x00,0x00,0x00,0x0e,0xdd,0xff,0xff,0xff,0x74,
    0xef,0xff,0xff,0xff,0x6e,0x00,0x00,0x00,0x00,0x00,0x00,0x00,0x00,0x00,0xa5,0xff,
    0xff,0xff,0xa5,0x00,0x5b,0xff,0xff,0xff,0xf8,0x2d,0x00,0x00,0x00,0x00,0x00,0x00,
    0x00,0x61,0xff,0xff,0xff,0xe1,0x0f,0x00,0x00,0xaa,0xff,0xff,0xff,0xd4,0x08,0x00,
    0x00,0x00,0x00,0x00,0x26,0xf4,0xff,0xff,0xfd,0x3f,0x00,0x00,0x00,0x13,0xe6,0xff,
    0xff,0xff,0x93,0x00,0x00,0x00,0x00,0x06,0xce,0xff,0xff,0xff,0x89,0x00,0x00,0x00,
    0x00,0x00,0x4a,0xff,0xff,0xff,0xff,0x4b,0x00,0x00,0x00,0x90,0xff,0xff,0xff,0xcf,
    0x06,0x00,0x00,0x00,0x00,0x00,0x00,0x99,0xff,0xff,0xff,0xe9,0x17,0x00,0x4b,0xff,
    0xff,0xff,0xf7,0x2a,0x00,0x00,0x00,0x00,0x00,0x00,0x00,0x0b,0xdc,0xff,0xff,0xff,
    0xb7,0x01,0x9b,0xff,0xff,0xff,0xd4,0x00,0x00,0x00,0x00,0x00,0x00,0x00,0x00,0x00,
    0x00,0x2e,0xff,0xff,0xff,0xdb,0x01,0x30,0xff,0xff,0xff,0xff,0x37,0x00,0x00,0x00,
    0x00,0x00,0x00,0x00,0x00,0x00,0x8c,0xff,0xff,0xff,0x77,0x00,0x00,0xc5,0xff,0xff,
    0xff,0x9a,0x00,0x00,0x00,0x00,0x00,0x00,0x00,0x00,0x03,0xe6,0xff,0xff,0xfa,0x17,
    0x00,0x00,0x5b,0xff,0xff,0xff,0xf2,0x0a,0x00,0x00,0x00,0x00,0x00,0x00,0x00,0x46,
    0xff,0xff,0xff,0xac,0x00,0x00,0x00,0x06,0xe9,0xff,0xff,0xff,0x5f,0x00,0x00,0x00,
    0x00,0x00,0x00,0x00,0xa3,0xff,0xff,0xff,0x46,0x00,0x00,0x00,0x00,0x85,0xff,0xff,
    0xff,0xc2,0x00,0x00,0x00,0x00,0x00,0x00,0x0b,0xf4,0xff,0xff,0xdf,0x01,0x00,0x00,
    0x00,0x00,0x1e,0xfc,0xff,0xff,0xff,0x25,0x00,0x00,0x00,0x00,0x00,0x5e,0xff,0xff,
    0xff,0x7b,0x00,0x00,0x00,0x00,0x00,0x00,0xb0,0xff,0xff,0xff,0x87,0x00,0x00,0x00,
    0x00,0x00,0xbb,0xff,0xff,0xfb,0x19,0x00,0x00,0x00,0x00,0x00,0x00,0x45,0xff,0xff,
    0xff,0xe6,0x03,0x00,0x00,0x00,0x1a,0xfd,0xff,0xff,0xaf,0x00,0x00,0x00,0x00,0x00,
    0x00,0x00,0x01,0xd9,0xff,0xff,0xff,0x4d,0x00,0x00,0x00,0x75,0xff,0xff,0xff,0x4a,
    0x00,0x00,0x00,0x00,0x00,0x00,0x00,0x00,0x70,0xff,0xff,0xff,0xb0,0x00,0x00,0x00,
    0xd2,0xff,0xff,0xe2,0x02,0x00,0x00,0x00,0x00,0x00,0x00,0x00,0x00,0x10,0xf5,0xff,
    0xff,0xfb,0x17,0x00,0x2f,0xff,0xff,0xff,0x7f,0x00,0x00,0x00,0x00,0x00,0x00,0x00,
    0x00,0x00,0x00,0x9b,0xff,0xff,0xff,0x75,0x00,0x8d,0xff,0xff,0xfc,0x1c,0x00,0x00,
    0x00,0x00,0x00,0x00,0x00,0x00,0x00,0x00,0x30,0xff,0xff,0xff,0xd7,0x03,0xe6,0xff,
    0xff,0xb3,0x00,0x00,0x00,0x00,0x00,0x00,0x00,0x00,0x00,0x00,0x00,0x00,0xc5,0xff,
    0xff,0xff,0x82,0xff,0xff,0xff,0x4e,0x00,0x00,0x00,0x00,0x00,0x00,0x00,0x00,0x00,
    0x00,0x00,0x00,0x5b,0xff,0xff,0xff,0xfd,0xff,0xff,0xe4,0x03,0x00,0x00,0x00,0x00,
    0x00,0x00,0x00,0x00,0x00,0x00,0x00,0x00,0x06,0xe9,0xff,0xff,0xff,0xff,0xff,0x82,
    0x00,0x00,0x00,0x00,0x00,0x00,0x00,0x00,0x00,0x00,0x00,0x00,0x00,0x00,0x85,0xff,
    0xff,0xff,0xff,0xfd,0x1f,0x00,0x00,0x00,0x00,0x00,0x00,0x00,0x00,0x00,0x00,0x00,
    0x00,0x00,0x00,0x1e,0xfc,0xff,0xff,0xff,0xb7,0x00,0x00,0x00,0x00,0x00,0x00,0x00,
    0x00,0x00,0x00,0x00,0x00,0x00,0x00,0x00,0x00,0xb0,0xff,0xff,0xff,0x51,0x00,0x00,
    0x00,0x00,0x00,0x00,0x00,0x00,0x00,0x00,0x00,0x00,0x00,0x00,0x00,0x00,0xb6,0xff,
    0xff,0xe7,0x04,0x00,0x00,0x00,0x00,0x00,0x00,0x00,0x00,0x00,0x00,0x00,0x00,0x00,
    0x00,0x00,0x27,0xfe,0xff,0xff,0x86,0x00,0x00,0x00,0x00,0x00,0x00,0x00,0x00,0x00,
    0x00,0x00,0x00,0x00,0x00,0x00,0x00,0x9a,0xff,0xff,0xfe,0x22,0x00,0x00,0x00,0x00,
    0x00,0x00,0x00,0x00,0x00,0x00,0x00,0x00,0x00,0x00,0x00,0x25,0xfa,0xff,0xff,0xb7,
    0x00,0x00,0x00,0x00,0x00,0x00,0x00,0x00,0x00,0x00,0x00,0x1e,0x02,0x00,0x00,0x11,
    0xc8,0xff,0xff,0xff,0x45,0x00,0x00,0x00,0x00,0x00,0x00,0x00,0x00,0x00,0x00,0x02,
    0xd7,0xd8,0x9c,0x9d,0xe7,0xff,0xff,0xff,0xbf,0x00,0x00,0x00,0x00,0x00,0x00,0x00,
    0x00,0x00,0x00,0x00,0x5b,0xff,0xff,0xff,0xff,0xff,0xff,0xff,0xf3,0x24,0x00,0x00,
    0x00,0x00,0x00,0x00,0x00,0x00,0x00,0x00,0x00,0xc8,0xff,0xff,0xff,0xff,0xff,0xff,
    0xf1,0x44,0x00,0x00,0x00,0x00,0x00,0x00,0x00,0x00,0x00,0x00,0x00,0x00,0x1a,0x8c,
    0xd6,0xf7,0xf7,0xd9,0x92,0x1f,0x00,0x00,0x00,0x00,0x00,0x00,0x00,0x00,0x00,0x00,
    0x00,0x00,0x00,0x2c,0xff,0xff,0xff,0xff,0xff,0xff,0xff,0xff,0xff,0xff,0xff,0xff,
    0xff,0xff,0x7c,0x2c,0xff,0xff,0xff,0xff,0xff,0xff,0xff,0xff,0xff,0xff,0xff,0xff,
    0xff,0xff,0x7c,0x2c,0xff,0xff,0xff,0xff,0xff,0xff,0xff,0xff,0xff,0xff,0xff,0xff,
    0xff,0xfc,0x39,0x07,0x2c,0x2c,0x2c,0x2c,0x2c,0x2c,0x2c,0x2c,0x3b,0xf1,0xff,0xff,
    0xff,0x87,0x00,0x00,0x00,0x00,0x00,0x00,0x00,0x00,0x00,0x00,0xa3,0xff,0xff,0xff,
    0xd2,0x06,0x00,0x00,0x00,0x00,0x00,0x00,0x00,0x00,0x00,0x53,0xff,0xff,0xff,0xf9,
    0x2f,0x00,0x00,0x00,0x00,0x00,0x00,0x00,0x00,0x00,0x18,0xeb,0xff,0xff,0xff,0x79,
    0x00,0x00,0x00,0x00,0x00,0x00,0x00,0x00,0x00,0x00,0xb4,0xff,0xff,0xff,0xc6,0x03,
    0x00,0x00,0x00,0x00,0x00,0x00,0x00,0x00,0x00,0x66,0xff,0xff,0xff,0xf5,0x25,0x00,
    0x00,0x00,0x00,0x00,0x00,0x00,0x00,0x00,0x22,0xf3,0xff,0xff,0xff,0x6b,0x00,0x00,
    0x00,0x00,0x00,0x00,0x00,0x00,0x00,0x02,0xc4,0xff,0xff,0xff,0xbb,0x01,0x00,0x00,
    0x00,0x00,0x00,0x00,0x00,0x00,0x00,0x78,0xff,0xff,0xff,0xf0,0x1c,0x00,0x00,0x00,
    0x00,0x00,0x00,0x00,0x00,0x00,0x2f,0xf9,0xff,0xff,0xff,0x5d,0x00,0x00,0x00,0x00,
    0x00,0x00,0x00,0x00,0x00,0x07,0xd2,0xff,0xff,0xff,0xad,0x00,0x00,0x00,0x00,0x00,
    0x00,0x00,0x00,0x00,0x00,0x8b,0xff,0xff,0xff,0xe9,0x15,0x00,0x00,0x00,0x00,0x00,
    0x00,0x00,0x00,0x00,0x3d,0xfd,0xff,0xff,0xff,0x4f,0x00,0x00,0x00,0x00,0x00,0x00,
    0x00,0x00,0x00,0x0d,0xde,0xff,0xff,0xff,0xc1,0x34,0x34,0x34,0x34,0x34,0x34,0x34,
    0x34,0x34,0x31,0x99,0xff,0xff,0xff,0xff,0xff,0xff,0xff,0xff,0xff,0xff,0xff,0xff,
    0xff,0xff,0xf4,0xd4,0xff,0xff,0xff,0xff,0xff,0xff,0xff,0xff,0xff,0xff,0xff,0xff,
    0xff,0xff,0xf4,0xd4,0xff,0xff,0xff,0xff,0xff,0xff,0xff,0xff,0xff,0xff,0xff,0xff,
    0xff,0xff,0xf4,0x00,0x00,0x00,0x00,0x00,0x00,0x00,0x3d,0x9b,0xd2,0xef,0xfd,0xcc,
    0x00,0x00,0x00,0x00,0x00,0x03,0xa2,0xff,0xff,0xff,0xff,0xff,0xcc,0x00,0x00,0x00,
    0x00,0x00,0x81,0xff,0xff,0xff,0xff,0xff,0xff,0xcc,0x00,0x00,0x00,0x00,0x08,0xef,
    0xff,0xff,0xff,0xfe,0xbb,0x91,0x6c,0x00,0x00,0x00,0x00,0x3b,0xff,0xff,0xff,0xfe,
    0x4c,0x00,0x00,0x00,0x00,0x00,0x00,0x00,0x64,0xff,0xff,0xff,0xc6,0x00,0x00,0x00,
    0x00,0x00,0x00,0x00,0x00,0x74,0xff,0xff,0xff,0x98,0x00,0x00,0x00,0x00,0x00,0x00,
    0x00,0x00,0x7c,0xff,0xff,0xff,0x89,0x00,0x00,0x00,0x00,0x00,0x00,0x00,0x00,0x7c,
    0xff,0xff,0xff,0x88,0x00,0x00,0x00,0x00,0x00,0x00,0x00,0x00,0x7c,0xff,0xff,0xff,
    0x88,0x00,0x00,0x00,0x00,0x00,0x00,0x00,0x00,0x7c,0xff,0xff,0xff,0x88,0x00,0x00,
    0x00,0x00,0x00,0x00,0x00,0x00,0x81,0xff,0xff,0xff,0x86,0x00,0x00,0x00,0x00,0x00,
    0x00,0x00,0x00,0x90,0xff,0xff,0xff,0x7d,0x00,0x00,0x00,0x00,0x00,0x00,0x00,0x00,
    0xbf,0xff,0xff,0xff,0x62,0x00,0x00,0x00,0x00,0x00,0x00,0x00,0x2a,0xfb,0xff,0xff,
    0xff,0x2d,0x00,0x00,0x00,0x00,0x13,0x31,0x6b,0xe8,0xff,0xff,0xff,0xcf,0x00,0x00,
    0x00,0x00,0x00,0x98,0xff,0xff,0xff,0xff,0xff,0xf3,0x34,0x00,0x00,0x00,0x00,0x00,
    0x98,0xff,0xff,0xff,0xfd,0xaf,0x2a,0x00,0x00,0x00,0x00,0x00,0x00,0x98,0xff,0xff,
    0xff,0xff,0xca,0x47,0x00,0x00,0x00,0x00,0x00,0x00,0x98,0xff,0xff,0xff,0xff,0xff,
    0xfb,0x4e,0x00,0x00,0x00,0x00,0x00,0x03,0x14,0x4c,0xd1,0xff,0xff,0xff,0xe8,0x07,
    0x00,0x00,0x00,0x00,0x00,0x00,0x00,0x17,0xf2,0xff,0xff,0xff,0x44,0x00,0x00,0x00,
    0x00,0x00,0x00,0x00,0x00,0xae,0xff,0xff,0xff,0x71,0x00,0x00,0x00,0x00,0x00,0x00,
    0x00,0x00,0x8b,0xff,0xff,0xff,0x83,0x00,0x00,0x00,0x00,0x00,0x00,0x00,0x00,0x7d,
    0xff,0xff,0xff,0x88,0x00,0x00,0x00,0x00,0x00,0x00,0x00,0x00,0x7c,0xff,0xff,0xff,
    0x88,0x00,0x00,0x00,0x00,0x00,0x00,0x00,0x00,0x7c,0xff,0xff,0xff,0x88,0x00,0x00,
    0x00,0x00,0x00,0x00,0x00,0x00,0x7c,0xff,0xff,0xff,0x88,0x00,0x00,0x00,0x00,0x00,
    0x00,0x00,0x00,0x78,0xff,0xff,0xff,0x94,0x00,0x00,0x00,0x00,0x00,0x00,0x00,0x00,
    0x6a,0xff,0xff,0xff,0xbf,0x00,0x00,0x00,0x00,0x00,0x00,0x00,0x00,0x49,0xff,0xff,
    0xff,0xfc,0x43,0x00,0x00,0x00,0x00,0x00,0x00,0x00,0x10,0xf9,0xff,0xff,0xff,0xfe,
    0xba,0x94,0x6f,0x00,0x00,0x00,0x00,0x00,0x98,0xff,0xff,0xff,0xff,0xff,0xff,0xcc,
    0x00,0x00,0x00,0x00,0x00,0x09,0xb8,0xff,0xff,0xff,0xff,0xff,0xcc,0x00,0x00,0x00,
    0x00,0x00,0x00,0x00,0x4a,0xa2,0xd6,0xf2,0xfd,0xcc,0x0e,0xe4,0xe4,0xe4,0x87,0x10,
    0xff,0xff,0xff,0x98,0x10,0xff,0xff,0xff,0x98,0x10,0xff,0xff,0xff,0x98,0x10,0xff,
    0xff,0xff,0x98,0x10,0xff,0xff,0xff,0x98,0x10,0xff,0xff,0xff,0x98,0x10,0xff,0xff,
    0xff,0x98,0x10,0xff,0xff,0xff,0x98,0x10,0xff,0xff,0xff,0x98,0x10,0xff,0xff,0xff,
    0x98,0x10,0xff,0xff,0xff,0x98,0x10,0xff,0xff,0xff,0x98,0x10,0xff,0xff,0xff,0x98,
    0x10,0xff,0xff,0xff,0x98,0x10,0xff,0xff,0xff,0x98,0x10,0xff,0xff,0xff,0x98,0x10,
    0xff,0xff,0xff,0x98,0x10,0xff,0xff,0xff,0x98,0x10,0xff,0xff,0xff,0x98,0x10,0xff,
    0xff,0xff,0x98,0x10,0xff,0xff,0xff,0x98,0x10,0xff,0xff,0xff,0x98,0x10,0xff,0xff,
    0xff,0x98,0x10,0xff,0xff,0xff,0x98,0x10,0xff,0xff,0xff,0x98,0x10,0xff,0xff,0xff,
    0x98,0x10,0xff,0xff,0xff,0x98,0x10,0xff,0xff,0xff,0x98,0x10,0xff,0xff,0xff,0x98,
    0x10,0xff,0xff,0xff,0x98,0x10,0xff,0xff,0xff,0x98,0x10,0xff,0xff,0xff,0x98,0x10,
    0xff,0xff,0xff,0x98,0x10,0xff,0xff,0xff,0x98,0x34,0xff,0xf7,0xe7,0xbd,0x78,0x15,
    0x00,0x00,0x00,0x00,0x00,0x00,0x00,0x34,0xff,0xff,0xff,0xff,0xff,0xed,0x47,0x00,
    0x00,0x00,0x00,0x00,0x00,0x34,0xff,0xff,0xff,0xff,0xff,0xff,0xf3,0x1d,0x00,0x00,
    0x00,0x00,0x00,0x1b,0x88,0xa2,0xdf,0xff,0xff,0xff,0xff,0x87,0x00,0x00,0x00,0x00,
    0x00,0x00,0x00,0x00,0x09,0xb5,0xff,0xff,0xff,0xca,0x00,0x00,0x00,0x00,0x00,0x00,
    0x00,0x00,0x00,0x3b,0xff,0xff,0xff,0xf3,0x00,0x00,0x00,0x00,0x00,0x00,0x00,0x00,
    0x00,0x0d,0xff,0xff,0xff,0xff,0x04,0x00,0x00,0x00,0x00,0x00,0x00,0x00,0x00,0x00,
    0xfd,0xff,0xff,0xff,0x0b,0x00,0x00,0x00,0x00,0x00,0x00,0x00,0x00,0x00,0xfc,0xff,
    0xff,0xff,0x0c,0x00,0x00,0x00,0x00,0x00,0x00,0x00,0x00,0x00,0xfc,0xff,0xff,0xff,
    0x0c,0x00,0x00,0x00,0x00,0x00,0x00,0x00,0x00,0x00,0xfc,0xff,0xff,0xff,0x0c,0x00,
    0x00,0x00,0x00,0x00,0x00,0x00,0x00,0x00,0xfb,0xff,0xff,0xff,0x10,0x00,0x00,0x00,
    0x00,0x00,0x00,0x00,0x00,0x00,0xf2,0xff,0xff,0xff,0x1f,0x00,0x00,0x00,0x00,0x00,
    0x00,0x00,0x00,0x00,0xd7,0xff,0xff,0xff,0x4b,0x00,0x00,0x00,0x00,0x00,0x00,0x00,
    0x00,0x00,0xa2,0xff,0xff,0xff,0xb1,0x00,0x00,0x00,0x00,0x00,0x00,0x00,0x00,0x00,
    0x44,0xff,0xff,0xff,0xff,0xaf,0x4a,0x27,0x04,0x00,0x00,0x00,0x00,0x00,0x00,0x9a,
    0xff,0xff,0xff,0xff,0xff,0xff,0x24,0x00,0x00,0x00,0x00,0x00,0x00,0x01,0x69,0xdd,
    0xff,0xff,0xff,0xff,0x24,0x00,0x00,0x00,0x00,0x00,0x00,0x09,0x8a,0xef,0xff,0xff,
    0xff,0xff,0x24,0x00,0x00,0x00,0x00,0x00,0x05,0xb8,0xff,0xff,0xff,0xff,0xff,0xff,
    0x24,0x00,0x00,0x00,0x00,0x00,0x65,0xff,0xff,0xff,0xfe,0x8f,0x2d,0x0c,0x00,0x00,
    0x00,0x00,0x00,0x00,0xb9,0xff,0xff,0xff,0x99,0x00,0x00,0x00,0x00,0x00,0x00,0x00,
    0x00,0x00,0xe6,0xff,0xff,0xff,0x3d,0x00,0x00,0x00,0x00,0x00,0x00,0x00,0x00,0x00,
    0xf7,0xff,0xff,0xff,0x1a,0x00,0x00,0x00,0x00,0x00,0x00,0x00,0x00,0x00,0xfc,0xff,
    0xff,0xff,0x0d,0x00,0x00,0x00,0x00,0x00,0x00,0x00,0x00,0x00,0xfc,0xff,0xff,0xff,
    0x0c,0x00,0x00,0x00,0x00,0x00,0x00,0x00,0x00,0x00,0xfc,0xff,0xff,0xff,0x0c,0x00,
    0x00,0x00,0x00,0x00,0x00,0x00,0x00,0x00,0xfc,0xff,0xff,0xff,0x0c,0x00,0x00,0x00,
    0x00,0x00,0x00,0x00,0x00,0x09,0xff,0xff,0xff,0xff,0x08,0x00,0x00,0x00,0x00,0x00,
    0x00,0x00,0x00,0x34,0xff,0xff,0xff,0xf9,0x00,0x00,0x00,0x00,0x00,0x00,0x00,0x00,
    0x07,0xad,0xff,0xff,0xff,0xd8,0x00,0x00,0x00,0x00,0x00,0x1c,0x8c,0xa3,0xde,0xff,
    0xff,0xff,0xff,0x99,0x00,0x00,0x00,0x00,0x00,0x34,0xff,0xff,0xff,0xff,0xff,0xff,
    0xfb,0x2b,0x00,0x00,0x00,0x00,0x00,0x34,0xff,0xff,0xff,0xff,0xff,0xf5,0x5b,0x00,
    0x00,0x00,0x00,0x00,0x00,0x34,0xff,0xf9,0xea,0xc2,0x81,0x1e,0x00,0x00,0x00,0x00,
    0x00,0x00,0x00,0x00,0x00,0x00,0x11,0x57,0x70,0x5c,0x15,0x00,0x00,0x00,0x00,0x00,
    0x00,0x01,0x04,0x04,0x03,0x00,0x00,0x6b,0xf6,0xff,0xff,0xff,0xf7,0x66,0x00,0x00,
    0x00,0x00,0x00,0x87,0xff,0xff,0xe9,0x00,0x61,0xff,0xff,0xff,0xff,0xff,0xff,0xff,
    0x73,0x00,0x00,0x00,0x00,0xb8,0xff,0xff,0xd0,0x11,0xef,0xff,0xff,0xff,0xff,0xff,
    0xff,0xff,0xff,0x68,0x00,0x00,0x1f,0xfb,0xff,0xff,0x9b,0x6c,0xff,0xff,0xff,0x8f,
    0x11,0x36,0xd9,0xff,0xff,0xff,0xa3,0x7b,0xda,0xff,0xff,0xff,0x47,0xb2,0xff,0xff,
    0xe9,0x05,0x00,0x00,0x19,0xdc,0xff,0xff,0xff,0xff,0xff,0xff,0xff,0xc8,0x01,0xdd,
    0xff,0xff,0xa6,0x00,0x00,0x00,0x00,0x1e,0xdb,0xff,0xff,0xff,0xff,0xff,0xe9,0x23,
    0x00,0x82,0x8c,0x8c,0x48,0x00,0x00,0x00,0x00,0x00,0x10,0x90,0xe1,0xf9,0xe4,0x99,
    0x19,0x00,0x00,
};

/* -------- 字形描述（按映射段顺序排列） -------- */
static const mui_glyph_dsc_t harmony_os_medium_38_glyphs[] = {
    {0, 164, 0, 0, 0, 0},
    {0, 149, 6, 28, 2, 0},
    {168, 229, 11, 10, 2, 20},
    {278, 401, 25, 28, 0, 0},
    {978, 353, 21, 38, 0, -5},
    {1776, 485, 30, 28, 0, 0},
    {2616, 437, 27, 30, 1, 0},
    {3426, 122, 4, 10, 2, 20},
    {3466, 217, 11, 35, 2, -4},
    {3851, 217, 12, 35, 0, -4},
    {4271, 268, 15, 15, 1, 13},
    {4496, 353, 20, 19, 1, 5},
    {4876, 154, 6, 12, 2, -6},
    {4948, 297, 15, 4, 2, 10},
    {5008, 147, 6, 6, 2, 0},
    {5044, 245, 15, 28, 0, 0},
    {5464, 353, 20, 28, 1, 0},
    {6024, 353, 13, 28, 3, 0},
    {6388, 353, 20, 28, 1, 0},
    {6948, 353, 20, 28, 1, 0},
    {7508, 353, 21, 28, 1, 0},
    {8096, 353, 18, 28, 2, 0},
    {8600, 353, 19, 28, 2, 0},
    {9132, 353, 18, 28, 2, 0},
    {9636, 353, 20, 28, 1, 0},
    {10196, 353, 20, 28, 1, 0},
    {10756, 161, 6, 20, 2, 0},
    {10876, 167, 7, 26, 2, -6},
    {11058, 353, 20, 19, 1, 4},
    {11438, 353, 20, 12, 1, 8},
    {11678, 353, 20, 19, 1, 4},
    {12058, 274, 18, 30, -1, 0},
    {12598, 596, 35, 35, 1, -5},
    {13823, 415, 26, 28, 0, 0},
    {14551, 401, 21, 28, 3, 0},
    {15139, 402, 24, 28, 1, 0},
    {15811, 440, 23, 28, 3, 0},
    {16455, 365, 19, 28, 3, 0},
    {16987, 347, 18, 28, 3, 0},
    {17491, 430, 25, 28, 1, 0},
    {18191, 459, 23, 28, 3, 0},
    {18835, 167, 5, 28, 3, 0},
    {18975, 291, 16, 28, 0, 0},
    {19423, 425, 24, 28, 3, 0},
    {20095, 347, 18, 28, 3, 0},
    {20599, 528, 27, 28, 3, 0},
    {21355, 454, 23, 28, 3, 0},
    {21999, 468, 27, 28, 1, 0},
    {22755, 370, 20, 28, 3, 0},
    {23315, 468, 29, 34, 1, -6},
    {24301, 399, 22, 28, 3, 0},
    {24917, 352, 22, 28, 0, 0},
    {25533, 353, 22, 28, 0, 0},
    {26149, 450, 24, 28, 2, 0},
    {26821, 412, 26, 28, 0, 0},
    {27549, 595, 37, 28, 0, 0},
    {28585, 412, 26, 28, 0, 0},
    {29313, 387, 24, 28, 0, 0},
    {29985, 353, 22, 28, 0, 0},
    {30601, 216, 10, 35, 3, -4},
    {30951, 245, 15, 28, 0, 0},
    {31371, 216, 11, 35, 0, -4},
    {31756, 299, 17, 15, 1, 13},
    {32011, 265, 17, 4, 0, -6},
    {32079, 192, 8, 6, 2, 22},
    {32127, 336, 18, 20, 1, 0},
    {32487, 373, 20, 28, 2, 0},
    {33047, 302, 18, 20, 1, 0},
    {33407, 373, 20, 28, 1, 0},
    {33967, 334, 19, 20, 1, 0},
    {34347, 217, 16, 29, 0, 0},
    {34811, 373, 20, 29, 1, -9},
    {35391, 358, 18, 28, 2, 0},
    {35895, 152, 6, 28, 2, 0},
    {36063, 151, 13, 37, -5, -9},
    {36544, 330, 19, 28, 2, 0},
    {37076, 151, 5, 28, 2, 0},
    {37216, 523, 29, 20, 2, 0},
    {37796, 358, 18, 20, 2, 0},
    {38156, 361, 20, 20, 1, 0},
    {38556, 373, 20, 29, 2, -9},
    {39136, 373, 20, 29, 1, -9},
    {39716, 238, 13, 20, 2, 0},
    {39976, 279, 17, 20, 0, 0},
    {40316, 235, 15, 26, 0, 0},
    {40706, 358, 18, 20, 2, 0},
    {41066, 323, 20, 20, 0, 0},
    {41466, 482, 30, 20, 0, 0},
    {42066, 311, 20, 20, 0, 0},
    {42466, 326, 21, 29, 0, -9},
    {43075, 290, 16, 20, 1, 0},
    {43395, 233, 13, 35, 1, -4},
    {43850, 120, 5, 35, 1, -4},
    {44025, 233, 14, 35, 0, -4},
    {44515, 353, 18, 8, 2, 10},
};

/* -------- 字符映射段 -------- */
static const mui_font_cmap_t harmony_os_medium_38_cmaps[] = {
    {32, 126, 0},
};

const mui_font_t harmony_os_medium_38 = {
    .bitmap = harmony_os_medium_38_bitmap,
    .glyphs = harmony_os_medium_38_glyphs,
    .cmaps = harmony_os_medium_38_cmaps,
    .cmap_count = 1,
    .first_char = 32,
    .last_char = 126,
    .line_height = 42,
    .base_line = 9,
};
